# OpenTelemetry Metrics report: .csv, 4 fields: 
# <metric name>, <period start, nanoseconds>, <period end, nanoseconds>, <metric value>
# See CsvMetricsExporter for details.
# 
# NAME, PERIOD_START_NANOS, PERIOD_END_NANOS, VALUE
workspaceModel.moduleBridge.before.changed.ms,1774282198792000000,1774282258877000000,0
workspaceModel.moduleManagerBridge.new.nonPersistent.module.ms,1774282198792000000,1774282258877000000,0
workspaceModel.mutableEntityStorage.add.entity.ms,1774282198792000000,1774282258877000000,29
workspaceModel.moduleManagerBridge.load.all.modules.ms,1774282198792000000,1774282258877000000,90
jps.app.storage.content.writer.save.component.ms,1774282198792000000,1774282258877000000,8
jps.global.handle.before.change.events.ms,1774282198792000000,1774282258877000000,0
workspaceModel.moduleManagerBridge.build.module.graph.ms,1774282198792000000,1774282258877000000,1
workspaceModel.mutableEntityStorage.to.snapshot.ms,1774282198792000000,1774282258877000000,3
jps.module.iml.entities.serializer.save.entities.ms,1774282198792000000,1774282258877000000,0
workspaceModel.mutableEntityStorage.remove.entity.ms,1774282198792000000,1774282258877000000,0
jps.library.entities.serializer.load.entities.ms,1774282198792000000,1774282258877000000,15
workspaceModel.mutableEntityStorage.entities.ms,1774282198792000000,1774282258877000000,0
workspaceModel.save.cache.to.file.ms,1774282198792000000,1774282258877000000,285
jps.global.handle.changed.events.ms,1774282198792000000,1774282258877000000,0
jps.facet.change.listener.process.change.events.ms,1774282198792000000,1774282258877000000,1
jps.global.get.library.by.name.ms,1774282198792000000,1774282258877000000,0
workspaceModel.mutableEntityStorage.changeLog.addReplaceEventForRemovedParent.ms,1774282198792000000,1774282258877000000,0
workspaceModel.mutableEntityStorage.replace.by.source.ms,1774282198792000000,1774282258877000000,20
jps.project.serializers.load.ms,1774282198792000000,1774282258877000000,76
jps.global.get.libraries.ms,1774282198792000000,1774282258877000000,0
jps.load.project.to.empty.storage.ms,1774282198792000000,1774282258877000000,116
workspaceModel.mutableEntityStorage.mutable.vfurl.index.ms,1774282198792000000,1774282258877000000,0
workspaceModel.load.cache.from.file.ms,1774282198792000000,1774282258877000000,250
jps.storage.jps.conf.reader.load.component.ms,1774282198792000000,1774282258877000000,13
jps.global.initialize.library.bridges.after.loading.ms,1774282198792000000,1774282258877000000,1
workspaceModel.sync.entities.ms,1774282198792000000,1774282258877000000,0
jps.global.get.library.ms,1774282198792000000,1774282258877000000,0
workspaceModel.global.apply.state.to.project.builder.ms,1774282198792000000,1774282258877000000,6
workspaceModel.moduleManagerBridge.newModule.ms,1774282198792000000,1774282258877000000,0
workspaceModel.mutableEntityStorage.put.entity.ms,1774282198792000000,1774282258877000000,7
jps.reload.project.entities.ms,1774282198792000000,1774282258877000000,0
jps.apply.loaded.storage.ms,1774282198792000000,1774282258877000000,19
workspaceModel.moduleBridge.update.option.ms,1774282198792000000,1774282258877000000,0
jps.facet.change.listener.before.change.events.ms,1774282198792000000,1774282258877000000,0
workspaceModel.global.updates.ms,1774282198792000000,1774282258877000000,8
workspaceModel.moduleBridge.facet.initialization.ms,1774282198792000000,1774282258877000000,0
jps.artifact.entities.serializer.save.entities.ms,1774282198792000000,1774282258877000000,0
workspaceModel.delayed.project.synchronizer.sync.ms,1774282198792000000,1774282258877000000,138
workspaceModel.mutableEntityStorage.changeLog.addReplaceEventForNewParent.ms,1774282198792000000,1774282258877000000,0
workspaceModel.moduleManagerBridge.load.module.ms,1774282198792000000,1774282258877000000,0
jps.app.storage.content.reader.load.component.ms,1774282198792000000,1774282258877000000,5
jps.artifact.entities.serializer.load.entities.ms,1774282198792000000,1774282258877000000,1
workspaceModel.moduleBridgeLoader.loading.modules.ms,1774282198792000000,1774282258877000000,2185
workspaceModel.global.updates.count,1774282198792000000,1774282258877000000,1
workspaceModel.orphan.listener.update.ms,1774282198792000000,1774282258877000000,4
workspaceModel.global.apply.state.to.project.ms,1774282198792000000,1774282258877000000,25
workspaceModel.mutableEntityStorage.has.same.entities.ms,1774282198792000000,1774282258877000000,0
workspaceModel.mutableEntityStorage.modify.entity.ms,1774282198792000000,1774282258877000000,3
workspaceModel.mutableEntityStorage.instances.count,1774282198792000000,1774282258877000000,93
jps.module.iml.entities.serializer.load.entities.ms,1774282198792000000,1774282258877000000,118
workspaceModel.mutableEntityStorage.mutable.ext.mapping.ms,1774282198792000000,1774282258877000000,1
workspaceModel.mutableEntityStorage.changeLog.addReplaceEventForRemovedChild.ms,1774282198792000000,1774282258877000000,0
workspaceModel.load.cache.metadata.from.file.ms,1774282198792000000,1774282258877000000,21
workspaceModel.moduleManagerBridge.create.module.instance.ms,1774282198792000000,1774282258877000000,0
workspaceModel.moduleManagerBridge.set.unloadedModules.ms,1774282198792000000,1774282258877000000,0
jps.library.entities.serializer.save.entities.ms,1774282198792000000,1774282258877000000,0
workspaceModel.do.save.caches.ms,1774282198792000000,1774282258877000000,323
jps.save.global.entities.ms,1774282198792000000,1774282258877000000,24
jps.global.initialize.library.bridges.ms,1774282198792000000,1774282258877000000,0
workspaceModel.mutableEntityStorage.collect.changes.ms,1774282198792000000,1774282258877000000,0
workspaceModel.mutableEntityStorage.resolve.ms,1774282198792000000,1774282258877000000,4
workspaceModel.moduleManagerBridge.get.modules.ms,1774282198792000000,1774282258877000000,0
workspaceModel.mutableEntityStorage.referrers.ms,1774282198792000000,1774282258877000000,0
jps.save.changed.project.entities.ms,1774282198792000000,1774282258877000000,1
workspaceModel.mutableEntityStorage.entities.by.source.ms,1774282198792000000,1774282258877000000,1
workspaceModel.mutableEntityStorage.apply.changes.from.ms,1774282198792000000,1774282258877000000,17
jps.module.dependency.index.workspace.model.listener.on.changed.ms,1774282198792000000,1774282258877000000,0
jps.project.serializers.save.ms,1774282198792000000,1774282258877000000,1
workspaceModel.mutableEntityStorage.changeLog.addReplaceEventForNewChild.ms,1774282198792000000,1774282258877000000,1
jps.facet.change.listener.init.bridge.ms,1774282198792000000,1774282258877000000,0
jps.load.initial.state.ms,1774282198792000000,1774282258877000000,10
cacheStateStorage.set.duration,1774282198792000000,1774282258877000000,18
cacheStateStorage.get.duration,1774282198792000000,1774282258877000000,176
cacheStateStorage.set.counter,1774282198792000000,1774282258877000000,6
cacheStateStorage.get.counter,1774282198792000000,1774282258877000000,143
AWTEventQueue.dispatchTimeTotalNS,1774282198792000000,1774282258877000000,10833080660
FlushQueue.waitingTimeMaxNs,1774282198792000000,1774282258877000000,0
NonBlockingReadAction.failedExecutionsCount,1774282198792000000,1774282258877000000,6
AWTEventQueue.eventsDispatched,1774282198792000000,1774282258877000000,0
WriteAction.executionsCount,1774282198792000000,1774282258877000000,49
FlushQueue.executionTimeMaxNs,1774282198792000000,1774282258877000000,0
FlushQueue.executionTimeAvgNs,1774282198792000000,1774282258877000000,0.0
ReadAction.executionsCount,1774282198792000000,1774282258877000000,879317
FlushQueue.queueSizeAvg,1774282198792000000,1774282258877000000,0.0
FlushQueue.tasksExecuted,1774282198792000000,1774282258877000000,0
NonBlockingReadAction.finalizedExecutionsCount,1774282198792000000,1774282258877000000,94
NonBlockingReadAction.finalizedExecutionTimeUs,1774282198792000000,1774282258877000000,697491
AWTEventQueue.dispatchTime90PNs,1774282198792000000,1774282258877000000,0
AWTEventQueue.dispatchTimeAvgNs,1774282198792000000,1774282258877000000,0.0
FlushQueue.queueSizeMax,1774282198792000000,1774282258877000000,0
FlushQueue.executionTime90PNs,1774282198792000000,1774282258877000000,0
AWTEventQueue.dispatchTimeMaxNs,1774282198792000000,1774282258877000000,0
FlushQueue.queueSize90P,1774282198792000000,1774282258877000000,0
FlushQueue.waitingTime90PNs,1774282198792000000,1774282258877000000,0
FlushQueue.waitingTimeAvgNs,1774282198792000000,1774282258877000000,0.0
NonBlockingReadAction.failedExecutionTimeUs,1774282198792000000,1774282258877000000,158918
JVM.totalTimeAtSafepointsMs,1774282198792000000,1774282258877000000,382
JVM.totalBytesAllocated,1774282198792000000,1774282258877000000,4260922848
JVM.maxHeapBytes,1774282198792000000,1774282258877000000,2147483648
JVM.newThreadsCount,1774282198792000000,1774282258877000000,144
JVM.totalTimeToSafepointsMs,1774282198792000000,1774282258877000000,73
JVM.totalCpuTimeMs,1774282198792000000,1774282258877000000,59155
JVM.totalSafepointCount,1774282198792000000,1774282258877000000,369
JVM.totalDirectByteBuffersBytes,1774282198792000000,1774282258877000000,309284052
JVM.usedHeapBytes,1774282198792000000,1774282258877000000,510353984
JVM.GC.collections,1774282198792000000,1774282258877000000,63
JVM.threadCount,1774282198792000000,1774282258877000000,123
JVM.usedNativeBytes,1774282198792000000,1774282258877000000,393586376
JVM.maxThreadCount,1774282198792000000,1774282258877000000,125
OS.loadAverage,1774282198792000000,1774282258877000000,19.283203125
JVM.GC.collectionTimesMs,1774282198792000000,1774282258877000000,359
writeAction.max.wait.ms,1774282198792000000,1774282258877000000,786
writeAction.count,1774282198792000000,1774282258877000000,49
DiskQueryRelay.taskWaitingTotalTimeUs,1774282198792000000,1774282258877000000,2386559
lexer.XML.size.bytes,1774282198792000000,1774282258877000000,4021
writeAction.wait.ms,1774282198792000000,1774282258877000000,1241
parser.XML.size.bytes,1774282198792000000,1774282258877000000,4021
lexer.XML.time.ns,1774282198792000000,1774282258877000000,3454625
writeAction.median.wait.ms,1774282198792000000,1774282258877000000,1200
DiskQueryRelay.tasksExecuted,1774282198792000000,1774282258877000000,14485
DiskQueryRelay.tasksRequested,1774282198792000000,1774282258877000000,14485
DiskQueryRelay.taskExecutionTotalTimeUs,1774282198792000000,1774282258877000000,885559
parser.XML.time.ns,1774282198792000000,1774282258877000000,7450625
Indexes.allKeys.lookups,1774282198792000000,1774282258877000000,8
IndexesFlusher.totalFlushesRetried,1774282198792000000,1774282258877000000,0
IndexesFlusher.totalFlushingTimeUs,1774282198792000000,1774282258877000000,686372
Indexes.allKeys.lookupDuration90PMs,1774282198792000000,1774282258877000000,0.0
Indexes.entries.lookupDuration90PMs,1774282198792000000,1774282258877000000,0.0
Indexing.writer_0.totalTimeSpentWritingMs,1774282198792000000,1774282258877000000,116
Indexing.cache.totalCacheAccesses,1774282198792000000,1774282258877000000,253702
Indexes.allKeys.lookupDurationAvgMs,1774282198792000000,1774282258877000000,0.0
Indexing.cache.totalCacheMisses,1774282198792000000,1774282258877000000,34293
Indexing.writesQueuedMax,1774282198792000000,1774282258877000000,0
Indexing.totalTimeIndexersSleptMs,1774282198792000000,1774282258877000000,0
Indexes.stubs.lookupDurationMaxMs,1774282198792000000,1774282258877000000,0.0
IndexesFlusher.totalFlushes,1774282198792000000,1774282258877000000,163
Indexing.cache.totalCacheEvicted,1774282198792000000,1774282258877000000,34293
Indexes.allKeys.lookupDurationMaxMs,1774282198792000000,1774282258877000000,0.0
IndexesFlusher.totalContentionQuotaSpent,1774282198792000000,1774282258877000000,0
Indexing.writesQueuedMin,1774282198792000000,1774282258877000000,9223372036854775807
Indexing.writer_2.totalTimeSpentWritingMs,1774282198792000000,1774282258877000000,111
Indexes.stubs.lookupDuration90PMs,1774282198792000000,1774282258877000000,0.0
Indexes.stubs.lookups,1774282198792000000,1774282258877000000,158
Indexing.writer_1.totalTimeSpentWritingMs,1774282198792000000,1774282258877000000,2
Indexes.entries.lookupDurationMaxMs,1774282198792000000,1774282258877000000,0.0
Indexes.stubs.lookupDurationAvgMs,1774282198792000000,1774282258877000000,0.0
Indexing.writer_3.totalTimeSpentWritingMs,1774282198792000000,1774282258877000000,9
Indexes.entries.lookupDurationAvgMs,1774282198792000000,1774282258877000000,0.0
Indexes.entries.lookups,1774282198792000000,1774282258877000000,82
FilePageCacheLockFree.totalNativeBytesAllocated,1774282198792000000,1774282258877000000,0
DirectByteBufferAllocator.totalSizeOfBuffersAllocatedInBytes,1774282198792000000,1774282258877000000,305160192
FilePageCache.capacityInBytes,1774282198792000000,1774282258877000000,503316478
DirectByteBufferAllocator.totalSizeOfBuffersCachedInBytes,1774282198792000000,1774282258877000000,13631488
FilePageCacheLockFree.housekeeperTurnsDone,1774282198792000000,1774282258877000000,0
StreamlinedBlobStorage.totalLiveRecordsPayloadBytes,1774282198792000000,1774282258877000000,8209938
FileChannelInterruptsRetryer.totalRetriedAttempts,1774282198792000000,1774282258877000000,0
FilePageCache.uncachedFileAccess,1774282198792000000,1774282258877000000,169
StorageLockContext.competingThreads.max,1774282198792000000,1774282258877000000,0
DirectByteBufferAllocator.reclaimed,1774282198792000000,1774282258877000000,16
FilePageCache.pageLoadsAboveSizeThreshold,1774282198792000000,1774282258877000000,0
MappedFileStorage.storages,1774282198792000000,1774282258877000000,16
FilePageCacheLockFree.totalPagesAllocated,1774282198792000000,1774282258877000000,0
FilePageCacheLockFree.totalBytesWritten,1774282198792000000,1774282258877000000,0
FilePageCacheLockFree.totalPagesReclaimed,1774282198792000000,1774282258877000000,0
FilePageCache.disposedBuffers,1774282198792000000,1774282258877000000,16
FilePageCache.totalPageLoadsUs,1774282198792000000,1774282258877000000,290187
StreamlinedBlobStorage.recordsRelocated,1774282198792000000,1774282258877000000,0
StreamlinedBlobStorage.recordsAllocated,1774282198792000000,1774282258877000000,549598
FilePageCacheLockFree.housekeeperTurnsSkipped,1774282198792000000,1774282258877000000,0
FilePageCacheLockFree.totalPagesWriteMs,1774282198792000000,1774282258877000000,0
FilePageCacheLockFree.totalPagesRequested,1774282198792000000,1774282258877000000,0
FilePageCache.maxRegisteredFiles,1774282198792000000,1774282258877000000,547
FilePageCache.maxCacheSizeInBytes,1774282198792000000,1774282258877000000,305160192
FilePageCacheLockFree.totalPagesReadMs,1774282198792000000,1774282258877000000,0
FilePageCacheLockFree.totalBytesRequested,1774282198792000000,1774282258877000000,0
FilePageCacheLockFree.totalPageAllocationsWaited,1774282198792000000,1774282258877000000,0
DirectByteBufferAllocator.hits,1774282198792000000,1774282258877000000,3
FilePageCache.totalPageDisposalsUs,1774282198792000000,1774282258877000000,2113
StorageLockContext.competingThreads.avg,1774282198792000000,1774282258877000000,0.0
FilePageCacheLockFree.totalPagesWritten,1774282198792000000,1774282258877000000,0
MappedFileStorage.totalBytesMapped,1774282198792000000,1774282258877000000,252968960
FilePageCacheLockFree.heapBytesInUse,1774282198792000000,1774282258877000000,0
MappedFileStorage.totalTimeSpentOnMappingUs,1774282198792000000,1774282258877000000,12833
FilePageCacheLockFree.nativeBytesInUse,1774282198792000000,1774282258877000000,0
DirectByteBufferAllocator.disposed,1774282198792000000,1774282258877000000,0
FilePageCacheLockFree.totalHeapBytesAllocated,1774282198792000000,1774282258877000000,0
StreamlinedBlobStorage.totalLiveRecordsCapacityBytes,1774282198792000000,1774282258877000000,40352354
MappedFileStorage.totalPagesMapped,1774282198792000000,1774282258877000000,21
FilePageCacheLockFree.totalPagesHandedOver,1774282198792000000,1774282258877000000,0
FilePageCacheLockFree.housekeeperTimeSpentMs,1774282198792000000,1774282258877000000,0
FilePageCacheLockFree.totalPagesRequestsMs,1774282198792000000,1774282258877000000,0
FilePageCacheLockFree.totalHeapBytesReclaimed,1774282198792000000,1774282258877000000,0
FilePageCache.pageLoads,1774282198792000000,1774282258877000000,297
FilePageCacheLockFree.totalBytesRead,1774282198792000000,1774282258877000000,0
FilePageCacheLockFree.totalNativeBytesReclaimed,1774282198792000000,1774282258877000000,0
DirectByteBufferAllocator.misses,1774282198792000000,1774282258877000000,294
FilePageCacheLockFree.totalClosedStoragesReclaimed,1774282198792000000,1774282258877000000,0
StreamlinedBlobStorage.recordsDeleted,1774282198792000000,1774282258877000000,27
StorageLockContext.competingThreads.90P,1774282198792000000,1774282258877000000,0
FilePageCache.pageHits,1774282198792000000,1774282258877000000,21659
FilePageCache.pageFastCacheHits,1774282198792000000,1774282258877000000,57727
compiler.ArtifactManagerBridge.initBridges.ms,1774282198792000000,1774282258877000000,1
compiler.ArtifactManagerBridge.commit.ms,1774282198792000000,1774282258877000000,0
compiler.ArtifactManagerBridge.getArtifactsByType.ms,1774282198792000000,1774282258877000000,1
compiler.ArtifactManagerBridge.getArtifacts.ms,1774282198792000000,1774282258877000000,0
compiler.ArtifactManagerBridge.dropMappings.ms,1774282198792000000,1774282258877000000,0
compiler.ArtifactVirtualFileListener.propertyChanged.ms,1774282198792000000,1774282258877000000,0
compiler.ArtifactManagerBridge.addArtifact.ms,1774282198792000000,1774282258877000000,0
compiler.ArtifactManagerBridge.findArtifact.ms,1774282198792000000,1774282258877000000,0
compiler.ArtifactVirtualFileListener.filePathChanged.ms,1774282198792000000,1774282258877000000,0
workspaceModel.workspaceFileIndexData.processFileSets.ms,1774282198792000000,1774282258877000000,0
workspaceModel.cachedValueWithParameters.calculated.count,1774282198792000000,1774282258877000000,0
workspaceModel.update.unloaded.entities.ms,1774282198792000000,1774282258877000000,0
workspaceModel.workspaceFileIndexData.instances.count,1774282198792000000,1774282258877000000,2
workspaceModel.cachedValueWithParameters.from.cache.count,1774282198792000000,1774282258877000000,0
workspaceModel.to.snapshot.ms,1774282198792000000,1774282258877000000,1
workspaceModel.workspaceFileIndexData.onEntitiesChanged.ms,1774282198792000000,1774282258877000000,0
workspaceModel.cachedValue.total.get.count,1774282198792000000,1774282258877000000,5863
workspaceModel.on.changed.ms,1774282198792000000,1774282258877000000,16
workspaceModel.check.recursive.update.ms,1774282198792000000,1774282258877000000,3
workspaceModel.workspaceFileIndexData.markDirty.ms,1774282198792000000,1774282258877000000,0
workspaceModel.updates.ms,1774282198792000000,1774282258877000000,44
workspaceModel.workspaceFileIndexData.updateDirtyEntities.ms,1774282198792000000,1774282258877000000,0
workspaceModel.initializing.ms,1774282198792000000,1774282258877000000,1
workspaceModel.workspaceFileIndexData.visitFileSets.ms,1774282198792000000,1774282258877000000,2
workspaceModel.replace.project.model.ms,1774282198792000000,1774282258877000000,3
workspaceModel.cachedValueWithParameters.clear.count,1774282198792000000,1774282258877000000,0
workspaceModel.on.before.changed.ms,1774282198792000000,1774282258877000000,13
workspaceModel.init.bridges.ms,1774282198792000000,1774282258877000000,2
workspaceModel.collect.changes.ms,1774282198792000000,1774282258877000000,0
workspaceModel.updates.precise.ms,1774282198792000000,1774282258877000000,15
workspaceModel.cachedValue.clear.count,1774282198792000000,1774282258877000000,3
workspaceModel.workspaceFileIndexData.getFileInfo.ms,1774282198792000000,1774282258877000000,1866
workspaceModel.workspaceFileIndexData.init.ms,1774282198792000000,1774282258877000000,201
workspaceModel.cachedValueWithParameters.total.get.count,1774282198792000000,1774282258877000000,0
workspaceModel.workspaceFileIndexContributor.registerFileSets.ms,1774282198792000000,1774282258877000000,385
workspaceModel.loading.from.cache.ms,1774282198792000000,1774282258877000000,242
workspaceModel.workspaceFileIndexData.getDirectoriesByPackageName.ms,1774282198792000000,1774282258877000000,170
workspaceModel.workspaceFileIndexData.getPackageName.ms,1774282198792000000,1774282258877000000,29
workspaceModel.loading.total.ms,1774282198792000000,1774282258877000000,248
workspaceModel.cachedValue.from.cache.count,1774282198792000000,1774282258877000000,5364
workspaceModel.updates.count,1774282198792000000,1774282258877000000,13
workspaceModel.cachedValue.calculated.count,1774282198792000000,1774282258877000000,499
workspaceModel.entityStorageSnapshotImpl.instances.count,1774282198792000000,1774282258877000000,48
workspaceModel.full.replace.project.model.ms,1774282198792000000,1774282258877000000,4
workspaceModel.pre.handlers.ms,1774282198792000000,1774282258877000000,0
VFS.contentStorage.recordsStoredSize,1774282198792000000,1774282258877000000,0
VFS.contentStorage.recordsDeduplicated,1774282198792000000,1774282258877000000,0
VFS.fileByIdCache.hits,1774282198792000000,1774282258877000000,5
FileNameCache.queries,1774282198792000000,1774282258877000000,8205376
VFS.contentStorage.recordsReadSize,1774282198792000000,1774282258877000000,58949
FileNameCache.totalMisses,1774282198792000000,1774282258877000000,732608
VFS.invertedFileNameIndex.requests,1774282198792000000,1774282258877000000,2
VFS.contentStorage.recordsDecompressionTimeUs,1774282198792000000,1774282258877000000,0
VFS.contentStorage.recordsReadDecompressed,1774282198792000000,1774282258877000000,0
VFS.contentStorage.recordsStoredCompressed,1774282198792000000,1774282258877000000,0
VFS.fileByIdCache.misses,1774282198792000000,1774282258877000000,563216
VFS.contentStorage.recordsUncompressedSize,1774282198792000000,1774282258877000000,0
VFS.fileChildByName,1774282198792000000,1774282258877000000,193257
VFS.contentStorage.recordsStored,1774282198792000000,1774282258877000000,0
VFS.contentStorage.recordsRead,1774282198792000000,1774282258877000000,32
workspaceModel.moduleBridge.before.changed.ms,1774282258877000000,1774290441461000000,0
workspaceModel.moduleManagerBridge.new.nonPersistent.module.ms,1774282258877000000,1774290441461000000,0
workspaceModel.mutableEntityStorage.add.entity.ms,1774282258877000000,1774290441461000000,0
workspaceModel.moduleManagerBridge.load.all.modules.ms,1774282258877000000,1774290441461000000,0
jps.app.storage.content.writer.save.component.ms,1774282258877000000,1774290441461000000,0
jps.global.handle.before.change.events.ms,1774282258877000000,1774290441461000000,0
workspaceModel.moduleManagerBridge.build.module.graph.ms,1774282258877000000,1774290441461000000,0
workspaceModel.mutableEntityStorage.to.snapshot.ms,1774282258877000000,1774290441461000000,0
jps.module.iml.entities.serializer.save.entities.ms,1774282258877000000,1774290441461000000,0
workspaceModel.mutableEntityStorage.remove.entity.ms,1774282258877000000,1774290441461000000,0
jps.library.entities.serializer.load.entities.ms,1774282258877000000,1774290441461000000,0
workspaceModel.mutableEntityStorage.entities.ms,1774282258877000000,1774290441461000000,0
workspaceModel.save.cache.to.file.ms,1774282258877000000,1774290441461000000,0
jps.global.handle.changed.events.ms,1774282258877000000,1774290441461000000,0
jps.facet.change.listener.process.change.events.ms,1774282258877000000,1774290441461000000,0
jps.global.get.library.by.name.ms,1774282258877000000,1774290441461000000,0
workspaceModel.mutableEntityStorage.changeLog.addReplaceEventForRemovedParent.ms,1774282258877000000,1774290441461000000,0
workspaceModel.mutableEntityStorage.replace.by.source.ms,1774282258877000000,1774290441461000000,0
jps.project.serializers.load.ms,1774282258877000000,1774290441461000000,0
jps.global.get.libraries.ms,1774282258877000000,1774290441461000000,0
jps.load.project.to.empty.storage.ms,1774282258877000000,1774290441461000000,0
workspaceModel.mutableEntityStorage.mutable.vfurl.index.ms,1774282258877000000,1774290441461000000,0
workspaceModel.load.cache.from.file.ms,1774282258877000000,1774290441461000000,0
jps.storage.jps.conf.reader.load.component.ms,1774282258877000000,1774290441461000000,0
jps.global.initialize.library.bridges.after.loading.ms,1774282258877000000,1774290441461000000,0
workspaceModel.sync.entities.ms,1774282258877000000,1774290441461000000,0
jps.global.get.library.ms,1774282258877000000,1774290441461000000,0
workspaceModel.global.apply.state.to.project.builder.ms,1774282258877000000,1774290441461000000,0
workspaceModel.moduleManagerBridge.newModule.ms,1774282258877000000,1774290441461000000,0
workspaceModel.mutableEntityStorage.put.entity.ms,1774282258877000000,1774290441461000000,0
jps.reload.project.entities.ms,1774282258877000000,1774290441461000000,0
jps.apply.loaded.storage.ms,1774282258877000000,1774290441461000000,0
workspaceModel.moduleBridge.update.option.ms,1774282258877000000,1774290441461000000,0
jps.facet.change.listener.before.change.events.ms,1774282258877000000,1774290441461000000,0
workspaceModel.global.updates.ms,1774282258877000000,1774290441461000000,0
workspaceModel.moduleBridge.facet.initialization.ms,1774282258877000000,1774290441461000000,0
jps.artifact.entities.serializer.save.entities.ms,1774282258877000000,1774290441461000000,0
workspaceModel.delayed.project.synchronizer.sync.ms,1774282258877000000,1774290441461000000,0
workspaceModel.mutableEntityStorage.changeLog.addReplaceEventForNewParent.ms,1774282258877000000,1774290441461000000,0
workspaceModel.moduleManagerBridge.load.module.ms,1774282258877000000,1774290441461000000,0
jps.app.storage.content.reader.load.component.ms,1774282258877000000,1774290441461000000,0
jps.artifact.entities.serializer.load.entities.ms,1774282258877000000,1774290441461000000,0
workspaceModel.moduleBridgeLoader.loading.modules.ms,1774282258877000000,1774290441461000000,0
workspaceModel.global.updates.count,1774282258877000000,1774290441461000000,0
workspaceModel.orphan.listener.update.ms,1774282258877000000,1774290441461000000,0
workspaceModel.global.apply.state.to.project.ms,1774282258877000000,1774290441461000000,0
workspaceModel.mutableEntityStorage.has.same.entities.ms,1774282258877000000,1774290441461000000,0
workspaceModel.mutableEntityStorage.modify.entity.ms,1774282258877000000,1774290441461000000,0
workspaceModel.mutableEntityStorage.instances.count,1774282258877000000,1774290441461000000,0
jps.module.iml.entities.serializer.load.entities.ms,1774282258877000000,1774290441461000000,0
workspaceModel.mutableEntityStorage.mutable.ext.mapping.ms,1774282258877000000,1774290441461000000,0
workspaceModel.mutableEntityStorage.changeLog.addReplaceEventForRemovedChild.ms,1774282258877000000,1774290441461000000,0
workspaceModel.load.cache.metadata.from.file.ms,1774282258877000000,1774290441461000000,0
workspaceModel.moduleManagerBridge.create.module.instance.ms,1774282258877000000,1774290441461000000,0
workspaceModel.moduleManagerBridge.set.unloadedModules.ms,1774282258877000000,1774290441461000000,0
jps.library.entities.serializer.save.entities.ms,1774282258877000000,1774290441461000000,0
workspaceModel.do.save.caches.ms,1774282258877000000,1774290441461000000,0
jps.save.global.entities.ms,1774282258877000000,1774290441461000000,0
jps.global.initialize.library.bridges.ms,1774282258877000000,1774290441461000000,0
workspaceModel.mutableEntityStorage.collect.changes.ms,1774282258877000000,1774290441461000000,0
workspaceModel.mutableEntityStorage.resolve.ms,1774282258877000000,1774290441461000000,0
workspaceModel.moduleManagerBridge.get.modules.ms,1774282258877000000,1774290441461000000,0
workspaceModel.mutableEntityStorage.referrers.ms,1774282258877000000,1774290441461000000,0
jps.save.changed.project.entities.ms,1774282258877000000,1774290441461000000,0
workspaceModel.mutableEntityStorage.entities.by.source.ms,1774282258877000000,1774290441461000000,0
workspaceModel.mutableEntityStorage.apply.changes.from.ms,1774282258877000000,1774290441461000000,0
jps.module.dependency.index.workspace.model.listener.on.changed.ms,1774282258877000000,1774290441461000000,0
jps.project.serializers.save.ms,1774282258877000000,1774290441461000000,0
workspaceModel.mutableEntityStorage.changeLog.addReplaceEventForNewChild.ms,1774282258877000000,1774290441461000000,0
jps.facet.change.listener.init.bridge.ms,1774282258877000000,1774290441461000000,0
jps.load.initial.state.ms,1774282258877000000,1774290441461000000,0
cacheStateStorage.set.duration,1774282258877000000,1774290441461000000,0
cacheStateStorage.get.duration,1774282258877000000,1774290441461000000,0
cacheStateStorage.set.counter,1774282258877000000,1774290441461000000,0
cacheStateStorage.get.counter,1774282258877000000,1774290441461000000,0
AWTEventQueue.dispatchTimeTotalNS,1774282258877000000,1774290441461000000,4026503966
FlushQueue.waitingTimeMaxNs,1774282258877000000,1774290441461000000,124415
NonBlockingReadAction.failedExecutionsCount,1774282258877000000,1774290441461000000,0
AWTEventQueue.eventsDispatched,1774282258877000000,1774290441461000000,1
WriteAction.executionsCount,1774282258877000000,1774290441461000000,0
FlushQueue.executionTimeMaxNs,1774282258877000000,1774290441461000000,75263
FlushQueue.executionTimeAvgNs,1774282258877000000,1774290441461000000,75008.0
ReadAction.executionsCount,1774282258877000000,1774290441461000000,1920
FlushQueue.queueSizeAvg,1774282258877000000,1774290441461000000,0.0
FlushQueue.tasksExecuted,1774282258877000000,1774290441461000000,1
NonBlockingReadAction.finalizedExecutionsCount,1774282258877000000,1774290441461000000,0
NonBlockingReadAction.finalizedExecutionTimeUs,1774282258877000000,1774290441461000000,0
AWTEventQueue.dispatchTime90PNs,1774282258877000000,1774290441461000000,132095
AWTEventQueue.dispatchTimeAvgNs,1774282258877000000,1774290441461000000,131584.0
FlushQueue.queueSizeMax,1774282258877000000,1774290441461000000,0
FlushQueue.executionTime90PNs,1774282258877000000,1774290441461000000,75263
AWTEventQueue.dispatchTimeMaxNs,1774282258877000000,1774290441461000000,132095
FlushQueue.queueSize90P,1774282258877000000,1774290441461000000,0
FlushQueue.waitingTime90PNs,1774282258877000000,1774290441461000000,124415
FlushQueue.waitingTimeAvgNs,1774282258877000000,1774290441461000000,124160.0
NonBlockingReadAction.failedExecutionTimeUs,1774282258877000000,1774290441461000000,0
JVM.totalTimeAtSafepointsMs,1774282258877000000,1774290441461000000,91
JVM.totalBytesAllocated,1774282258877000000,1774290441461000000,68340200
JVM.maxHeapBytes,1774282258877000000,1774290441461000000,2147483648
JVM.newThreadsCount,1774282258877000000,1774290441461000000,3
JVM.totalTimeToSafepointsMs,1774282258877000000,1774290441461000000,306
JVM.totalCpuTimeMs,1774282258877000000,1774290441461000000,3854
JVM.totalSafepointCount,1774282258877000000,1774290441461000000,28
JVM.totalDirectByteBuffersBytes,1774282258877000000,1774290441461000000,307601170
JVM.usedHeapBytes,1774282258877000000,1774290441461000000,352190608
JVM.GC.collections,1774282258877000000,1774290441461000000,1
JVM.threadCount,1774282258877000000,1774290441461000000,64
JVM.usedNativeBytes,1774282258877000000,1774290441461000000,399153552
JVM.maxThreadCount,1774282258877000000,1774290441461000000,125
OS.loadAverage,1774282258877000000,1774290441461000000,43.23974609375
JVM.GC.collectionTimesMs,1774282258877000000,1774290441461000000,71
writeAction.max.wait.ms,1774282258877000000,1774290441461000000,786
writeAction.count,1774282258877000000,1774290441461000000,0
DiskQueryRelay.taskWaitingTotalTimeUs,1774282258877000000,1774290441461000000,97344
writeAction.wait.ms,1774282258877000000,1774290441461000000,0
writeAction.median.wait.ms,1774282258877000000,1774290441461000000,1200
DiskQueryRelay.tasksExecuted,1774282258877000000,1774290441461000000,609
DiskQueryRelay.tasksRequested,1774282258877000000,1774290441461000000,609
DiskQueryRelay.taskExecutionTotalTimeUs,1774282258877000000,1774290441461000000,96744
Indexes.allKeys.lookups,1774282258877000000,1774290441461000000,0
IndexesFlusher.totalFlushesRetried,1774282258877000000,1774290441461000000,0
IndexesFlusher.totalFlushingTimeUs,1774282258877000000,1774290441461000000,4009767
Indexes.allKeys.lookupDuration90PMs,1774282258877000000,1774290441461000000,0.0
Indexes.entries.lookupDuration90PMs,1774282258877000000,1774290441461000000,0.0
Indexing.writer_0.totalTimeSpentWritingMs,1774282258877000000,1774290441461000000,0
Indexing.cache.totalCacheAccesses,1774282258877000000,1774290441461000000,0
Indexes.allKeys.lookupDurationAvgMs,1774282258877000000,1774290441461000000,0.0
Indexing.cache.totalCacheMisses,1774282258877000000,1774290441461000000,0
Indexing.writesQueuedMax,1774282258877000000,1774290441461000000,0
Indexing.totalTimeIndexersSleptMs,1774282258877000000,1774290441461000000,0
Indexes.stubs.lookupDurationMaxMs,1774282258877000000,1774290441461000000,0.0
IndexesFlusher.totalFlushes,1774282258877000000,1774290441461000000,77
Indexing.cache.totalCacheEvicted,1774282258877000000,1774290441461000000,0
Indexes.allKeys.lookupDurationMaxMs,1774282258877000000,1774290441461000000,0.0
IndexesFlusher.totalContentionQuotaSpent,1774282258877000000,1774290441461000000,0
Indexing.writesQueuedMin,1774282258877000000,1774290441461000000,9223372036854775807
Indexing.writer_2.totalTimeSpentWritingMs,1774282258877000000,1774290441461000000,0
Indexes.stubs.lookupDuration90PMs,1774282258877000000,1774290441461000000,0.0
Indexes.stubs.lookups,1774282258877000000,1774290441461000000,0
Indexing.writer_1.totalTimeSpentWritingMs,1774282258877000000,1774290441461000000,0
Indexes.entries.lookupDurationMaxMs,1774282258877000000,1774290441461000000,0.0
Indexes.stubs.lookupDurationAvgMs,1774282258877000000,1774290441461000000,0.0
Indexing.writer_3.totalTimeSpentWritingMs,1774282258877000000,1774290441461000000,0
Indexes.entries.lookupDurationAvgMs,1774282258877000000,1774290441461000000,0.0
Indexes.entries.lookups,1774282258877000000,1774290441461000000,0
FilePageCacheLockFree.totalNativeBytesAllocated,1774282258877000000,1774290441461000000,0
DirectByteBufferAllocator.totalSizeOfBuffersAllocatedInBytes,1774282258877000000,1774290441461000000,305160192
FilePageCache.capacityInBytes,1774282258877000000,1774290441461000000,503316478
DirectByteBufferAllocator.totalSizeOfBuffersCachedInBytes,1774282258877000000,1774290441461000000,13631488
FilePageCacheLockFree.housekeeperTurnsDone,1774282258877000000,1774290441461000000,0
StreamlinedBlobStorage.totalLiveRecordsPayloadBytes,1774282258877000000,1774290441461000000,0
FileChannelInterruptsRetryer.totalRetriedAttempts,1774282258877000000,1774290441461000000,0
FilePageCache.uncachedFileAccess,1774282258877000000,1774290441461000000,0
StorageLockContext.competingThreads.max,1774282258877000000,1774290441461000000,0
DirectByteBufferAllocator.reclaimed,1774282258877000000,1774290441461000000,0
FilePageCache.pageLoadsAboveSizeThreshold,1774282258877000000,1774290441461000000,0
MappedFileStorage.storages,1774282258877000000,1774290441461000000,16
FilePageCacheLockFree.totalPagesAllocated,1774282258877000000,1774290441461000000,0
FilePageCacheLockFree.totalBytesWritten,1774282258877000000,1774290441461000000,0
FilePageCacheLockFree.totalPagesReclaimed,1774282258877000000,1774290441461000000,0
FilePageCache.disposedBuffers,1774282258877000000,1774290441461000000,0
FilePageCache.totalPageLoadsUs,1774282258877000000,1774290441461000000,0
StreamlinedBlobStorage.recordsRelocated,1774282258877000000,1774290441461000000,0
StreamlinedBlobStorage.recordsAllocated,1774282258877000000,1774290441461000000,0
FilePageCacheLockFree.housekeeperTurnsSkipped,1774282258877000000,1774290441461000000,0
FilePageCacheLockFree.totalPagesWriteMs,1774282258877000000,1774290441461000000,0
FilePageCacheLockFree.totalPagesRequested,1774282258877000000,1774290441461000000,0
FilePageCache.maxRegisteredFiles,1774282258877000000,1774290441461000000,547
FilePageCache.maxCacheSizeInBytes,1774282258877000000,1774290441461000000,305160192
FilePageCacheLockFree.totalPagesReadMs,1774282258877000000,1774290441461000000,0
FilePageCacheLockFree.totalBytesRequested,1774282258877000000,1774290441461000000,0
FilePageCacheLockFree.totalPageAllocationsWaited,1774282258877000000,1774290441461000000,0
DirectByteBufferAllocator.hits,1774282258877000000,1774290441461000000,0
FilePageCache.totalPageDisposalsUs,1774282258877000000,1774290441461000000,0
StorageLockContext.competingThreads.avg,1774282258877000000,1774290441461000000,0.0
FilePageCacheLockFree.totalPagesWritten,1774282258877000000,1774290441461000000,0
MappedFileStorage.totalBytesMapped,1774282258877000000,1774290441461000000,252968960
FilePageCacheLockFree.heapBytesInUse,1774282258877000000,1774290441461000000,0
MappedFileStorage.totalTimeSpentOnMappingUs,1774282258877000000,1774290441461000000,12833
FilePageCacheLockFree.nativeBytesInUse,1774282258877000000,1774290441461000000,0
DirectByteBufferAllocator.disposed,1774282258877000000,1774290441461000000,0
FilePageCacheLockFree.totalHeapBytesAllocated,1774282258877000000,1774290441461000000,0
StreamlinedBlobStorage.totalLiveRecordsCapacityBytes,1774282258877000000,1774290441461000000,0
MappedFileStorage.totalPagesMapped,1774282258877000000,1774290441461000000,21
FilePageCacheLockFree.totalPagesHandedOver,1774282258877000000,1774290441461000000,0
FilePageCacheLockFree.housekeeperTimeSpentMs,1774282258877000000,1774290441461000000,0
FilePageCacheLockFree.totalPagesRequestsMs,1774282258877000000,1774290441461000000,0
FilePageCacheLockFree.totalHeapBytesReclaimed,1774282258877000000,1774290441461000000,0
FilePageCache.pageLoads,1774282258877000000,1774290441461000000,0
FilePageCacheLockFree.totalBytesRead,1774282258877000000,1774290441461000000,0
FilePageCacheLockFree.totalNativeBytesReclaimed,1774282258877000000,1774290441461000000,0
DirectByteBufferAllocator.misses,1774282258877000000,1774290441461000000,0
FilePageCacheLockFree.totalClosedStoragesReclaimed,1774282258877000000,1774290441461000000,0
StreamlinedBlobStorage.recordsDeleted,1774282258877000000,1774290441461000000,0
StorageLockContext.competingThreads.90P,1774282258877000000,1774290441461000000,0
FilePageCache.pageHits,1774282258877000000,1774290441461000000,0
FilePageCache.pageFastCacheHits,1774282258877000000,1774290441461000000,0
compiler.ArtifactManagerBridge.initBridges.ms,1774282258877000000,1774290441461000000,0
compiler.ArtifactManagerBridge.commit.ms,1774282258877000000,1774290441461000000,0
compiler.ArtifactManagerBridge.getArtifactsByType.ms,1774282258877000000,1774290441461000000,0
compiler.ArtifactManagerBridge.getArtifacts.ms,1774282258877000000,1774290441461000000,0
compiler.ArtifactManagerBridge.dropMappings.ms,1774282258877000000,1774290441461000000,0
compiler.ArtifactVirtualFileListener.propertyChanged.ms,1774282258877000000,1774290441461000000,0
compiler.ArtifactManagerBridge.addArtifact.ms,1774282258877000000,1774290441461000000,0
compiler.ArtifactManagerBridge.findArtifact.ms,1774282258877000000,1774290441461000000,0
compiler.ArtifactVirtualFileListener.filePathChanged.ms,1774282258877000000,1774290441461000000,0
workspaceModel.workspaceFileIndexData.processFileSets.ms,1774282258877000000,1774290441461000000,0
workspaceModel.cachedValueWithParameters.calculated.count,1774282258877000000,1774290441461000000,0
workspaceModel.update.unloaded.entities.ms,1774282258877000000,1774290441461000000,0
workspaceModel.workspaceFileIndexData.instances.count,1774282258877000000,1774290441461000000,0
workspaceModel.cachedValueWithParameters.from.cache.count,1774282258877000000,1774290441461000000,0
workspaceModel.to.snapshot.ms,1774282258877000000,1774290441461000000,0
workspaceModel.workspaceFileIndexData.onEntitiesChanged.ms,1774282258877000000,1774290441461000000,0
workspaceModel.cachedValue.total.get.count,1774282258877000000,1774290441461000000,1
workspaceModel.on.changed.ms,1774282258877000000,1774290441461000000,0
workspaceModel.check.recursive.update.ms,1774282258877000000,1774290441461000000,0
workspaceModel.workspaceFileIndexData.markDirty.ms,1774282258877000000,1774290441461000000,0
workspaceModel.updates.ms,1774282258877000000,1774290441461000000,0
workspaceModel.workspaceFileIndexData.updateDirtyEntities.ms,1774282258877000000,1774290441461000000,0
workspaceModel.initializing.ms,1774282258877000000,1774290441461000000,0
workspaceModel.workspaceFileIndexData.visitFileSets.ms,1774282258877000000,1774290441461000000,0
workspaceModel.replace.project.model.ms,1774282258877000000,1774290441461000000,0
workspaceModel.cachedValueWithParameters.clear.count,1774282258877000000,1774290441461000000,0
workspaceModel.on.before.changed.ms,1774282258877000000,1774290441461000000,0
workspaceModel.init.bridges.ms,1774282258877000000,1774290441461000000,0
workspaceModel.collect.changes.ms,1774282258877000000,1774290441461000000,0
workspaceModel.updates.precise.ms,1774282258877000000,1774290441461000000,0
workspaceModel.cachedValue.clear.count,1774282258877000000,1774290441461000000,0
workspaceModel.workspaceFileIndexData.getFileInfo.ms,1774282258877000000,1774290441461000000,0
workspaceModel.workspaceFileIndexData.init.ms,1774282258877000000,1774290441461000000,0
workspaceModel.cachedValueWithParameters.total.get.count,1774282258877000000,1774290441461000000,0
workspaceModel.workspaceFileIndexContributor.registerFileSets.ms,1774282258877000000,1774290441461000000,0
workspaceModel.loading.from.cache.ms,1774282258877000000,1774290441461000000,0
workspaceModel.workspaceFileIndexData.getDirectoriesByPackageName.ms,1774282258877000000,1774290441461000000,0
workspaceModel.workspaceFileIndexData.getPackageName.ms,1774282258877000000,1774290441461000000,0
workspaceModel.loading.total.ms,1774282258877000000,1774290441461000000,0
workspaceModel.cachedValue.from.cache.count,1774282258877000000,1774290441461000000,1
workspaceModel.updates.count,1774282258877000000,1774290441461000000,0
workspaceModel.cachedValue.calculated.count,1774282258877000000,1774290441461000000,0
workspaceModel.entityStorageSnapshotImpl.instances.count,1774282258877000000,1774290441461000000,0
workspaceModel.full.replace.project.model.ms,1774282258877000000,1774290441461000000,0
workspaceModel.pre.handlers.ms,1774282258877000000,1774290441461000000,0
VFS.contentStorage.recordsStoredSize,1774282258877000000,1774290441461000000,0
VFS.contentStorage.recordsDeduplicated,1774282258877000000,1774290441461000000,0
VFS.fileByIdCache.hits,1774282258877000000,1774290441461000000,0
FileNameCache.queries,1774282258877000000,1774290441461000000,4608
VFS.contentStorage.recordsReadSize,1774282258877000000,1774290441461000000,0
FileNameCache.totalMisses,1774282258877000000,1774290441461000000,0
VFS.invertedFileNameIndex.requests,1774282258877000000,1774290441461000000,0
VFS.contentStorage.recordsDecompressionTimeUs,1774282258877000000,1774290441461000000,0
VFS.contentStorage.recordsReadDecompressed,1774282258877000000,1774290441461000000,0
VFS.contentStorage.recordsStoredCompressed,1774282258877000000,1774290441461000000,0
VFS.fileByIdCache.misses,1774282258877000000,1774290441461000000,0
VFS.contentStorage.recordsUncompressedSize,1774282258877000000,1774290441461000000,0
VFS.fileChildByName,1774282258877000000,1774290441461000000,10
VFS.contentStorage.recordsStored,1774282258877000000,1774290441461000000,0
VFS.contentStorage.recordsRead,1774282258877000000,1774290441461000000,0
workspaceModel.moduleBridge.before.changed.ms,1774290441461000000,1774301392385000000,0
workspaceModel.moduleManagerBridge.new.nonPersistent.module.ms,1774290441461000000,1774301392385000000,0
workspaceModel.mutableEntityStorage.add.entity.ms,1774290441461000000,1774301392385000000,0
workspaceModel.moduleManagerBridge.load.all.modules.ms,1774290441461000000,1774301392385000000,0
jps.app.storage.content.writer.save.component.ms,1774290441461000000,1774301392385000000,0
jps.global.handle.before.change.events.ms,1774290441461000000,1774301392385000000,0
workspaceModel.moduleManagerBridge.build.module.graph.ms,1774290441461000000,1774301392385000000,0
workspaceModel.mutableEntityStorage.to.snapshot.ms,1774290441461000000,1774301392385000000,0
jps.module.iml.entities.serializer.save.entities.ms,1774290441461000000,1774301392385000000,0
workspaceModel.mutableEntityStorage.remove.entity.ms,1774290441461000000,1774301392385000000,0
jps.library.entities.serializer.load.entities.ms,1774290441461000000,1774301392385000000,0
workspaceModel.mutableEntityStorage.entities.ms,1774290441461000000,1774301392385000000,0
workspaceModel.save.cache.to.file.ms,1774290441461000000,1774301392385000000,0
jps.global.handle.changed.events.ms,1774290441461000000,1774301392385000000,0
jps.facet.change.listener.process.change.events.ms,1774290441461000000,1774301392385000000,0
jps.global.get.library.by.name.ms,1774290441461000000,1774301392385000000,0
workspaceModel.mutableEntityStorage.changeLog.addReplaceEventForRemovedParent.ms,1774290441461000000,1774301392385000000,0
workspaceModel.mutableEntityStorage.replace.by.source.ms,1774290441461000000,1774301392385000000,0
jps.project.serializers.load.ms,1774290441461000000,1774301392385000000,0
jps.global.get.libraries.ms,1774290441461000000,1774301392385000000,0
jps.load.project.to.empty.storage.ms,1774290441461000000,1774301392385000000,0
workspaceModel.mutableEntityStorage.mutable.vfurl.index.ms,1774290441461000000,1774301392385000000,0
workspaceModel.load.cache.from.file.ms,1774290441461000000,1774301392385000000,0
jps.storage.jps.conf.reader.load.component.ms,1774290441461000000,1774301392385000000,0
jps.global.initialize.library.bridges.after.loading.ms,1774290441461000000,1774301392385000000,0
workspaceModel.sync.entities.ms,1774290441461000000,1774301392385000000,0
jps.global.get.library.ms,1774290441461000000,1774301392385000000,0
workspaceModel.global.apply.state.to.project.builder.ms,1774290441461000000,1774301392385000000,0
workspaceModel.moduleManagerBridge.newModule.ms,1774290441461000000,1774301392385000000,0
workspaceModel.mutableEntityStorage.put.entity.ms,1774290441461000000,1774301392385000000,0
jps.reload.project.entities.ms,1774290441461000000,1774301392385000000,0
jps.apply.loaded.storage.ms,1774290441461000000,1774301392385000000,0
workspaceModel.moduleBridge.update.option.ms,1774290441461000000,1774301392385000000,0
jps.facet.change.listener.before.change.events.ms,1774290441461000000,1774301392385000000,0
workspaceModel.global.updates.ms,1774290441461000000,1774301392385000000,0
workspaceModel.moduleBridge.facet.initialization.ms,1774290441461000000,1774301392385000000,0
jps.artifact.entities.serializer.save.entities.ms,1774290441461000000,1774301392385000000,0
workspaceModel.delayed.project.synchronizer.sync.ms,1774290441461000000,1774301392385000000,0
workspaceModel.mutableEntityStorage.changeLog.addReplaceEventForNewParent.ms,1774290441461000000,1774301392385000000,0
workspaceModel.moduleManagerBridge.load.module.ms,1774290441461000000,1774301392385000000,0
jps.app.storage.content.reader.load.component.ms,1774290441461000000,1774301392385000000,0
jps.artifact.entities.serializer.load.entities.ms,1774290441461000000,1774301392385000000,0
workspaceModel.moduleBridgeLoader.loading.modules.ms,1774290441461000000,1774301392385000000,0
workspaceModel.global.updates.count,1774290441461000000,1774301392385000000,0
workspaceModel.orphan.listener.update.ms,1774290441461000000,1774301392385000000,0
workspaceModel.global.apply.state.to.project.ms,1774290441461000000,1774301392385000000,0
workspaceModel.mutableEntityStorage.has.same.entities.ms,1774290441461000000,1774301392385000000,0
workspaceModel.mutableEntityStorage.modify.entity.ms,1774290441461000000,1774301392385000000,0
workspaceModel.mutableEntityStorage.instances.count,1774290441461000000,1774301392385000000,0
jps.module.iml.entities.serializer.load.entities.ms,1774290441461000000,1774301392385000000,0
workspaceModel.mutableEntityStorage.mutable.ext.mapping.ms,1774290441461000000,1774301392385000000,0
workspaceModel.mutableEntityStorage.changeLog.addReplaceEventForRemovedChild.ms,1774290441461000000,1774301392385000000,0
workspaceModel.load.cache.metadata.from.file.ms,1774290441461000000,1774301392385000000,0
workspaceModel.moduleManagerBridge.create.module.instance.ms,1774290441461000000,1774301392385000000,0
workspaceModel.moduleManagerBridge.set.unloadedModules.ms,1774290441461000000,1774301392385000000,0
jps.library.entities.serializer.save.entities.ms,1774290441461000000,1774301392385000000,0
workspaceModel.do.save.caches.ms,1774290441461000000,1774301392385000000,0
jps.save.global.entities.ms,1774290441461000000,1774301392385000000,0
jps.global.initialize.library.bridges.ms,1774290441461000000,1774301392385000000,0
workspaceModel.mutableEntityStorage.collect.changes.ms,1774290441461000000,1774301392385000000,0
workspaceModel.mutableEntityStorage.resolve.ms,1774290441461000000,1774301392385000000,0
workspaceModel.moduleManagerBridge.get.modules.ms,1774290441461000000,1774301392385000000,0
workspaceModel.mutableEntityStorage.referrers.ms,1774290441461000000,1774301392385000000,0
jps.save.changed.project.entities.ms,1774290441461000000,1774301392385000000,0
workspaceModel.mutableEntityStorage.entities.by.source.ms,1774290441461000000,1774301392385000000,0
workspaceModel.mutableEntityStorage.apply.changes.from.ms,1774290441461000000,1774301392385000000,0
jps.module.dependency.index.workspace.model.listener.on.changed.ms,1774290441461000000,1774301392385000000,0
jps.project.serializers.save.ms,1774290441461000000,1774301392385000000,0
workspaceModel.mutableEntityStorage.changeLog.addReplaceEventForNewChild.ms,1774290441461000000,1774301392385000000,0
jps.facet.change.listener.init.bridge.ms,1774290441461000000,1774301392385000000,0
jps.load.initial.state.ms,1774290441461000000,1774301392385000000,0
cacheStateStorage.set.duration,1774290441461000000,1774301392385000000,0
cacheStateStorage.get.duration,1774290441461000000,1774301392385000000,0
cacheStateStorage.set.counter,1774290441461000000,1774301392385000000,0
cacheStateStorage.get.counter,1774290441461000000,1774301392385000000,0
AWTEventQueue.dispatchTimeTotalNS,1774290441461000000,1774301392385000000,71770246
FlushQueue.waitingTimeMaxNs,1774290441461000000,1774301392385000000,0
NonBlockingReadAction.failedExecutionsCount,1774290441461000000,1774301392385000000,0
AWTEventQueue.eventsDispatched,1774290441461000000,1774301392385000000,0
WriteAction.executionsCount,1774290441461000000,1774301392385000000,1
FlushQueue.executionTimeMaxNs,1774290441461000000,1774301392385000000,0
FlushQueue.executionTimeAvgNs,1774290441461000000,1774301392385000000,0.0
ReadAction.executionsCount,1774290441461000000,1774301392385000000,42
FlushQueue.queueSizeAvg,1774290441461000000,1774301392385000000,0.0
FlushQueue.tasksExecuted,1774290441461000000,1774301392385000000,0
NonBlockingReadAction.finalizedExecutionsCount,1774290441461000000,1774301392385000000,0
NonBlockingReadAction.finalizedExecutionTimeUs,1774290441461000000,1774301392385000000,0
AWTEventQueue.dispatchTime90PNs,1774290441461000000,1774301392385000000,0
AWTEventQueue.dispatchTimeAvgNs,1774290441461000000,1774301392385000000,0.0
FlushQueue.queueSizeMax,1774290441461000000,1774301392385000000,0
FlushQueue.executionTime90PNs,1774290441461000000,1774301392385000000,0
AWTEventQueue.dispatchTimeMaxNs,1774290441461000000,1774301392385000000,0
FlushQueue.queueSize90P,1774290441461000000,1774301392385000000,0
FlushQueue.waitingTime90PNs,1774290441461000000,1774301392385000000,0
FlushQueue.waitingTimeAvgNs,1774290441461000000,1774301392385000000,0.0
NonBlockingReadAction.failedExecutionTimeUs,1774290441461000000,1774301392385000000,0
JVM.totalTimeAtSafepointsMs,1774290441461000000,1774301392385000000,0
JVM.totalBytesAllocated,1774290441461000000,1774301392385000000,17690032
JVM.maxHeapBytes,1774290441461000000,1774301392385000000,2147483648
JVM.newThreadsCount,1774290441461000000,1774301392385000000,0
JVM.totalTimeToSafepointsMs,1774290441461000000,1774301392385000000,1
JVM.totalCpuTimeMs,1774290441461000000,1774301392385000000,1349
JVM.totalSafepointCount,1774290441461000000,1774301392385000000,15
JVM.totalDirectByteBuffersBytes,1774290441461000000,1774301392385000000,307300569
JVM.usedHeapBytes,1774290441461000000,1774301392385000000,372113552
JVM.GC.collections,1774290441461000000,1774301392385000000,0
JVM.threadCount,1774290441461000000,1774301392385000000,45
JVM.usedNativeBytes,1774290441461000000,1774301392385000000,400134576
JVM.maxThreadCount,1774290441461000000,1774301392385000000,125
OS.loadAverage,1774290441461000000,1774301392385000000,41.51416015625
JVM.GC.collectionTimesMs,1774290441461000000,1774301392385000000,0
writeAction.max.wait.ms,1774290441461000000,1774301392385000000,786
writeAction.count,1774290441461000000,1774301392385000000,1
DiskQueryRelay.taskWaitingTotalTimeUs,1774290441461000000,1774301392385000000,0
writeAction.wait.ms,1774290441461000000,1774301392385000000,0
writeAction.median.wait.ms,1774290441461000000,1774301392385000000,1200
DiskQueryRelay.tasksExecuted,1774290441461000000,1774301392385000000,0
DiskQueryRelay.tasksRequested,1774290441461000000,1774301392385000000,0
DiskQueryRelay.taskExecutionTotalTimeUs,1774290441461000000,1774301392385000000,0
Indexes.allKeys.lookups,1774290441461000000,1774301392385000000,0
IndexesFlusher.totalFlushesRetried,1774290441461000000,1774301392385000000,0
IndexesFlusher.totalFlushingTimeUs,1774290441461000000,1774301392385000000,345281
Indexes.allKeys.lookupDuration90PMs,1774290441461000000,1774301392385000000,0.0
Indexes.entries.lookupDuration90PMs,1774290441461000000,1774301392385000000,0.0
Indexing.writer_0.totalTimeSpentWritingMs,1774290441461000000,1774301392385000000,0
Indexing.cache.totalCacheAccesses,1774290441461000000,1774301392385000000,0
Indexes.allKeys.lookupDurationAvgMs,1774290441461000000,1774301392385000000,0.0
Indexing.cache.totalCacheMisses,1774290441461000000,1774301392385000000,0
Indexing.writesQueuedMax,1774290441461000000,1774301392385000000,0
Indexing.totalTimeIndexersSleptMs,1774290441461000000,1774301392385000000,0
Indexes.stubs.lookupDurationMaxMs,1774290441461000000,1774301392385000000,0.0
IndexesFlusher.totalFlushes,1774290441461000000,1774301392385000000,59
Indexing.cache.totalCacheEvicted,1774290441461000000,1774301392385000000,0
Indexes.allKeys.lookupDurationMaxMs,1774290441461000000,1774301392385000000,0.0
IndexesFlusher.totalContentionQuotaSpent,1774290441461000000,1774301392385000000,0
Indexing.writesQueuedMin,1774290441461000000,1774301392385000000,9223372036854775807
Indexing.writer_2.totalTimeSpentWritingMs,1774290441461000000,1774301392385000000,0
Indexes.stubs.lookupDuration90PMs,1774290441461000000,1774301392385000000,0.0
Indexes.stubs.lookups,1774290441461000000,1774301392385000000,0
Indexing.writer_1.totalTimeSpentWritingMs,1774290441461000000,1774301392385000000,0
Indexes.entries.lookupDurationMaxMs,1774290441461000000,1774301392385000000,0.0
Indexes.stubs.lookupDurationAvgMs,1774290441461000000,1774301392385000000,0.0
Indexing.writer_3.totalTimeSpentWritingMs,1774290441461000000,1774301392385000000,0
Indexes.entries.lookupDurationAvgMs,1774290441461000000,1774301392385000000,0.0
Indexes.entries.lookups,1774290441461000000,1774301392385000000,0
FilePageCacheLockFree.totalNativeBytesAllocated,1774290441461000000,1774301392385000000,0
DirectByteBufferAllocator.totalSizeOfBuffersAllocatedInBytes,1774290441461000000,1774301392385000000,305160192
FilePageCache.capacityInBytes,1774290441461000000,1774301392385000000,503316478
DirectByteBufferAllocator.totalSizeOfBuffersCachedInBytes,1774290441461000000,1774301392385000000,13631488
FilePageCacheLockFree.housekeeperTurnsDone,1774290441461000000,1774301392385000000,0
StreamlinedBlobStorage.totalLiveRecordsPayloadBytes,1774290441461000000,1774301392385000000,0
FileChannelInterruptsRetryer.totalRetriedAttempts,1774290441461000000,1774301392385000000,0
FilePageCache.uncachedFileAccess,1774290441461000000,1774301392385000000,0
StorageLockContext.competingThreads.max,1774290441461000000,1774301392385000000,0
DirectByteBufferAllocator.reclaimed,1774290441461000000,1774301392385000000,0
FilePageCache.pageLoadsAboveSizeThreshold,1774290441461000000,1774301392385000000,0
MappedFileStorage.storages,1774290441461000000,1774301392385000000,16
FilePageCacheLockFree.totalPagesAllocated,1774290441461000000,1774301392385000000,0
FilePageCacheLockFree.totalBytesWritten,1774290441461000000,1774301392385000000,0
FilePageCacheLockFree.totalPagesReclaimed,1774290441461000000,1774301392385000000,0
FilePageCache.disposedBuffers,1774290441461000000,1774301392385000000,0
FilePageCache.totalPageLoadsUs,1774290441461000000,1774301392385000000,0
StreamlinedBlobStorage.recordsRelocated,1774290441461000000,1774301392385000000,0
StreamlinedBlobStorage.recordsAllocated,1774290441461000000,1774301392385000000,0
FilePageCacheLockFree.housekeeperTurnsSkipped,1774290441461000000,1774301392385000000,0
FilePageCacheLockFree.totalPagesWriteMs,1774290441461000000,1774301392385000000,0
FilePageCacheLockFree.totalPagesRequested,1774290441461000000,1774301392385000000,0
FilePageCache.maxRegisteredFiles,1774290441461000000,1774301392385000000,547
FilePageCache.maxCacheSizeInBytes,1774290441461000000,1774301392385000000,305160192
FilePageCacheLockFree.totalPagesReadMs,1774290441461000000,1774301392385000000,0
FilePageCacheLockFree.totalBytesRequested,1774290441461000000,1774301392385000000,0
FilePageCacheLockFree.totalPageAllocationsWaited,1774290441461000000,1774301392385000000,0
DirectByteBufferAllocator.hits,1774290441461000000,1774301392385000000,0
FilePageCache.totalPageDisposalsUs,1774290441461000000,1774301392385000000,0
StorageLockContext.competingThreads.avg,1774290441461000000,1774301392385000000,0.0
FilePageCacheLockFree.totalPagesWritten,1774290441461000000,1774301392385000000,0
MappedFileStorage.totalBytesMapped,1774290441461000000,1774301392385000000,252968960
FilePageCacheLockFree.heapBytesInUse,1774290441461000000,1774301392385000000,0
MappedFileStorage.totalTimeSpentOnMappingUs,1774290441461000000,1774301392385000000,12833
FilePageCacheLockFree.nativeBytesInUse,1774290441461000000,1774301392385000000,0
DirectByteBufferAllocator.disposed,1774290441461000000,1774301392385000000,0
FilePageCacheLockFree.totalHeapBytesAllocated,1774290441461000000,1774301392385000000,0
StreamlinedBlobStorage.totalLiveRecordsCapacityBytes,1774290441461000000,1774301392385000000,0
MappedFileStorage.totalPagesMapped,1774290441461000000,1774301392385000000,21
FilePageCacheLockFree.totalPagesHandedOver,1774290441461000000,1774301392385000000,0
FilePageCacheLockFree.housekeeperTimeSpentMs,1774290441461000000,1774301392385000000,0
FilePageCacheLockFree.totalPagesRequestsMs,1774290441461000000,1774301392385000000,0
FilePageCacheLockFree.totalHeapBytesReclaimed,1774290441461000000,1774301392385000000,0
FilePageCache.pageLoads,1774290441461000000,1774301392385000000,0
FilePageCacheLockFree.totalBytesRead,1774290441461000000,1774301392385000000,0
FilePageCacheLockFree.totalNativeBytesReclaimed,1774290441461000000,1774301392385000000,0
DirectByteBufferAllocator.misses,1774290441461000000,1774301392385000000,0
FilePageCacheLockFree.totalClosedStoragesReclaimed,1774290441461000000,1774301392385000000,0
StreamlinedBlobStorage.recordsDeleted,1774290441461000000,1774301392385000000,0
StorageLockContext.competingThreads.90P,1774290441461000000,1774301392385000000,0
FilePageCache.pageHits,1774290441461000000,1774301392385000000,0
FilePageCache.pageFastCacheHits,1774290441461000000,1774301392385000000,0
compiler.ArtifactManagerBridge.initBridges.ms,1774290441461000000,1774301392385000000,0
compiler.ArtifactManagerBridge.commit.ms,1774290441461000000,1774301392385000000,0
compiler.ArtifactManagerBridge.getArtifactsByType.ms,1774290441461000000,1774301392385000000,0
compiler.ArtifactManagerBridge.getArtifacts.ms,1774290441461000000,1774301392385000000,0
compiler.ArtifactManagerBridge.dropMappings.ms,1774290441461000000,1774301392385000000,0
compiler.ArtifactVirtualFileListener.propertyChanged.ms,1774290441461000000,1774301392385000000,0
compiler.ArtifactManagerBridge.addArtifact.ms,1774290441461000000,1774301392385000000,0
compiler.ArtifactManagerBridge.findArtifact.ms,1774290441461000000,1774301392385000000,0
compiler.ArtifactVirtualFileListener.filePathChanged.ms,1774290441461000000,1774301392385000000,0
workspaceModel.workspaceFileIndexData.processFileSets.ms,1774290441461000000,1774301392385000000,0
workspaceModel.cachedValueWithParameters.calculated.count,1774290441461000000,1774301392385000000,0
workspaceModel.update.unloaded.entities.ms,1774290441461000000,1774301392385000000,0
workspaceModel.workspaceFileIndexData.instances.count,1774290441461000000,1774301392385000000,0
workspaceModel.cachedValueWithParameters.from.cache.count,1774290441461000000,1774301392385000000,0
workspaceModel.to.snapshot.ms,1774290441461000000,1774301392385000000,0
workspaceModel.workspaceFileIndexData.onEntitiesChanged.ms,1774290441461000000,1774301392385000000,0
workspaceModel.cachedValue.total.get.count,1774290441461000000,1774301392385000000,0
workspaceModel.on.changed.ms,1774290441461000000,1774301392385000000,0
workspaceModel.check.recursive.update.ms,1774290441461000000,1774301392385000000,0
workspaceModel.workspaceFileIndexData.markDirty.ms,1774290441461000000,1774301392385000000,0
workspaceModel.updates.ms,1774290441461000000,1774301392385000000,0
workspaceModel.workspaceFileIndexData.updateDirtyEntities.ms,1774290441461000000,1774301392385000000,0
workspaceModel.initializing.ms,1774290441461000000,1774301392385000000,0
workspaceModel.workspaceFileIndexData.visitFileSets.ms,1774290441461000000,1774301392385000000,0
workspaceModel.replace.project.model.ms,1774290441461000000,1774301392385000000,0
workspaceModel.cachedValueWithParameters.clear.count,1774290441461000000,1774301392385000000,0
workspaceModel.on.before.changed.ms,1774290441461000000,1774301392385000000,0
workspaceModel.init.bridges.ms,1774290441461000000,1774301392385000000,0
workspaceModel.collect.changes.ms,1774290441461000000,1774301392385000000,0
workspaceModel.updates.precise.ms,1774290441461000000,1774301392385000000,0
workspaceModel.cachedValue.clear.count,1774290441461000000,1774301392385000000,0
workspaceModel.workspaceFileIndexData.getFileInfo.ms,1774290441461000000,1774301392385000000,0
workspaceModel.workspaceFileIndexData.init.ms,1774290441461000000,1774301392385000000,0
workspaceModel.cachedValueWithParameters.total.get.count,1774290441461000000,1774301392385000000,0
workspaceModel.workspaceFileIndexContributor.registerFileSets.ms,1774290441461000000,1774301392385000000,0
workspaceModel.loading.from.cache.ms,1774290441461000000,1774301392385000000,0
workspaceModel.workspaceFileIndexData.getDirectoriesByPackageName.ms,1774290441461000000,1774301392385000000,0
workspaceModel.workspaceFileIndexData.getPackageName.ms,1774290441461000000,1774301392385000000,0
workspaceModel.loading.total.ms,1774290441461000000,1774301392385000000,0
workspaceModel.cachedValue.from.cache.count,1774290441461000000,1774301392385000000,0
workspaceModel.updates.count,1774290441461000000,1774301392385000000,0
workspaceModel.cachedValue.calculated.count,1774290441461000000,1774301392385000000,0
workspaceModel.entityStorageSnapshotImpl.instances.count,1774290441461000000,1774301392385000000,0
workspaceModel.full.replace.project.model.ms,1774290441461000000,1774301392385000000,0
workspaceModel.pre.handlers.ms,1774290441461000000,1774301392385000000,0
VFS.contentStorage.recordsStoredSize,1774290441461000000,1774301392385000000,0
VFS.contentStorage.recordsDeduplicated,1774290441461000000,1774301392385000000,0
VFS.fileByIdCache.hits,1774290441461000000,1774301392385000000,0
FileNameCache.queries,1774290441461000000,1774301392385000000,0
VFS.contentStorage.recordsReadSize,1774290441461000000,1774301392385000000,0
FileNameCache.totalMisses,1774290441461000000,1774301392385000000,0
VFS.invertedFileNameIndex.requests,1774290441461000000,1774301392385000000,0
VFS.contentStorage.recordsDecompressionTimeUs,1774290441461000000,1774301392385000000,0
VFS.contentStorage.recordsReadDecompressed,1774290441461000000,1774301392385000000,0
VFS.contentStorage.recordsStoredCompressed,1774290441461000000,1774301392385000000,0
VFS.fileByIdCache.misses,1774290441461000000,1774301392385000000,0
VFS.contentStorage.recordsUncompressedSize,1774290441461000000,1774301392385000000,0
VFS.fileChildByName,1774290441461000000,1774301392385000000,0
VFS.contentStorage.recordsStored,1774290441461000000,1774301392385000000,0
VFS.contentStorage.recordsRead,1774290441461000000,1774301392385000000,0
workspaceModel.moduleBridge.before.changed.ms,1774301392385000000,1774311050638000000,0
workspaceModel.moduleManagerBridge.new.nonPersistent.module.ms,1774301392385000000,1774311050638000000,0
workspaceModel.mutableEntityStorage.add.entity.ms,1774301392385000000,1774311050638000000,0
workspaceModel.moduleManagerBridge.load.all.modules.ms,1774301392385000000,1774311050638000000,0
jps.app.storage.content.writer.save.component.ms,1774301392385000000,1774311050638000000,0
jps.global.handle.before.change.events.ms,1774301392385000000,1774311050638000000,0
workspaceModel.moduleManagerBridge.build.module.graph.ms,1774301392385000000,1774311050638000000,0
workspaceModel.mutableEntityStorage.to.snapshot.ms,1774301392385000000,1774311050638000000,0
jps.module.iml.entities.serializer.save.entities.ms,1774301392385000000,1774311050638000000,0
workspaceModel.mutableEntityStorage.remove.entity.ms,1774301392385000000,1774311050638000000,0
jps.library.entities.serializer.load.entities.ms,1774301392385000000,1774311050638000000,0
workspaceModel.mutableEntityStorage.entities.ms,1774301392385000000,1774311050638000000,0
workspaceModel.save.cache.to.file.ms,1774301392385000000,1774311050638000000,0
jps.global.handle.changed.events.ms,1774301392385000000,1774311050638000000,0
jps.facet.change.listener.process.change.events.ms,1774301392385000000,1774311050638000000,0
jps.global.get.library.by.name.ms,1774301392385000000,1774311050638000000,0
workspaceModel.mutableEntityStorage.changeLog.addReplaceEventForRemovedParent.ms,1774301392385000000,1774311050638000000,0
workspaceModel.mutableEntityStorage.replace.by.source.ms,1774301392385000000,1774311050638000000,0
jps.project.serializers.load.ms,1774301392385000000,1774311050638000000,0
jps.global.get.libraries.ms,1774301392385000000,1774311050638000000,0
jps.load.project.to.empty.storage.ms,1774301392385000000,1774311050638000000,0
workspaceModel.mutableEntityStorage.mutable.vfurl.index.ms,1774301392385000000,1774311050638000000,0
workspaceModel.load.cache.from.file.ms,1774301392385000000,1774311050638000000,0
jps.storage.jps.conf.reader.load.component.ms,1774301392385000000,1774311050638000000,0
jps.global.initialize.library.bridges.after.loading.ms,1774301392385000000,1774311050638000000,0
workspaceModel.sync.entities.ms,1774301392385000000,1774311050638000000,0
jps.global.get.library.ms,1774301392385000000,1774311050638000000,0
workspaceModel.global.apply.state.to.project.builder.ms,1774301392385000000,1774311050638000000,0
workspaceModel.moduleManagerBridge.newModule.ms,1774301392385000000,1774311050638000000,0
workspaceModel.mutableEntityStorage.put.entity.ms,1774301392385000000,1774311050638000000,0
jps.reload.project.entities.ms,1774301392385000000,1774311050638000000,0
jps.apply.loaded.storage.ms,1774301392385000000,1774311050638000000,0
workspaceModel.moduleBridge.update.option.ms,1774301392385000000,1774311050638000000,0
jps.facet.change.listener.before.change.events.ms,1774301392385000000,1774311050638000000,0
workspaceModel.global.updates.ms,1774301392385000000,1774311050638000000,0
workspaceModel.moduleBridge.facet.initialization.ms,1774301392385000000,1774311050638000000,0
jps.artifact.entities.serializer.save.entities.ms,1774301392385000000,1774311050638000000,0
workspaceModel.delayed.project.synchronizer.sync.ms,1774301392385000000,1774311050638000000,0
workspaceModel.mutableEntityStorage.changeLog.addReplaceEventForNewParent.ms,1774301392385000000,1774311050638000000,0
workspaceModel.moduleManagerBridge.load.module.ms,1774301392385000000,1774311050638000000,0
jps.app.storage.content.reader.load.component.ms,1774301392385000000,1774311050638000000,0
jps.artifact.entities.serializer.load.entities.ms,1774301392385000000,1774311050638000000,0
workspaceModel.moduleBridgeLoader.loading.modules.ms,1774301392385000000,1774311050638000000,0
workspaceModel.global.updates.count,1774301392385000000,1774311050638000000,0
workspaceModel.orphan.listener.update.ms,1774301392385000000,1774311050638000000,0
workspaceModel.global.apply.state.to.project.ms,1774301392385000000,1774311050638000000,0
workspaceModel.mutableEntityStorage.has.same.entities.ms,1774301392385000000,1774311050638000000,0
workspaceModel.mutableEntityStorage.modify.entity.ms,1774301392385000000,1774311050638000000,0
workspaceModel.mutableEntityStorage.instances.count,1774301392385000000,1774311050638000000,0
jps.module.iml.entities.serializer.load.entities.ms,1774301392385000000,1774311050638000000,0
workspaceModel.mutableEntityStorage.mutable.ext.mapping.ms,1774301392385000000,1774311050638000000,0
workspaceModel.mutableEntityStorage.changeLog.addReplaceEventForRemovedChild.ms,1774301392385000000,1774311050638000000,0
workspaceModel.load.cache.metadata.from.file.ms,1774301392385000000,1774311050638000000,0
workspaceModel.moduleManagerBridge.create.module.instance.ms,1774301392385000000,1774311050638000000,0
workspaceModel.moduleManagerBridge.set.unloadedModules.ms,1774301392385000000,1774311050638000000,0
jps.library.entities.serializer.save.entities.ms,1774301392385000000,1774311050638000000,0
workspaceModel.do.save.caches.ms,1774301392385000000,1774311050638000000,0
jps.save.global.entities.ms,1774301392385000000,1774311050638000000,0
jps.global.initialize.library.bridges.ms,1774301392385000000,1774311050638000000,0
workspaceModel.mutableEntityStorage.collect.changes.ms,1774301392385000000,1774311050638000000,0
workspaceModel.mutableEntityStorage.resolve.ms,1774301392385000000,1774311050638000000,0
workspaceModel.moduleManagerBridge.get.modules.ms,1774301392385000000,1774311050638000000,0
workspaceModel.mutableEntityStorage.referrers.ms,1774301392385000000,1774311050638000000,0
jps.save.changed.project.entities.ms,1774301392385000000,1774311050638000000,0
workspaceModel.mutableEntityStorage.entities.by.source.ms,1774301392385000000,1774311050638000000,0
workspaceModel.mutableEntityStorage.apply.changes.from.ms,1774301392385000000,1774311050638000000,0
jps.module.dependency.index.workspace.model.listener.on.changed.ms,1774301392385000000,1774311050638000000,0
jps.project.serializers.save.ms,1774301392385000000,1774311050638000000,0
workspaceModel.mutableEntityStorage.changeLog.addReplaceEventForNewChild.ms,1774301392385000000,1774311050638000000,0
jps.facet.change.listener.init.bridge.ms,1774301392385000000,1774311050638000000,0
jps.load.initial.state.ms,1774301392385000000,1774311050638000000,0
cacheStateStorage.set.duration,1774301392385000000,1774311050638000000,0
cacheStateStorage.get.duration,1774301392385000000,1774311050638000000,0
cacheStateStorage.set.counter,1774301392385000000,1774311050638000000,0
cacheStateStorage.get.counter,1774301392385000000,1774311050638000000,0
AWTEventQueue.dispatchTimeTotalNS,1774301392385000000,1774311050638000000,39408118
FlushQueue.waitingTimeMaxNs,1774301392385000000,1774311050638000000,0
NonBlockingReadAction.failedExecutionsCount,1774301392385000000,1774311050638000000,0
AWTEventQueue.eventsDispatched,1774301392385000000,1774311050638000000,0
WriteAction.executionsCount,1774301392385000000,1774311050638000000,0
FlushQueue.executionTimeMaxNs,1774301392385000000,1774311050638000000,0
FlushQueue.executionTimeAvgNs,1774301392385000000,1774311050638000000,0.0
ReadAction.executionsCount,1774301392385000000,1774311050638000000,0
FlushQueue.queueSizeAvg,1774301392385000000,1774311050638000000,0.0
FlushQueue.tasksExecuted,1774301392385000000,1774311050638000000,0
NonBlockingReadAction.finalizedExecutionsCount,1774301392385000000,1774311050638000000,0
NonBlockingReadAction.finalizedExecutionTimeUs,1774301392385000000,1774311050638000000,0
AWTEventQueue.dispatchTime90PNs,1774301392385000000,1774311050638000000,0
AWTEventQueue.dispatchTimeAvgNs,1774301392385000000,1774311050638000000,0.0
FlushQueue.queueSizeMax,1774301392385000000,1774311050638000000,0
FlushQueue.executionTime90PNs,1774301392385000000,1774311050638000000,0
AWTEventQueue.dispatchTimeMaxNs,1774301392385000000,1774311050638000000,0
FlushQueue.queueSize90P,1774301392385000000,1774311050638000000,0
FlushQueue.waitingTime90PNs,1774301392385000000,1774311050638000000,0
FlushQueue.waitingTimeAvgNs,1774301392385000000,1774311050638000000,0.0
NonBlockingReadAction.failedExecutionTimeUs,1774301392385000000,1774311050638000000,0
JVM.totalTimeAtSafepointsMs,1774301392385000000,1774311050638000000,95
JVM.totalBytesAllocated,1774301392385000000,1774311050638000000,55605792
JVM.maxHeapBytes,1774301392385000000,1774311050638000000,2147483648
JVM.newThreadsCount,1774301392385000000,1774311050638000000,28
JVM.totalTimeToSafepointsMs,1774301392385000000,1774311050638000000,1
JVM.totalCpuTimeMs,1774301392385000000,1774311050638000000,2583
JVM.totalSafepointCount,1774301392385000000,1774311050638000000,14
JVM.totalDirectByteBuffersBytes,1774301392385000000,1774311050638000000,308319036
JVM.usedHeapBytes,1774301392385000000,1774311050638000000,368830216
JVM.GC.collections,1774301392385000000,1774311050638000000,3
JVM.threadCount,1774301392385000000,1774311050638000000,66
JVM.usedNativeBytes,1774301392385000000,1774311050638000000,401533080
JVM.maxThreadCount,1774301392385000000,1774311050638000000,125
OS.loadAverage,1774301392385000000,1774311050638000000,37.57080078125
JVM.GC.collectionTimesMs,1774301392385000000,1774311050638000000,94
writeAction.max.wait.ms,1774301392385000000,1774311050638000000,786
writeAction.count,1774301392385000000,1774311050638000000,0
DiskQueryRelay.taskWaitingTotalTimeUs,1774301392385000000,1774311050638000000,0
writeAction.wait.ms,1774301392385000000,1774311050638000000,0
writeAction.median.wait.ms,1774301392385000000,1774311050638000000,1200
DiskQueryRelay.tasksExecuted,1774301392385000000,1774311050638000000,0
DiskQueryRelay.tasksRequested,1774301392385000000,1774311050638000000,0
DiskQueryRelay.taskExecutionTotalTimeUs,1774301392385000000,1774311050638000000,0
Indexes.allKeys.lookups,1774301392385000000,1774311050638000000,0
IndexesFlusher.totalFlushesRetried,1774301392385000000,1774311050638000000,0
IndexesFlusher.totalFlushingTimeUs,1774301392385000000,1774311050638000000,260363
Indexes.allKeys.lookupDuration90PMs,1774301392385000000,1774311050638000000,0.0
Indexes.entries.lookupDuration90PMs,1774301392385000000,1774311050638000000,0.0
Indexing.writer_0.totalTimeSpentWritingMs,1774301392385000000,1774311050638000000,0
Indexing.cache.totalCacheAccesses,1774301392385000000,1774311050638000000,0
Indexes.allKeys.lookupDurationAvgMs,1774301392385000000,1774311050638000000,0.0
Indexing.cache.totalCacheMisses,1774301392385000000,1774311050638000000,0
Indexing.writesQueuedMax,1774301392385000000,1774311050638000000,0
Indexing.totalTimeIndexersSleptMs,1774301392385000000,1774311050638000000,0
Indexes.stubs.lookupDurationMaxMs,1774301392385000000,1774311050638000000,0.0
IndexesFlusher.totalFlushes,1774301392385000000,1774311050638000000,57
Indexing.cache.totalCacheEvicted,1774301392385000000,1774311050638000000,0
Indexes.allKeys.lookupDurationMaxMs,1774301392385000000,1774311050638000000,0.0
IndexesFlusher.totalContentionQuotaSpent,1774301392385000000,1774311050638000000,0
Indexing.writesQueuedMin,1774301392385000000,1774311050638000000,9223372036854775807
Indexing.writer_2.totalTimeSpentWritingMs,1774301392385000000,1774311050638000000,0
Indexes.stubs.lookupDuration90PMs,1774301392385000000,1774311050638000000,0.0
Indexes.stubs.lookups,1774301392385000000,1774311050638000000,0
Indexing.writer_1.totalTimeSpentWritingMs,1774301392385000000,1774311050638000000,0
Indexes.entries.lookupDurationMaxMs,1774301392385000000,1774311050638000000,0.0
Indexes.stubs.lookupDurationAvgMs,1774301392385000000,1774311050638000000,0.0
Indexing.writer_3.totalTimeSpentWritingMs,1774301392385000000,1774311050638000000,0
Indexes.entries.lookupDurationAvgMs,1774301392385000000,1774311050638000000,0.0
Indexes.entries.lookups,1774301392385000000,1774311050638000000,0
FilePageCacheLockFree.totalNativeBytesAllocated,1774301392385000000,1774311050638000000,0
DirectByteBufferAllocator.totalSizeOfBuffersAllocatedInBytes,1774301392385000000,1774311050638000000,305160192
FilePageCache.capacityInBytes,1774301392385000000,1774311050638000000,503316478
DirectByteBufferAllocator.totalSizeOfBuffersCachedInBytes,1774301392385000000,1774311050638000000,13631488
FilePageCacheLockFree.housekeeperTurnsDone,1774301392385000000,1774311050638000000,0
StreamlinedBlobStorage.totalLiveRecordsPayloadBytes,1774301392385000000,1774311050638000000,0
FileChannelInterruptsRetryer.totalRetriedAttempts,1774301392385000000,1774311050638000000,0
FilePageCache.uncachedFileAccess,1774301392385000000,1774311050638000000,0
StorageLockContext.competingThreads.max,1774301392385000000,1774311050638000000,0
DirectByteBufferAllocator.reclaimed,1774301392385000000,1774311050638000000,0
FilePageCache.pageLoadsAboveSizeThreshold,1774301392385000000,1774311050638000000,0
MappedFileStorage.storages,1774301392385000000,1774311050638000000,16
FilePageCacheLockFree.totalPagesAllocated,1774301392385000000,1774311050638000000,0
FilePageCacheLockFree.totalBytesWritten,1774301392385000000,1774311050638000000,0
FilePageCacheLockFree.totalPagesReclaimed,1774301392385000000,1774311050638000000,0
FilePageCache.disposedBuffers,1774301392385000000,1774311050638000000,0
FilePageCache.totalPageLoadsUs,1774301392385000000,1774311050638000000,0
StreamlinedBlobStorage.recordsRelocated,1774301392385000000,1774311050638000000,0
StreamlinedBlobStorage.recordsAllocated,1774301392385000000,1774311050638000000,0
FilePageCacheLockFree.housekeeperTurnsSkipped,1774301392385000000,1774311050638000000,0
FilePageCacheLockFree.totalPagesWriteMs,1774301392385000000,1774311050638000000,0
FilePageCacheLockFree.totalPagesRequested,1774301392385000000,1774311050638000000,0
FilePageCache.maxRegisteredFiles,1774301392385000000,1774311050638000000,547
FilePageCache.maxCacheSizeInBytes,1774301392385000000,1774311050638000000,305160192
FilePageCacheLockFree.totalPagesReadMs,1774301392385000000,1774311050638000000,0
FilePageCacheLockFree.totalBytesRequested,1774301392385000000,1774311050638000000,0
FilePageCacheLockFree.totalPageAllocationsWaited,1774301392385000000,1774311050638000000,0
DirectByteBufferAllocator.hits,1774301392385000000,1774311050638000000,0
FilePageCache.totalPageDisposalsUs,1774301392385000000,1774311050638000000,0
StorageLockContext.competingThreads.avg,1774301392385000000,1774311050638000000,0.0
FilePageCacheLockFree.totalPagesWritten,1774301392385000000,1774311050638000000,0
MappedFileStorage.totalBytesMapped,1774301392385000000,1774311050638000000,252968960
FilePageCacheLockFree.heapBytesInUse,1774301392385000000,1774311050638000000,0
MappedFileStorage.totalTimeSpentOnMappingUs,1774301392385000000,1774311050638000000,12833
FilePageCacheLockFree.nativeBytesInUse,1774301392385000000,1774311050638000000,0
DirectByteBufferAllocator.disposed,1774301392385000000,1774311050638000000,0
FilePageCacheLockFree.totalHeapBytesAllocated,1774301392385000000,1774311050638000000,0
StreamlinedBlobStorage.totalLiveRecordsCapacityBytes,1774301392385000000,1774311050638000000,0
MappedFileStorage.totalPagesMapped,1774301392385000000,1774311050638000000,21
FilePageCacheLockFree.totalPagesHandedOver,1774301392385000000,1774311050638000000,0
FilePageCacheLockFree.housekeeperTimeSpentMs,1774301392385000000,1774311050638000000,0
FilePageCacheLockFree.totalPagesRequestsMs,1774301392385000000,1774311050638000000,0
FilePageCacheLockFree.totalHeapBytesReclaimed,1774301392385000000,1774311050638000000,0
FilePageCache.pageLoads,1774301392385000000,1774311050638000000,0
FilePageCacheLockFree.totalBytesRead,1774301392385000000,1774311050638000000,0
FilePageCacheLockFree.totalNativeBytesReclaimed,1774301392385000000,1774311050638000000,0
DirectByteBufferAllocator.misses,1774301392385000000,1774311050638000000,0
FilePageCacheLockFree.totalClosedStoragesReclaimed,1774301392385000000,1774311050638000000,0
StreamlinedBlobStorage.recordsDeleted,1774301392385000000,1774311050638000000,0
StorageLockContext.competingThreads.90P,1774301392385000000,1774311050638000000,0
FilePageCache.pageHits,1774301392385000000,1774311050638000000,0
FilePageCache.pageFastCacheHits,1774301392385000000,1774311050638000000,0
compiler.ArtifactManagerBridge.initBridges.ms,1774301392385000000,1774311050638000000,0
compiler.ArtifactManagerBridge.commit.ms,1774301392385000000,1774311050638000000,0
compiler.ArtifactManagerBridge.getArtifactsByType.ms,1774301392385000000,1774311050638000000,0
compiler.ArtifactManagerBridge.getArtifacts.ms,1774301392385000000,1774311050638000000,0
compiler.ArtifactManagerBridge.dropMappings.ms,1774301392385000000,1774311050638000000,0
compiler.ArtifactVirtualFileListener.propertyChanged.ms,1774301392385000000,1774311050638000000,0
compiler.ArtifactManagerBridge.addArtifact.ms,1774301392385000000,1774311050638000000,0
compiler.ArtifactManagerBridge.findArtifact.ms,1774301392385000000,1774311050638000000,0
compiler.ArtifactVirtualFileListener.filePathChanged.ms,1774301392385000000,1774311050638000000,0
workspaceModel.workspaceFileIndexData.processFileSets.ms,1774301392385000000,1774311050638000000,0
workspaceModel.cachedValueWithParameters.calculated.count,1774301392385000000,1774311050638000000,0
workspaceModel.update.unloaded.entities.ms,1774301392385000000,1774311050638000000,0
workspaceModel.workspaceFileIndexData.instances.count,1774301392385000000,1774311050638000000,0
workspaceModel.cachedValueWithParameters.from.cache.count,1774301392385000000,1774311050638000000,0
workspaceModel.to.snapshot.ms,1774301392385000000,1774311050638000000,0
workspaceModel.workspaceFileIndexData.onEntitiesChanged.ms,1774301392385000000,1774311050638000000,0
workspaceModel.cachedValue.total.get.count,1774301392385000000,1774311050638000000,0
workspaceModel.on.changed.ms,1774301392385000000,1774311050638000000,0
workspaceModel.check.recursive.update.ms,1774301392385000000,1774311050638000000,0
workspaceModel.workspaceFileIndexData.markDirty.ms,1774301392385000000,1774311050638000000,0
workspaceModel.updates.ms,1774301392385000000,1774311050638000000,0
workspaceModel.workspaceFileIndexData.updateDirtyEntities.ms,1774301392385000000,1774311050638000000,0
workspaceModel.initializing.ms,1774301392385000000,1774311050638000000,0
workspaceModel.workspaceFileIndexData.visitFileSets.ms,1774301392385000000,1774311050638000000,0
workspaceModel.replace.project.model.ms,1774301392385000000,1774311050638000000,0
workspaceModel.cachedValueWithParameters.clear.count,1774301392385000000,1774311050638000000,0
workspaceModel.on.before.changed.ms,1774301392385000000,1774311050638000000,0
workspaceModel.init.bridges.ms,1774301392385000000,1774311050638000000,0
workspaceModel.collect.changes.ms,1774301392385000000,1774311050638000000,0
workspaceModel.updates.precise.ms,1774301392385000000,1774311050638000000,0
workspaceModel.cachedValue.clear.count,1774301392385000000,1774311050638000000,0
workspaceModel.workspaceFileIndexData.getFileInfo.ms,1774301392385000000,1774311050638000000,0
workspaceModel.workspaceFileIndexData.init.ms,1774301392385000000,1774311050638000000,0
workspaceModel.cachedValueWithParameters.total.get.count,1774301392385000000,1774311050638000000,0
workspaceModel.workspaceFileIndexContributor.registerFileSets.ms,1774301392385000000,1774311050638000000,0
workspaceModel.loading.from.cache.ms,1774301392385000000,1774311050638000000,0
workspaceModel.workspaceFileIndexData.getDirectoriesByPackageName.ms,1774301392385000000,1774311050638000000,0
workspaceModel.workspaceFileIndexData.getPackageName.ms,1774301392385000000,1774311050638000000,0
workspaceModel.loading.total.ms,1774301392385000000,1774311050638000000,0
workspaceModel.cachedValue.from.cache.count,1774301392385000000,1774311050638000000,0
workspaceModel.updates.count,1774301392385000000,1774311050638000000,0
workspaceModel.cachedValue.calculated.count,1774301392385000000,1774311050638000000,0
workspaceModel.entityStorageSnapshotImpl.instances.count,1774301392385000000,1774311050638000000,0
workspaceModel.full.replace.project.model.ms,1774301392385000000,1774311050638000000,0
workspaceModel.pre.handlers.ms,1774301392385000000,1774311050638000000,0
VFS.contentStorage.recordsStoredSize,1774301392385000000,1774311050638000000,0
VFS.contentStorage.recordsDeduplicated,1774301392385000000,1774311050638000000,0
VFS.fileByIdCache.hits,1774301392385000000,1774311050638000000,0
FileNameCache.queries,1774301392385000000,1774311050638000000,0
VFS.contentStorage.recordsReadSize,1774301392385000000,1774311050638000000,0
FileNameCache.totalMisses,1774301392385000000,1774311050638000000,0
VFS.invertedFileNameIndex.requests,1774301392385000000,1774311050638000000,0
VFS.contentStorage.recordsDecompressionTimeUs,1774301392385000000,1774311050638000000,0
VFS.contentStorage.recordsReadDecompressed,1774301392385000000,1774311050638000000,0
VFS.contentStorage.recordsStoredCompressed,1774301392385000000,1774311050638000000,0
VFS.fileByIdCache.misses,1774301392385000000,1774311050638000000,0
VFS.contentStorage.recordsUncompressedSize,1774301392385000000,1774311050638000000,0
VFS.fileChildByName,1774301392385000000,1774311050638000000,0
VFS.contentStorage.recordsStored,1774301392385000000,1774311050638000000,0
VFS.contentStorage.recordsRead,1774301392385000000,1774311050638000000,0
workspaceModel.moduleBridge.before.changed.ms,1774311050638000000,1774314714771000000,0
workspaceModel.moduleManagerBridge.new.nonPersistent.module.ms,1774311050638000000,1774314714771000000,0
workspaceModel.mutableEntityStorage.add.entity.ms,1774311050638000000,1774314714771000000,0
workspaceModel.moduleManagerBridge.load.all.modules.ms,1774311050638000000,1774314714771000000,0
jps.app.storage.content.writer.save.component.ms,1774311050638000000,1774314714771000000,0
jps.global.handle.before.change.events.ms,1774311050638000000,1774314714771000000,0
workspaceModel.moduleManagerBridge.build.module.graph.ms,1774311050638000000,1774314714771000000,0
workspaceModel.mutableEntityStorage.to.snapshot.ms,1774311050638000000,1774314714771000000,0
jps.module.iml.entities.serializer.save.entities.ms,1774311050638000000,1774314714771000000,0
workspaceModel.mutableEntityStorage.remove.entity.ms,1774311050638000000,1774314714771000000,0
jps.library.entities.serializer.load.entities.ms,1774311050638000000,1774314714771000000,0
workspaceModel.mutableEntityStorage.entities.ms,1774311050638000000,1774314714771000000,0
workspaceModel.save.cache.to.file.ms,1774311050638000000,1774314714771000000,0
jps.global.handle.changed.events.ms,1774311050638000000,1774314714771000000,0
jps.facet.change.listener.process.change.events.ms,1774311050638000000,1774314714771000000,0
jps.global.get.library.by.name.ms,1774311050638000000,1774314714771000000,0
workspaceModel.mutableEntityStorage.changeLog.addReplaceEventForRemovedParent.ms,1774311050638000000,1774314714771000000,0
workspaceModel.mutableEntityStorage.replace.by.source.ms,1774311050638000000,1774314714771000000,0
jps.project.serializers.load.ms,1774311050638000000,1774314714771000000,0
jps.global.get.libraries.ms,1774311050638000000,1774314714771000000,0
jps.load.project.to.empty.storage.ms,1774311050638000000,1774314714771000000,0
workspaceModel.mutableEntityStorage.mutable.vfurl.index.ms,1774311050638000000,1774314714771000000,0
workspaceModel.load.cache.from.file.ms,1774311050638000000,1774314714771000000,0
jps.storage.jps.conf.reader.load.component.ms,1774311050638000000,1774314714771000000,0
jps.global.initialize.library.bridges.after.loading.ms,1774311050638000000,1774314714771000000,0
workspaceModel.sync.entities.ms,1774311050638000000,1774314714771000000,0
jps.global.get.library.ms,1774311050638000000,1774314714771000000,0
workspaceModel.global.apply.state.to.project.builder.ms,1774311050638000000,1774314714771000000,0
workspaceModel.moduleManagerBridge.newModule.ms,1774311050638000000,1774314714771000000,0
workspaceModel.mutableEntityStorage.put.entity.ms,1774311050638000000,1774314714771000000,0
jps.reload.project.entities.ms,1774311050638000000,1774314714771000000,0
jps.apply.loaded.storage.ms,1774311050638000000,1774314714771000000,0
workspaceModel.moduleBridge.update.option.ms,1774311050638000000,1774314714771000000,0
jps.facet.change.listener.before.change.events.ms,1774311050638000000,1774314714771000000,0
workspaceModel.global.updates.ms,1774311050638000000,1774314714771000000,0
workspaceModel.moduleBridge.facet.initialization.ms,1774311050638000000,1774314714771000000,0
jps.artifact.entities.serializer.save.entities.ms,1774311050638000000,1774314714771000000,0
workspaceModel.delayed.project.synchronizer.sync.ms,1774311050638000000,1774314714771000000,0
workspaceModel.mutableEntityStorage.changeLog.addReplaceEventForNewParent.ms,1774311050638000000,1774314714771000000,0
workspaceModel.moduleManagerBridge.load.module.ms,1774311050638000000,1774314714771000000,0
jps.app.storage.content.reader.load.component.ms,1774311050638000000,1774314714771000000,0
jps.artifact.entities.serializer.load.entities.ms,1774311050638000000,1774314714771000000,0
workspaceModel.moduleBridgeLoader.loading.modules.ms,1774311050638000000,1774314714771000000,0
workspaceModel.global.updates.count,1774311050638000000,1774314714771000000,0
workspaceModel.orphan.listener.update.ms,1774311050638000000,1774314714771000000,0
workspaceModel.global.apply.state.to.project.ms,1774311050638000000,1774314714771000000,0
workspaceModel.mutableEntityStorage.has.same.entities.ms,1774311050638000000,1774314714771000000,0
workspaceModel.mutableEntityStorage.modify.entity.ms,1774311050638000000,1774314714771000000,0
workspaceModel.mutableEntityStorage.instances.count,1774311050638000000,1774314714771000000,0
jps.module.iml.entities.serializer.load.entities.ms,1774311050638000000,1774314714771000000,0
workspaceModel.mutableEntityStorage.mutable.ext.mapping.ms,1774311050638000000,1774314714771000000,0
workspaceModel.mutableEntityStorage.changeLog.addReplaceEventForRemovedChild.ms,1774311050638000000,1774314714771000000,0
workspaceModel.load.cache.metadata.from.file.ms,1774311050638000000,1774314714771000000,0
workspaceModel.moduleManagerBridge.create.module.instance.ms,1774311050638000000,1774314714771000000,0
workspaceModel.moduleManagerBridge.set.unloadedModules.ms,1774311050638000000,1774314714771000000,0
jps.library.entities.serializer.save.entities.ms,1774311050638000000,1774314714771000000,0
workspaceModel.do.save.caches.ms,1774311050638000000,1774314714771000000,0
jps.save.global.entities.ms,1774311050638000000,1774314714771000000,0
jps.global.initialize.library.bridges.ms,1774311050638000000,1774314714771000000,0
workspaceModel.mutableEntityStorage.collect.changes.ms,1774311050638000000,1774314714771000000,0
workspaceModel.mutableEntityStorage.resolve.ms,1774311050638000000,1774314714771000000,0
workspaceModel.moduleManagerBridge.get.modules.ms,1774311050638000000,1774314714771000000,0
workspaceModel.mutableEntityStorage.referrers.ms,1774311050638000000,1774314714771000000,0
jps.save.changed.project.entities.ms,1774311050638000000,1774314714771000000,0
workspaceModel.mutableEntityStorage.entities.by.source.ms,1774311050638000000,1774314714771000000,0
workspaceModel.mutableEntityStorage.apply.changes.from.ms,1774311050638000000,1774314714771000000,0
jps.module.dependency.index.workspace.model.listener.on.changed.ms,1774311050638000000,1774314714771000000,0
jps.project.serializers.save.ms,1774311050638000000,1774314714771000000,0
workspaceModel.mutableEntityStorage.changeLog.addReplaceEventForNewChild.ms,1774311050638000000,1774314714771000000,0
jps.facet.change.listener.init.bridge.ms,1774311050638000000,1774314714771000000,0
jps.load.initial.state.ms,1774311050638000000,1774314714771000000,0
cacheStateStorage.set.duration,1774311050638000000,1774314714771000000,0
cacheStateStorage.get.duration,1774311050638000000,1774314714771000000,0
cacheStateStorage.set.counter,1774311050638000000,1774314714771000000,0
cacheStateStorage.get.counter,1774311050638000000,1774314714771000000,0
AWTEventQueue.dispatchTimeTotalNS,1774311050638000000,1774314714771000000,48234793
FlushQueue.waitingTimeMaxNs,1774311050638000000,1774314714771000000,0
NonBlockingReadAction.failedExecutionsCount,1774311050638000000,1774314714771000000,0
AWTEventQueue.eventsDispatched,1774311050638000000,1774314714771000000,0
WriteAction.executionsCount,1774311050638000000,1774314714771000000,0
FlushQueue.executionTimeMaxNs,1774311050638000000,1774314714771000000,0
FlushQueue.executionTimeAvgNs,1774311050638000000,1774314714771000000,0.0
ReadAction.executionsCount,1774311050638000000,1774314714771000000,0
FlushQueue.queueSizeAvg,1774311050638000000,1774314714771000000,0.0
FlushQueue.tasksExecuted,1774311050638000000,1774314714771000000,0
NonBlockingReadAction.finalizedExecutionsCount,1774311050638000000,1774314714771000000,0
NonBlockingReadAction.finalizedExecutionTimeUs,1774311050638000000,1774314714771000000,0
AWTEventQueue.dispatchTime90PNs,1774311050638000000,1774314714771000000,0
AWTEventQueue.dispatchTimeAvgNs,1774311050638000000,1774314714771000000,0.0
FlushQueue.queueSizeMax,1774311050638000000,1774314714771000000,0
FlushQueue.executionTime90PNs,1774311050638000000,1774314714771000000,0
AWTEventQueue.dispatchTimeMaxNs,1774311050638000000,1774314714771000000,0
FlushQueue.queueSize90P,1774311050638000000,1774314714771000000,0
FlushQueue.waitingTime90PNs,1774311050638000000,1774314714771000000,0
FlushQueue.waitingTimeAvgNs,1774311050638000000,1774314714771000000,0.0
NonBlockingReadAction.failedExecutionTimeUs,1774311050638000000,1774314714771000000,0
JVM.totalTimeAtSafepointsMs,1774311050638000000,1774314714771000000,0
JVM.totalBytesAllocated,1774311050638000000,1774314714771000000,17299808
JVM.maxHeapBytes,1774311050638000000,1774314714771000000,2147483648
JVM.newThreadsCount,1774311050638000000,1774314714771000000,0
JVM.totalTimeToSafepointsMs,1774311050638000000,1774314714771000000,2
JVM.totalCpuTimeMs,1774311050638000000,1774314714771000000,1224
JVM.totalSafepointCount,1774311050638000000,1774314714771000000,7
JVM.totalDirectByteBuffersBytes,1774311050638000000,1774314714771000000,308314311
JVM.usedHeapBytes,1774311050638000000,1774314714771000000,386656008
JVM.GC.collections,1774311050638000000,1774314714771000000,0
JVM.threadCount,1774311050638000000,1774314714771000000,52
JVM.usedNativeBytes,1774311050638000000,1774314714771000000,402128608
JVM.maxThreadCount,1774311050638000000,1774314714771000000,125
OS.loadAverage,1774311050638000000,1774314714771000000,43.65869140625
JVM.GC.collectionTimesMs,1774311050638000000,1774314714771000000,0
writeAction.max.wait.ms,1774311050638000000,1774314714771000000,786
writeAction.count,1774311050638000000,1774314714771000000,0
DiskQueryRelay.taskWaitingTotalTimeUs,1774311050638000000,1774314714771000000,0
writeAction.wait.ms,1774311050638000000,1774314714771000000,0
writeAction.median.wait.ms,1774311050638000000,1774314714771000000,1200
DiskQueryRelay.tasksExecuted,1774311050638000000,1774314714771000000,0
DiskQueryRelay.tasksRequested,1774311050638000000,1774314714771000000,0
DiskQueryRelay.taskExecutionTotalTimeUs,1774311050638000000,1774314714771000000,0
Indexes.allKeys.lookups,1774311050638000000,1774314714771000000,0
IndexesFlusher.totalFlushesRetried,1774311050638000000,1774314714771000000,0
IndexesFlusher.totalFlushingTimeUs,1774311050638000000,1774314714771000000,359583
Indexes.allKeys.lookupDuration90PMs,1774311050638000000,1774314714771000000,0.0
Indexes.entries.lookupDuration90PMs,1774311050638000000,1774314714771000000,0.0
Indexing.writer_0.totalTimeSpentWritingMs,1774311050638000000,1774314714771000000,0
Indexing.cache.totalCacheAccesses,1774311050638000000,1774314714771000000,0
Indexes.allKeys.lookupDurationAvgMs,1774311050638000000,1774314714771000000,0.0
Indexing.cache.totalCacheMisses,1774311050638000000,1774314714771000000,0
Indexing.writesQueuedMax,1774311050638000000,1774314714771000000,0
Indexing.totalTimeIndexersSleptMs,1774311050638000000,1774314714771000000,0
Indexes.stubs.lookupDurationMaxMs,1774311050638000000,1774314714771000000,0.0
IndexesFlusher.totalFlushes,1774311050638000000,1774314714771000000,60
Indexing.cache.totalCacheEvicted,1774311050638000000,1774314714771000000,0
Indexes.allKeys.lookupDurationMaxMs,1774311050638000000,1774314714771000000,0.0
IndexesFlusher.totalContentionQuotaSpent,1774311050638000000,1774314714771000000,0
Indexing.writesQueuedMin,1774311050638000000,1774314714771000000,9223372036854775807
Indexing.writer_2.totalTimeSpentWritingMs,1774311050638000000,1774314714771000000,0
Indexes.stubs.lookupDuration90PMs,1774311050638000000,1774314714771000000,0.0
Indexes.stubs.lookups,1774311050638000000,1774314714771000000,0
Indexing.writer_1.totalTimeSpentWritingMs,1774311050638000000,1774314714771000000,0
Indexes.entries.lookupDurationMaxMs,1774311050638000000,1774314714771000000,0.0
Indexes.stubs.lookupDurationAvgMs,1774311050638000000,1774314714771000000,0.0
Indexing.writer_3.totalTimeSpentWritingMs,1774311050638000000,1774314714771000000,0
Indexes.entries.lookupDurationAvgMs,1774311050638000000,1774314714771000000,0.0
Indexes.entries.lookups,1774311050638000000,1774314714771000000,0
FilePageCacheLockFree.totalNativeBytesAllocated,1774311050638000000,1774314714771000000,0
DirectByteBufferAllocator.totalSizeOfBuffersAllocatedInBytes,1774311050638000000,1774314714771000000,305160192
FilePageCache.capacityInBytes,1774311050638000000,1774314714771000000,503316478
DirectByteBufferAllocator.totalSizeOfBuffersCachedInBytes,1774311050638000000,1774314714771000000,13631488
FilePageCacheLockFree.housekeeperTurnsDone,1774311050638000000,1774314714771000000,0
StreamlinedBlobStorage.totalLiveRecordsPayloadBytes,1774311050638000000,1774314714771000000,0
FileChannelInterruptsRetryer.totalRetriedAttempts,1774311050638000000,1774314714771000000,0
FilePageCache.uncachedFileAccess,1774311050638000000,1774314714771000000,0
StorageLockContext.competingThreads.max,1774311050638000000,1774314714771000000,0
DirectByteBufferAllocator.reclaimed,1774311050638000000,1774314714771000000,0
FilePageCache.pageLoadsAboveSizeThreshold,1774311050638000000,1774314714771000000,0
MappedFileStorage.storages,1774311050638000000,1774314714771000000,16
FilePageCacheLockFree.totalPagesAllocated,1774311050638000000,1774314714771000000,0
FilePageCacheLockFree.totalBytesWritten,1774311050638000000,1774314714771000000,0
FilePageCacheLockFree.totalPagesReclaimed,1774311050638000000,1774314714771000000,0
FilePageCache.disposedBuffers,1774311050638000000,1774314714771000000,0
FilePageCache.totalPageLoadsUs,1774311050638000000,1774314714771000000,0
StreamlinedBlobStorage.recordsRelocated,1774311050638000000,1774314714771000000,0
StreamlinedBlobStorage.recordsAllocated,1774311050638000000,1774314714771000000,0
FilePageCacheLockFree.housekeeperTurnsSkipped,1774311050638000000,1774314714771000000,0
FilePageCacheLockFree.totalPagesWriteMs,1774311050638000000,1774314714771000000,0
FilePageCacheLockFree.totalPagesRequested,1774311050638000000,1774314714771000000,0
FilePageCache.maxRegisteredFiles,1774311050638000000,1774314714771000000,547
FilePageCache.maxCacheSizeInBytes,1774311050638000000,1774314714771000000,305160192
FilePageCacheLockFree.totalPagesReadMs,1774311050638000000,1774314714771000000,0
FilePageCacheLockFree.totalBytesRequested,1774311050638000000,1774314714771000000,0
FilePageCacheLockFree.totalPageAllocationsWaited,1774311050638000000,1774314714771000000,0
DirectByteBufferAllocator.hits,1774311050638000000,1774314714771000000,0
FilePageCache.totalPageDisposalsUs,1774311050638000000,1774314714771000000,0
StorageLockContext.competingThreads.avg,1774311050638000000,1774314714771000000,0.0
FilePageCacheLockFree.totalPagesWritten,1774311050638000000,1774314714771000000,0
MappedFileStorage.totalBytesMapped,1774311050638000000,1774314714771000000,252968960
FilePageCacheLockFree.heapBytesInUse,1774311050638000000,1774314714771000000,0
MappedFileStorage.totalTimeSpentOnMappingUs,1774311050638000000,1774314714771000000,12833
FilePageCacheLockFree.nativeBytesInUse,1774311050638000000,1774314714771000000,0
DirectByteBufferAllocator.disposed,1774311050638000000,1774314714771000000,0
FilePageCacheLockFree.totalHeapBytesAllocated,1774311050638000000,1774314714771000000,0
StreamlinedBlobStorage.totalLiveRecordsCapacityBytes,1774311050638000000,1774314714771000000,0
MappedFileStorage.totalPagesMapped,1774311050638000000,1774314714771000000,21
FilePageCacheLockFree.totalPagesHandedOver,1774311050638000000,1774314714771000000,0
FilePageCacheLockFree.housekeeperTimeSpentMs,1774311050638000000,1774314714771000000,0
FilePageCacheLockFree.totalPagesRequestsMs,1774311050638000000,1774314714771000000,0
FilePageCacheLockFree.totalHeapBytesReclaimed,1774311050638000000,1774314714771000000,0
FilePageCache.pageLoads,1774311050638000000,1774314714771000000,0
FilePageCacheLockFree.totalBytesRead,1774311050638000000,1774314714771000000,0
FilePageCacheLockFree.totalNativeBytesReclaimed,1774311050638000000,1774314714771000000,0
DirectByteBufferAllocator.misses,1774311050638000000,1774314714771000000,0
FilePageCacheLockFree.totalClosedStoragesReclaimed,1774311050638000000,1774314714771000000,0
StreamlinedBlobStorage.recordsDeleted,1774311050638000000,1774314714771000000,0
StorageLockContext.competingThreads.90P,1774311050638000000,1774314714771000000,0
FilePageCache.pageHits,1774311050638000000,1774314714771000000,0
FilePageCache.pageFastCacheHits,1774311050638000000,1774314714771000000,0
compiler.ArtifactManagerBridge.initBridges.ms,1774311050638000000,1774314714771000000,0
compiler.ArtifactManagerBridge.commit.ms,1774311050638000000,1774314714771000000,0
compiler.ArtifactManagerBridge.getArtifactsByType.ms,1774311050638000000,1774314714771000000,0
compiler.ArtifactManagerBridge.getArtifacts.ms,1774311050638000000,1774314714771000000,0
compiler.ArtifactManagerBridge.dropMappings.ms,1774311050638000000,1774314714771000000,0
compiler.ArtifactVirtualFileListener.propertyChanged.ms,1774311050638000000,1774314714771000000,0
compiler.ArtifactManagerBridge.addArtifact.ms,1774311050638000000,1774314714771000000,0
compiler.ArtifactManagerBridge.findArtifact.ms,1774311050638000000,1774314714771000000,0
compiler.ArtifactVirtualFileListener.filePathChanged.ms,1774311050638000000,1774314714771000000,0
workspaceModel.workspaceFileIndexData.processFileSets.ms,1774311050638000000,1774314714771000000,0
workspaceModel.cachedValueWithParameters.calculated.count,1774311050638000000,1774314714771000000,0
workspaceModel.update.unloaded.entities.ms,1774311050638000000,1774314714771000000,0
workspaceModel.workspaceFileIndexData.instances.count,1774311050638000000,1774314714771000000,0
workspaceModel.cachedValueWithParameters.from.cache.count,1774311050638000000,1774314714771000000,0
workspaceModel.to.snapshot.ms,1774311050638000000,1774314714771000000,0
workspaceModel.workspaceFileIndexData.onEntitiesChanged.ms,1774311050638000000,1774314714771000000,0
workspaceModel.cachedValue.total.get.count,1774311050638000000,1774314714771000000,0
workspaceModel.on.changed.ms,1774311050638000000,1774314714771000000,0
workspaceModel.check.recursive.update.ms,1774311050638000000,1774314714771000000,0
workspaceModel.workspaceFileIndexData.markDirty.ms,1774311050638000000,1774314714771000000,0
workspaceModel.updates.ms,1774311050638000000,1774314714771000000,0
workspaceModel.workspaceFileIndexData.updateDirtyEntities.ms,1774311050638000000,1774314714771000000,0
workspaceModel.initializing.ms,1774311050638000000,1774314714771000000,0
workspaceModel.workspaceFileIndexData.visitFileSets.ms,1774311050638000000,1774314714771000000,0
workspaceModel.replace.project.model.ms,1774311050638000000,1774314714771000000,0
workspaceModel.cachedValueWithParameters.clear.count,1774311050638000000,1774314714771000000,0
workspaceModel.on.before.changed.ms,1774311050638000000,1774314714771000000,0
workspaceModel.init.bridges.ms,1774311050638000000,1774314714771000000,0
workspaceModel.collect.changes.ms,1774311050638000000,1774314714771000000,0
workspaceModel.updates.precise.ms,1774311050638000000,1774314714771000000,0
workspaceModel.cachedValue.clear.count,1774311050638000000,1774314714771000000,0
workspaceModel.workspaceFileIndexData.getFileInfo.ms,1774311050638000000,1774314714771000000,0
workspaceModel.workspaceFileIndexData.init.ms,1774311050638000000,1774314714771000000,0
workspaceModel.cachedValueWithParameters.total.get.count,1774311050638000000,1774314714771000000,0
workspaceModel.workspaceFileIndexContributor.registerFileSets.ms,1774311050638000000,1774314714771000000,0
workspaceModel.loading.from.cache.ms,1774311050638000000,1774314714771000000,0
workspaceModel.workspaceFileIndexData.getDirectoriesByPackageName.ms,1774311050638000000,1774314714771000000,0
workspaceModel.workspaceFileIndexData.getPackageName.ms,1774311050638000000,1774314714771000000,0
workspaceModel.loading.total.ms,1774311050638000000,1774314714771000000,0
workspaceModel.cachedValue.from.cache.count,1774311050638000000,1774314714771000000,0
workspaceModel.updates.count,1774311050638000000,1774314714771000000,0
workspaceModel.cachedValue.calculated.count,1774311050638000000,1774314714771000000,0
workspaceModel.entityStorageSnapshotImpl.instances.count,1774311050638000000,1774314714771000000,0
workspaceModel.full.replace.project.model.ms,1774311050638000000,1774314714771000000,0
workspaceModel.pre.handlers.ms,1774311050638000000,1774314714771000000,0
VFS.contentStorage.recordsStoredSize,1774311050638000000,1774314714771000000,0
VFS.contentStorage.recordsDeduplicated,1774311050638000000,1774314714771000000,0
VFS.fileByIdCache.hits,1774311050638000000,1774314714771000000,0
FileNameCache.queries,1774311050638000000,1774314714771000000,0
VFS.contentStorage.recordsReadSize,1774311050638000000,1774314714771000000,0
FileNameCache.totalMisses,1774311050638000000,1774314714771000000,0
VFS.invertedFileNameIndex.requests,1774311050638000000,1774314714771000000,0
VFS.contentStorage.recordsDecompressionTimeUs,1774311050638000000,1774314714771000000,0
VFS.contentStorage.recordsReadDecompressed,1774311050638000000,1774314714771000000,0
VFS.contentStorage.recordsStoredCompressed,1774311050638000000,1774314714771000000,0
VFS.fileByIdCache.misses,1774311050638000000,1774314714771000000,0
VFS.contentStorage.recordsUncompressedSize,1774311050638000000,1774314714771000000,0
VFS.fileChildByName,1774311050638000000,1774314714771000000,0
VFS.contentStorage.recordsStored,1774311050638000000,1774314714771000000,0
VFS.contentStorage.recordsRead,1774311050638000000,1774314714771000000,0
workspaceModel.moduleBridge.before.changed.ms,1774314714771000000,1774315811335000000,0
workspaceModel.moduleManagerBridge.new.nonPersistent.module.ms,1774314714771000000,1774315811335000000,0
workspaceModel.mutableEntityStorage.add.entity.ms,1774314714771000000,1774315811335000000,0
workspaceModel.moduleManagerBridge.load.all.modules.ms,1774314714771000000,1774315811335000000,0
jps.app.storage.content.writer.save.component.ms,1774314714771000000,1774315811335000000,0
jps.global.handle.before.change.events.ms,1774314714771000000,1774315811335000000,0
workspaceModel.moduleManagerBridge.build.module.graph.ms,1774314714771000000,1774315811335000000,0
workspaceModel.mutableEntityStorage.to.snapshot.ms,1774314714771000000,1774315811335000000,0
jps.module.iml.entities.serializer.save.entities.ms,1774314714771000000,1774315811335000000,0
workspaceModel.mutableEntityStorage.remove.entity.ms,1774314714771000000,1774315811335000000,0
jps.library.entities.serializer.load.entities.ms,1774314714771000000,1774315811335000000,0
workspaceModel.mutableEntityStorage.entities.ms,1774314714771000000,1774315811335000000,0
workspaceModel.save.cache.to.file.ms,1774314714771000000,1774315811335000000,0
jps.global.handle.changed.events.ms,1774314714771000000,1774315811335000000,0
jps.facet.change.listener.process.change.events.ms,1774314714771000000,1774315811335000000,0
jps.global.get.library.by.name.ms,1774314714771000000,1774315811335000000,0
workspaceModel.mutableEntityStorage.changeLog.addReplaceEventForRemovedParent.ms,1774314714771000000,1774315811335000000,0
workspaceModel.mutableEntityStorage.replace.by.source.ms,1774314714771000000,1774315811335000000,0
jps.project.serializers.load.ms,1774314714771000000,1774315811335000000,0
jps.global.get.libraries.ms,1774314714771000000,1774315811335000000,0
jps.load.project.to.empty.storage.ms,1774314714771000000,1774315811335000000,0
workspaceModel.mutableEntityStorage.mutable.vfurl.index.ms,1774314714771000000,1774315811335000000,0
workspaceModel.load.cache.from.file.ms,1774314714771000000,1774315811335000000,0
jps.storage.jps.conf.reader.load.component.ms,1774314714771000000,1774315811335000000,0
jps.global.initialize.library.bridges.after.loading.ms,1774314714771000000,1774315811335000000,0
workspaceModel.sync.entities.ms,1774314714771000000,1774315811335000000,0
jps.global.get.library.ms,1774314714771000000,1774315811335000000,0
workspaceModel.global.apply.state.to.project.builder.ms,1774314714771000000,1774315811335000000,0
workspaceModel.moduleManagerBridge.newModule.ms,1774314714771000000,1774315811335000000,0
workspaceModel.mutableEntityStorage.put.entity.ms,1774314714771000000,1774315811335000000,0
jps.reload.project.entities.ms,1774314714771000000,1774315811335000000,0
jps.apply.loaded.storage.ms,1774314714771000000,1774315811335000000,0
workspaceModel.moduleBridge.update.option.ms,1774314714771000000,1774315811335000000,0
jps.facet.change.listener.before.change.events.ms,1774314714771000000,1774315811335000000,0
workspaceModel.global.updates.ms,1774314714771000000,1774315811335000000,0
workspaceModel.moduleBridge.facet.initialization.ms,1774314714771000000,1774315811335000000,0
jps.artifact.entities.serializer.save.entities.ms,1774314714771000000,1774315811335000000,0
workspaceModel.delayed.project.synchronizer.sync.ms,1774314714771000000,1774315811335000000,0
workspaceModel.mutableEntityStorage.changeLog.addReplaceEventForNewParent.ms,1774314714771000000,1774315811335000000,0
workspaceModel.moduleManagerBridge.load.module.ms,1774314714771000000,1774315811335000000,0
jps.app.storage.content.reader.load.component.ms,1774314714771000000,1774315811335000000,0
jps.artifact.entities.serializer.load.entities.ms,1774314714771000000,1774315811335000000,0
workspaceModel.moduleBridgeLoader.loading.modules.ms,1774314714771000000,1774315811335000000,0
workspaceModel.global.updates.count,1774314714771000000,1774315811335000000,0
workspaceModel.orphan.listener.update.ms,1774314714771000000,1774315811335000000,0
workspaceModel.global.apply.state.to.project.ms,1774314714771000000,1774315811335000000,0
workspaceModel.mutableEntityStorage.has.same.entities.ms,1774314714771000000,1774315811335000000,0
workspaceModel.mutableEntityStorage.modify.entity.ms,1774314714771000000,1774315811335000000,0
workspaceModel.mutableEntityStorage.instances.count,1774314714771000000,1774315811335000000,1
jps.module.iml.entities.serializer.load.entities.ms,1774314714771000000,1774315811335000000,0
workspaceModel.mutableEntityStorage.mutable.ext.mapping.ms,1774314714771000000,1774315811335000000,0
workspaceModel.mutableEntityStorage.changeLog.addReplaceEventForRemovedChild.ms,1774314714771000000,1774315811335000000,0
workspaceModel.load.cache.metadata.from.file.ms,1774314714771000000,1774315811335000000,0
workspaceModel.moduleManagerBridge.create.module.instance.ms,1774314714771000000,1774315811335000000,0
workspaceModel.moduleManagerBridge.set.unloadedModules.ms,1774314714771000000,1774315811335000000,0
jps.library.entities.serializer.save.entities.ms,1774314714771000000,1774315811335000000,0
workspaceModel.do.save.caches.ms,1774314714771000000,1774315811335000000,0
jps.save.global.entities.ms,1774314714771000000,1774315811335000000,0
jps.global.initialize.library.bridges.ms,1774314714771000000,1774315811335000000,0
workspaceModel.mutableEntityStorage.collect.changes.ms,1774314714771000000,1774315811335000000,0
workspaceModel.mutableEntityStorage.resolve.ms,1774314714771000000,1774315811335000000,0
workspaceModel.moduleManagerBridge.get.modules.ms,1774314714771000000,1774315811335000000,0
workspaceModel.mutableEntityStorage.referrers.ms,1774314714771000000,1774315811335000000,0
jps.save.changed.project.entities.ms,1774314714771000000,1774315811335000000,0
workspaceModel.mutableEntityStorage.entities.by.source.ms,1774314714771000000,1774315811335000000,0
workspaceModel.mutableEntityStorage.apply.changes.from.ms,1774314714771000000,1774315811335000000,0
jps.module.dependency.index.workspace.model.listener.on.changed.ms,1774314714771000000,1774315811335000000,0
jps.project.serializers.save.ms,1774314714771000000,1774315811335000000,0
workspaceModel.mutableEntityStorage.changeLog.addReplaceEventForNewChild.ms,1774314714771000000,1774315811335000000,0
jps.facet.change.listener.init.bridge.ms,1774314714771000000,1774315811335000000,0
jps.load.initial.state.ms,1774314714771000000,1774315811335000000,0
cacheStateStorage.set.duration,1774314714771000000,1774315811335000000,0
cacheStateStorage.get.duration,1774314714771000000,1774315811335000000,0
cacheStateStorage.set.counter,1774314714771000000,1774315811335000000,0
cacheStateStorage.get.counter,1774314714771000000,1774315811335000000,0
AWTEventQueue.dispatchTimeTotalNS,1774314714771000000,1774315811335000000,8803175615
FlushQueue.waitingTimeMaxNs,1774314714771000000,1774315811335000000,0
NonBlockingReadAction.failedExecutionsCount,1774314714771000000,1774315811335000000,19
AWTEventQueue.eventsDispatched,1774314714771000000,1774315811335000000,0
WriteAction.executionsCount,1774314714771000000,1774315811335000000,0
FlushQueue.executionTimeMaxNs,1774314714771000000,1774315811335000000,0
FlushQueue.executionTimeAvgNs,1774314714771000000,1774315811335000000,0.0
ReadAction.executionsCount,1774314714771000000,1774315811335000000,772756
FlushQueue.queueSizeAvg,1774314714771000000,1774315811335000000,0.0
FlushQueue.tasksExecuted,1774314714771000000,1774315811335000000,0
NonBlockingReadAction.finalizedExecutionsCount,1774314714771000000,1774315811335000000,1046
NonBlockingReadAction.finalizedExecutionTimeUs,1774314714771000000,1774315811335000000,174340
AWTEventQueue.dispatchTime90PNs,1774314714771000000,1774315811335000000,0
AWTEventQueue.dispatchTimeAvgNs,1774314714771000000,1774315811335000000,0.0
FlushQueue.queueSizeMax,1774314714771000000,1774315811335000000,0
FlushQueue.executionTime90PNs,1774314714771000000,1774315811335000000,0
AWTEventQueue.dispatchTimeMaxNs,1774314714771000000,1774315811335000000,0
FlushQueue.queueSize90P,1774314714771000000,1774315811335000000,0
FlushQueue.waitingTime90PNs,1774314714771000000,1774315811335000000,0
FlushQueue.waitingTimeAvgNs,1774314714771000000,1774315811335000000,0.0
NonBlockingReadAction.failedExecutionTimeUs,1774314714771000000,1774315811335000000,4707
JVM.totalTimeAtSafepointsMs,1774314714771000000,1774315811335000000,230
JVM.totalBytesAllocated,1774314714771000000,1774315811335000000,1524694720
JVM.maxHeapBytes,1774314714771000000,1774315811335000000,2147483648
JVM.newThreadsCount,1774314714771000000,1774315811335000000,60
JVM.totalTimeToSafepointsMs,1774314714771000000,1774315811335000000,1253
JVM.totalCpuTimeMs,1774314714771000000,1774315811335000000,27344
JVM.totalSafepointCount,1774314714771000000,1774315811335000000,77
JVM.totalDirectByteBuffersBytes,1774314714771000000,1774315811335000000,309309506
JVM.usedHeapBytes,1774314714771000000,1774315811335000000,620232704
JVM.GC.collections,1774314714771000000,1774315811335000000,11
JVM.threadCount,1774314714771000000,1774315811335000000,90
JVM.usedNativeBytes,1774314714771000000,1774315811335000000,469712504
JVM.maxThreadCount,1774314714771000000,1774315811335000000,125
OS.loadAverage,1774314714771000000,1774315811335000000,100.5986328125
JVM.GC.collectionTimesMs,1774314714771000000,1774315811335000000,211
writeAction.max.wait.ms,1774314714771000000,1774315811335000000,786
writeAction.count,1774314714771000000,1774315811335000000,0
DiskQueryRelay.taskWaitingTotalTimeUs,1774314714771000000,1774315811335000000,196941
writeAction.wait.ms,1774314714771000000,1774315811335000000,0
writeAction.median.wait.ms,1774314714771000000,1774315811335000000,1200
DiskQueryRelay.tasksExecuted,1774314714771000000,1774315811335000000,19
DiskQueryRelay.tasksRequested,1774314714771000000,1774315811335000000,19
DiskQueryRelay.taskExecutionTotalTimeUs,1774314714771000000,1774315811335000000,194188
Indexes.allKeys.lookups,1774314714771000000,1774315811335000000,0
IndexesFlusher.totalFlushesRetried,1774314714771000000,1774315811335000000,0
IndexesFlusher.totalFlushingTimeUs,1774314714771000000,1774315811335000000,3569083
Indexes.allKeys.lookupDuration90PMs,1774314714771000000,1774315811335000000,0.0
Indexes.entries.lookupDuration90PMs,1774314714771000000,1774315811335000000,0.0
Indexing.writer_0.totalTimeSpentWritingMs,1774314714771000000,1774315811335000000,0
Indexing.cache.totalCacheAccesses,1774314714771000000,1774315811335000000,1092
Indexes.allKeys.lookupDurationAvgMs,1774314714771000000,1774315811335000000,0.0
Indexing.cache.totalCacheMisses,1774314714771000000,1774315811335000000,1065
Indexing.writesQueuedMax,1774314714771000000,1774315811335000000,0
Indexing.totalTimeIndexersSleptMs,1774314714771000000,1774315811335000000,0
Indexes.stubs.lookupDurationMaxMs,1774314714771000000,1774315811335000000,0.0
IndexesFlusher.totalFlushes,1774314714771000000,1774315811335000000,171
Indexing.cache.totalCacheEvicted,1774314714771000000,1774315811335000000,1065
Indexes.allKeys.lookupDurationMaxMs,1774314714771000000,1774315811335000000,0.0
IndexesFlusher.totalContentionQuotaSpent,1774314714771000000,1774315811335000000,0
Indexing.writesQueuedMin,1774314714771000000,1774315811335000000,9223372036854775807
Indexing.writer_2.totalTimeSpentWritingMs,1774314714771000000,1774315811335000000,0
Indexes.stubs.lookupDuration90PMs,1774314714771000000,1774315811335000000,0.0
Indexes.stubs.lookups,1774314714771000000,1774315811335000000,1050
Indexing.writer_1.totalTimeSpentWritingMs,1774314714771000000,1774315811335000000,0
Indexes.entries.lookupDurationMaxMs,1774314714771000000,1774315811335000000,0.0
Indexes.stubs.lookupDurationAvgMs,1774314714771000000,1774315811335000000,0.0
Indexing.writer_3.totalTimeSpentWritingMs,1774314714771000000,1774315811335000000,0
Indexes.entries.lookupDurationAvgMs,1774314714771000000,1774315811335000000,0.0
Indexes.entries.lookups,1774314714771000000,1774315811335000000,1
FilePageCacheLockFree.totalNativeBytesAllocated,1774314714771000000,1774315811335000000,0
DirectByteBufferAllocator.totalSizeOfBuffersAllocatedInBytes,1774314714771000000,1774315811335000000,305160192
FilePageCache.capacityInBytes,1774314714771000000,1774315811335000000,503316478
DirectByteBufferAllocator.totalSizeOfBuffersCachedInBytes,1774314714771000000,1774315811335000000,9437184
FilePageCacheLockFree.housekeeperTurnsDone,1774314714771000000,1774315811335000000,0
StreamlinedBlobStorage.totalLiveRecordsPayloadBytes,1774314714771000000,1774315811335000000,0
FileChannelInterruptsRetryer.totalRetriedAttempts,1774314714771000000,1774315811335000000,0
FilePageCache.uncachedFileAccess,1774314714771000000,1774315811335000000,4
StorageLockContext.competingThreads.max,1774314714771000000,1774315811335000000,0
DirectByteBufferAllocator.reclaimed,1774314714771000000,1774315811335000000,0
FilePageCache.pageLoadsAboveSizeThreshold,1774314714771000000,1774315811335000000,0
MappedFileStorage.storages,1774314714771000000,1774315811335000000,16
FilePageCacheLockFree.totalPagesAllocated,1774314714771000000,1774315811335000000,0
FilePageCacheLockFree.totalBytesWritten,1774314714771000000,1774315811335000000,0
FilePageCacheLockFree.totalPagesReclaimed,1774314714771000000,1774315811335000000,0
FilePageCache.disposedBuffers,1774314714771000000,1774315811335000000,0
FilePageCache.totalPageLoadsUs,1774314714771000000,1774315811335000000,5499
StreamlinedBlobStorage.recordsRelocated,1774314714771000000,1774315811335000000,0
StreamlinedBlobStorage.recordsAllocated,1774314714771000000,1774315811335000000,0
FilePageCacheLockFree.housekeeperTurnsSkipped,1774314714771000000,1774315811335000000,0
FilePageCacheLockFree.totalPagesWriteMs,1774314714771000000,1774315811335000000,0
FilePageCacheLockFree.totalPagesRequested,1774314714771000000,1774315811335000000,0
FilePageCache.maxRegisteredFiles,1774314714771000000,1774315811335000000,547
FilePageCache.maxCacheSizeInBytes,1774314714771000000,1774315811335000000,305160192
FilePageCacheLockFree.totalPagesReadMs,1774314714771000000,1774315811335000000,0
FilePageCacheLockFree.totalBytesRequested,1774314714771000000,1774315811335000000,0
FilePageCacheLockFree.totalPageAllocationsWaited,1774314714771000000,1774315811335000000,0
DirectByteBufferAllocator.hits,1774314714771000000,1774315811335000000,4
FilePageCache.totalPageDisposalsUs,1774314714771000000,1774315811335000000,27
StorageLockContext.competingThreads.avg,1774314714771000000,1774315811335000000,0.0
FilePageCacheLockFree.totalPagesWritten,1774314714771000000,1774315811335000000,0
MappedFileStorage.totalBytesMapped,1774314714771000000,1774315811335000000,257163264
FilePageCacheLockFree.heapBytesInUse,1774314714771000000,1774315811335000000,0
MappedFileStorage.totalTimeSpentOnMappingUs,1774314714771000000,1774315811335000000,13885
FilePageCacheLockFree.nativeBytesInUse,1774314714771000000,1774315811335000000,0
DirectByteBufferAllocator.disposed,1774314714771000000,1774315811335000000,0
FilePageCacheLockFree.totalHeapBytesAllocated,1774314714771000000,1774315811335000000,0
StreamlinedBlobStorage.totalLiveRecordsCapacityBytes,1774314714771000000,1774315811335000000,0
MappedFileStorage.totalPagesMapped,1774314714771000000,1774315811335000000,22
FilePageCacheLockFree.totalPagesHandedOver,1774314714771000000,1774315811335000000,0
FilePageCacheLockFree.housekeeperTimeSpentMs,1774314714771000000,1774315811335000000,0
FilePageCacheLockFree.totalPagesRequestsMs,1774314714771000000,1774315811335000000,0
FilePageCacheLockFree.totalHeapBytesReclaimed,1774314714771000000,1774315811335000000,0
FilePageCache.pageLoads,1774314714771000000,1774315811335000000,4
FilePageCacheLockFree.totalBytesRead,1774314714771000000,1774315811335000000,0
FilePageCacheLockFree.totalNativeBytesReclaimed,1774314714771000000,1774315811335000000,0
DirectByteBufferAllocator.misses,1774314714771000000,1774315811335000000,0
FilePageCacheLockFree.totalClosedStoragesReclaimed,1774314714771000000,1774315811335000000,0
StreamlinedBlobStorage.recordsDeleted,1774314714771000000,1774315811335000000,0
StorageLockContext.competingThreads.90P,1774314714771000000,1774315811335000000,0
FilePageCache.pageHits,1774314714771000000,1774315811335000000,0
FilePageCache.pageFastCacheHits,1774314714771000000,1774315811335000000,823
compiler.ArtifactManagerBridge.initBridges.ms,1774314714771000000,1774315811335000000,0
compiler.ArtifactManagerBridge.commit.ms,1774314714771000000,1774315811335000000,0
compiler.ArtifactManagerBridge.getArtifactsByType.ms,1774314714771000000,1774315811335000000,0
compiler.ArtifactManagerBridge.getArtifacts.ms,1774314714771000000,1774315811335000000,0
compiler.ArtifactManagerBridge.dropMappings.ms,1774314714771000000,1774315811335000000,0
compiler.ArtifactVirtualFileListener.propertyChanged.ms,1774314714771000000,1774315811335000000,0
compiler.ArtifactManagerBridge.addArtifact.ms,1774314714771000000,1774315811335000000,0
compiler.ArtifactManagerBridge.findArtifact.ms,1774314714771000000,1774315811335000000,0
compiler.ArtifactVirtualFileListener.filePathChanged.ms,1774314714771000000,1774315811335000000,0
workspaceModel.workspaceFileIndexData.processFileSets.ms,1774314714771000000,1774315811335000000,0
workspaceModel.cachedValueWithParameters.calculated.count,1774314714771000000,1774315811335000000,0
workspaceModel.update.unloaded.entities.ms,1774314714771000000,1774315811335000000,0
workspaceModel.workspaceFileIndexData.instances.count,1774314714771000000,1774315811335000000,0
workspaceModel.cachedValueWithParameters.from.cache.count,1774314714771000000,1774315811335000000,0
workspaceModel.to.snapshot.ms,1774314714771000000,1774315811335000000,0
workspaceModel.workspaceFileIndexData.onEntitiesChanged.ms,1774314714771000000,1774315811335000000,0
workspaceModel.cachedValue.total.get.count,1774314714771000000,1774315811335000000,74
workspaceModel.on.changed.ms,1774314714771000000,1774315811335000000,0
workspaceModel.check.recursive.update.ms,1774314714771000000,1774315811335000000,0
workspaceModel.workspaceFileIndexData.markDirty.ms,1774314714771000000,1774315811335000000,0
workspaceModel.updates.ms,1774314714771000000,1774315811335000000,0
workspaceModel.workspaceFileIndexData.updateDirtyEntities.ms,1774314714771000000,1774315811335000000,0
workspaceModel.initializing.ms,1774314714771000000,1774315811335000000,0
workspaceModel.workspaceFileIndexData.visitFileSets.ms,1774314714771000000,1774315811335000000,8
workspaceModel.replace.project.model.ms,1774314714771000000,1774315811335000000,0
workspaceModel.cachedValueWithParameters.clear.count,1774314714771000000,1774315811335000000,0
workspaceModel.on.before.changed.ms,1774314714771000000,1774315811335000000,0
workspaceModel.init.bridges.ms,1774314714771000000,1774315811335000000,0
workspaceModel.collect.changes.ms,1774314714771000000,1774315811335000000,0
workspaceModel.updates.precise.ms,1774314714771000000,1774315811335000000,0
workspaceModel.cachedValue.clear.count,1774314714771000000,1774315811335000000,0
workspaceModel.workspaceFileIndexData.getFileInfo.ms,1774314714771000000,1774315811335000000,345
workspaceModel.workspaceFileIndexData.init.ms,1774314714771000000,1774315811335000000,0
workspaceModel.cachedValueWithParameters.total.get.count,1774314714771000000,1774315811335000000,0
workspaceModel.workspaceFileIndexContributor.registerFileSets.ms,1774314714771000000,1774315811335000000,0
workspaceModel.loading.from.cache.ms,1774314714771000000,1774315811335000000,0
workspaceModel.workspaceFileIndexData.getDirectoriesByPackageName.ms,1774314714771000000,1774315811335000000,0
workspaceModel.workspaceFileIndexData.getPackageName.ms,1774314714771000000,1774315811335000000,0
workspaceModel.loading.total.ms,1774314714771000000,1774315811335000000,0
workspaceModel.cachedValue.from.cache.count,1774314714771000000,1774315811335000000,71
workspaceModel.updates.count,1774314714771000000,1774315811335000000,0
workspaceModel.cachedValue.calculated.count,1774314714771000000,1774315811335000000,3
workspaceModel.entityStorageSnapshotImpl.instances.count,1774314714771000000,1774315811335000000,0
workspaceModel.full.replace.project.model.ms,1774314714771000000,1774315811335000000,0
workspaceModel.pre.handlers.ms,1774314714771000000,1774315811335000000,0
VFS.contentStorage.recordsStoredSize,1774314714771000000,1774315811335000000,0
VFS.contentStorage.recordsDeduplicated,1774314714771000000,1774315811335000000,0
VFS.fileByIdCache.hits,1774314714771000000,1774315811335000000,0
FileNameCache.queries,1774314714771000000,1774315811335000000,21184
VFS.contentStorage.recordsReadSize,1774314714771000000,1774315811335000000,6637
FileNameCache.totalMisses,1774314714771000000,1774315811335000000,1152
VFS.invertedFileNameIndex.requests,1774314714771000000,1774315811335000000,0
VFS.contentStorage.recordsDecompressionTimeUs,1774314714771000000,1774315811335000000,0
VFS.contentStorage.recordsReadDecompressed,1774314714771000000,1774315811335000000,0
VFS.contentStorage.recordsStoredCompressed,1774314714771000000,1774315811335000000,0
VFS.fileByIdCache.misses,1774314714771000000,1774315811335000000,24
VFS.contentStorage.recordsUncompressedSize,1774314714771000000,1774315811335000000,0
VFS.fileChildByName,1774314714771000000,1774315811335000000,1370
VFS.contentStorage.recordsStored,1774314714771000000,1774315811335000000,0
VFS.contentStorage.recordsRead,1774314714771000000,1774315811335000000,4
workspaceModel.moduleBridge.before.changed.ms,1774315811335000000,1774315871358000000,0
workspaceModel.moduleManagerBridge.new.nonPersistent.module.ms,1774315811335000000,1774315871358000000,0
workspaceModel.mutableEntityStorage.add.entity.ms,1774315811335000000,1774315871358000000,0
workspaceModel.moduleManagerBridge.load.all.modules.ms,1774315811335000000,1774315871358000000,0
jps.app.storage.content.writer.save.component.ms,1774315811335000000,1774315871358000000,0
jps.global.handle.before.change.events.ms,1774315811335000000,1774315871358000000,0
workspaceModel.moduleManagerBridge.build.module.graph.ms,1774315811335000000,1774315871358000000,0
workspaceModel.mutableEntityStorage.to.snapshot.ms,1774315811335000000,1774315871358000000,0
jps.module.iml.entities.serializer.save.entities.ms,1774315811335000000,1774315871358000000,0
workspaceModel.mutableEntityStorage.remove.entity.ms,1774315811335000000,1774315871358000000,0
jps.library.entities.serializer.load.entities.ms,1774315811335000000,1774315871358000000,0
workspaceModel.mutableEntityStorage.entities.ms,1774315811335000000,1774315871358000000,0
workspaceModel.save.cache.to.file.ms,1774315811335000000,1774315871358000000,0
jps.global.handle.changed.events.ms,1774315811335000000,1774315871358000000,0
jps.facet.change.listener.process.change.events.ms,1774315811335000000,1774315871358000000,0
jps.global.get.library.by.name.ms,1774315811335000000,1774315871358000000,0
workspaceModel.mutableEntityStorage.changeLog.addReplaceEventForRemovedParent.ms,1774315811335000000,1774315871358000000,0
workspaceModel.mutableEntityStorage.replace.by.source.ms,1774315811335000000,1774315871358000000,0
jps.project.serializers.load.ms,1774315811335000000,1774315871358000000,0
jps.global.get.libraries.ms,1774315811335000000,1774315871358000000,0
jps.load.project.to.empty.storage.ms,1774315811335000000,1774315871358000000,0
workspaceModel.mutableEntityStorage.mutable.vfurl.index.ms,1774315811335000000,1774315871358000000,0
workspaceModel.load.cache.from.file.ms,1774315811335000000,1774315871358000000,0
jps.storage.jps.conf.reader.load.component.ms,1774315811335000000,1774315871358000000,0
jps.global.initialize.library.bridges.after.loading.ms,1774315811335000000,1774315871358000000,0
workspaceModel.sync.entities.ms,1774315811335000000,1774315871358000000,0
jps.global.get.library.ms,1774315811335000000,1774315871358000000,0
workspaceModel.global.apply.state.to.project.builder.ms,1774315811335000000,1774315871358000000,0
workspaceModel.moduleManagerBridge.newModule.ms,1774315811335000000,1774315871358000000,0
workspaceModel.mutableEntityStorage.put.entity.ms,1774315811335000000,1774315871358000000,0
jps.reload.project.entities.ms,1774315811335000000,1774315871358000000,0
jps.apply.loaded.storage.ms,1774315811335000000,1774315871358000000,0
workspaceModel.moduleBridge.update.option.ms,1774315811335000000,1774315871358000000,0
jps.facet.change.listener.before.change.events.ms,1774315811335000000,1774315871358000000,0
workspaceModel.global.updates.ms,1774315811335000000,1774315871358000000,0
workspaceModel.moduleBridge.facet.initialization.ms,1774315811335000000,1774315871358000000,0
jps.artifact.entities.serializer.save.entities.ms,1774315811335000000,1774315871358000000,0
workspaceModel.delayed.project.synchronizer.sync.ms,1774315811335000000,1774315871358000000,0
workspaceModel.mutableEntityStorage.changeLog.addReplaceEventForNewParent.ms,1774315811335000000,1774315871358000000,0
workspaceModel.moduleManagerBridge.load.module.ms,1774315811335000000,1774315871358000000,0
jps.app.storage.content.reader.load.component.ms,1774315811335000000,1774315871358000000,0
jps.artifact.entities.serializer.load.entities.ms,1774315811335000000,1774315871358000000,0
workspaceModel.moduleBridgeLoader.loading.modules.ms,1774315811335000000,1774315871358000000,0
workspaceModel.global.updates.count,1774315811335000000,1774315871358000000,0
workspaceModel.orphan.listener.update.ms,1774315811335000000,1774315871358000000,0
workspaceModel.global.apply.state.to.project.ms,1774315811335000000,1774315871358000000,0
workspaceModel.mutableEntityStorage.has.same.entities.ms,1774315811335000000,1774315871358000000,0
workspaceModel.mutableEntityStorage.modify.entity.ms,1774315811335000000,1774315871358000000,0
workspaceModel.mutableEntityStorage.instances.count,1774315811335000000,1774315871358000000,0
jps.module.iml.entities.serializer.load.entities.ms,1774315811335000000,1774315871358000000,0
workspaceModel.mutableEntityStorage.mutable.ext.mapping.ms,1774315811335000000,1774315871358000000,0
workspaceModel.mutableEntityStorage.changeLog.addReplaceEventForRemovedChild.ms,1774315811335000000,1774315871358000000,0
workspaceModel.load.cache.metadata.from.file.ms,1774315811335000000,1774315871358000000,0
workspaceModel.moduleManagerBridge.create.module.instance.ms,1774315811335000000,1774315871358000000,0
workspaceModel.moduleManagerBridge.set.unloadedModules.ms,1774315811335000000,1774315871358000000,0
jps.library.entities.serializer.save.entities.ms,1774315811335000000,1774315871358000000,0
workspaceModel.do.save.caches.ms,1774315811335000000,1774315871358000000,0
jps.save.global.entities.ms,1774315811335000000,1774315871358000000,0
jps.global.initialize.library.bridges.ms,1774315811335000000,1774315871358000000,0
workspaceModel.mutableEntityStorage.collect.changes.ms,1774315811335000000,1774315871358000000,0
workspaceModel.mutableEntityStorage.resolve.ms,1774315811335000000,1774315871358000000,0
workspaceModel.moduleManagerBridge.get.modules.ms,1774315811335000000,1774315871358000000,0
workspaceModel.mutableEntityStorage.referrers.ms,1774315811335000000,1774315871358000000,0
jps.save.changed.project.entities.ms,1774315811335000000,1774315871358000000,0
workspaceModel.mutableEntityStorage.entities.by.source.ms,1774315811335000000,1774315871358000000,0
workspaceModel.mutableEntityStorage.apply.changes.from.ms,1774315811335000000,1774315871358000000,0
jps.module.dependency.index.workspace.model.listener.on.changed.ms,1774315811335000000,1774315871358000000,0
jps.project.serializers.save.ms,1774315811335000000,1774315871358000000,0
workspaceModel.mutableEntityStorage.changeLog.addReplaceEventForNewChild.ms,1774315811335000000,1774315871358000000,0
jps.facet.change.listener.init.bridge.ms,1774315811335000000,1774315871358000000,0
jps.load.initial.state.ms,1774315811335000000,1774315871358000000,0
cacheStateStorage.set.duration,1774315811335000000,1774315871358000000,0
cacheStateStorage.get.duration,1774315811335000000,1774315871358000000,0
cacheStateStorage.set.counter,1774315811335000000,1774315871358000000,0
cacheStateStorage.get.counter,1774315811335000000,1774315871358000000,0
AWTEventQueue.dispatchTimeTotalNS,1774315811335000000,1774315871358000000,1413216113
FlushQueue.waitingTimeMaxNs,1774315811335000000,1774315871358000000,0
NonBlockingReadAction.failedExecutionsCount,1774315811335000000,1774315871358000000,2
AWTEventQueue.eventsDispatched,1774315811335000000,1774315871358000000,0
WriteAction.executionsCount,1774315811335000000,1774315871358000000,0
FlushQueue.executionTimeMaxNs,1774315811335000000,1774315871358000000,0
FlushQueue.executionTimeAvgNs,1774315811335000000,1774315871358000000,0.0
ReadAction.executionsCount,1774315811335000000,1774315871358000000,18002
FlushQueue.queueSizeAvg,1774315811335000000,1774315871358000000,0.0
FlushQueue.tasksExecuted,1774315811335000000,1774315871358000000,0
NonBlockingReadAction.finalizedExecutionsCount,1774315811335000000,1774315871358000000,118
NonBlockingReadAction.finalizedExecutionTimeUs,1774315811335000000,1774315871358000000,9694
AWTEventQueue.dispatchTime90PNs,1774315811335000000,1774315871358000000,0
AWTEventQueue.dispatchTimeAvgNs,1774315811335000000,1774315871358000000,0.0
FlushQueue.queueSizeMax,1774315811335000000,1774315871358000000,0
FlushQueue.executionTime90PNs,1774315811335000000,1774315871358000000,0
AWTEventQueue.dispatchTimeMaxNs,1774315811335000000,1774315871358000000,0
FlushQueue.queueSize90P,1774315811335000000,1774315871358000000,0
FlushQueue.waitingTime90PNs,1774315811335000000,1774315871358000000,0
FlushQueue.waitingTimeAvgNs,1774315811335000000,1774315871358000000,0.0
NonBlockingReadAction.failedExecutionTimeUs,1774315811335000000,1774315871358000000,2951
JVM.totalTimeAtSafepointsMs,1774315811335000000,1774315871358000000,206
JVM.totalBytesAllocated,1774315811335000000,1774315871358000000,120593832
JVM.maxHeapBytes,1774315811335000000,1774315871358000000,2147483648
JVM.newThreadsCount,1774315811335000000,1774315871358000000,36
JVM.totalTimeToSafepointsMs,1774315811335000000,1774315871358000000,2
JVM.totalCpuTimeMs,1774315811335000000,1774315871358000000,6214
JVM.totalSafepointCount,1774315811335000000,1774315871358000000,24
JVM.totalDirectByteBuffersBytes,1774315811335000000,1774315871358000000,309234905
JVM.usedHeapBytes,1774315811335000000,1774315871358000000,481972656
JVM.GC.collections,1774315811335000000,1774315871358000000,4
JVM.threadCount,1774315811335000000,1774315871358000000,77
JVM.usedNativeBytes,1774315811335000000,1774315871358000000,455312416
JVM.maxThreadCount,1774315811335000000,1774315871358000000,125
OS.loadAverage,1774315811335000000,1774315871358000000,46.95947265625
JVM.GC.collectionTimesMs,1774315811335000000,1774315871358000000,204
writeAction.max.wait.ms,1774315811335000000,1774315871358000000,786
writeAction.count,1774315811335000000,1774315871358000000,0
DiskQueryRelay.taskWaitingTotalTimeUs,1774315811335000000,1774315871358000000,0
writeAction.wait.ms,1774315811335000000,1774315871358000000,0
writeAction.median.wait.ms,1774315811335000000,1774315871358000000,1200
DiskQueryRelay.tasksExecuted,1774315811335000000,1774315871358000000,0
DiskQueryRelay.tasksRequested,1774315811335000000,1774315871358000000,0
DiskQueryRelay.taskExecutionTotalTimeUs,1774315811335000000,1774315871358000000,0
Indexes.allKeys.lookups,1774315811335000000,1774315871358000000,0
IndexesFlusher.totalFlushesRetried,1774315811335000000,1774315871358000000,0
IndexesFlusher.totalFlushingTimeUs,1774315811335000000,1774315871358000000,452996
Indexes.allKeys.lookupDuration90PMs,1774315811335000000,1774315871358000000,0.0
Indexes.entries.lookupDuration90PMs,1774315811335000000,1774315871358000000,0.0
Indexing.writer_0.totalTimeSpentWritingMs,1774315811335000000,1774315871358000000,0
Indexing.cache.totalCacheAccesses,1774315811335000000,1774315871358000000,0
Indexes.allKeys.lookupDurationAvgMs,1774315811335000000,1774315871358000000,0.0
Indexing.cache.totalCacheMisses,1774315811335000000,1774315871358000000,0
Indexing.writesQueuedMax,1774315811335000000,1774315871358000000,0
Indexing.totalTimeIndexersSleptMs,1774315811335000000,1774315871358000000,0
Indexes.stubs.lookupDurationMaxMs,1774315811335000000,1774315871358000000,0.0
IndexesFlusher.totalFlushes,1774315811335000000,1774315871358000000,233
Indexing.cache.totalCacheEvicted,1774315811335000000,1774315871358000000,0
Indexes.allKeys.lookupDurationMaxMs,1774315811335000000,1774315871358000000,0.0
Indexing.writesQueuedAvg,1774315811335000000,1774315871358000000,0.0
IndexesFlusher.totalContentionQuotaSpent,1774315811335000000,1774315871358000000,0
Indexing.writesQueuedMin,1774315811335000000,1774315871358000000,0
Indexing.writer_2.totalTimeSpentWritingMs,1774315811335000000,1774315871358000000,0
Indexes.stubs.lookupDuration90PMs,1774315811335000000,1774315871358000000,0.0
Indexes.stubs.lookups,1774315811335000000,1774315871358000000,0
Indexing.writer_1.totalTimeSpentWritingMs,1774315811335000000,1774315871358000000,0
Indexes.entries.lookupDurationMaxMs,1774315811335000000,1774315871358000000,0.0
Indexes.stubs.lookupDurationAvgMs,1774315811335000000,1774315871358000000,0.0
Indexing.writer_3.totalTimeSpentWritingMs,1774315811335000000,1774315871358000000,0
Indexes.entries.lookupDurationAvgMs,1774315811335000000,1774315871358000000,0.0
Indexes.entries.lookups,1774315811335000000,1774315871358000000,0
FilePageCacheLockFree.totalNativeBytesAllocated,1774315811335000000,1774315871358000000,0
DirectByteBufferAllocator.totalSizeOfBuffersAllocatedInBytes,1774315811335000000,1774315871358000000,305160192
FilePageCache.capacityInBytes,1774315811335000000,1774315871358000000,503316478
DirectByteBufferAllocator.totalSizeOfBuffersCachedInBytes,1774315811335000000,1774315871358000000,9437184
FilePageCacheLockFree.housekeeperTurnsDone,1774315811335000000,1774315871358000000,0
StreamlinedBlobStorage.totalLiveRecordsPayloadBytes,1774315811335000000,1774315871358000000,0
FileChannelInterruptsRetryer.totalRetriedAttempts,1774315811335000000,1774315871358000000,0
FilePageCache.uncachedFileAccess,1774315811335000000,1774315871358000000,0
StorageLockContext.competingThreads.max,1774315811335000000,1774315871358000000,0
DirectByteBufferAllocator.reclaimed,1774315811335000000,1774315871358000000,0
FilePageCache.pageLoadsAboveSizeThreshold,1774315811335000000,1774315871358000000,0
MappedFileStorage.storages,1774315811335000000,1774315871358000000,16
FilePageCacheLockFree.totalPagesAllocated,1774315811335000000,1774315871358000000,0
FilePageCacheLockFree.totalBytesWritten,1774315811335000000,1774315871358000000,0
FilePageCacheLockFree.totalPagesReclaimed,1774315811335000000,1774315871358000000,0
FilePageCache.disposedBuffers,1774315811335000000,1774315871358000000,0
FilePageCache.totalPageLoadsUs,1774315811335000000,1774315871358000000,0
StreamlinedBlobStorage.recordsRelocated,1774315811335000000,1774315871358000000,0
StreamlinedBlobStorage.recordsAllocated,1774315811335000000,1774315871358000000,0
FilePageCacheLockFree.housekeeperTurnsSkipped,1774315811335000000,1774315871358000000,0
FilePageCacheLockFree.totalPagesWriteMs,1774315811335000000,1774315871358000000,0
FilePageCacheLockFree.totalPagesRequested,1774315811335000000,1774315871358000000,0
FilePageCache.maxRegisteredFiles,1774315811335000000,1774315871358000000,547
FilePageCache.maxCacheSizeInBytes,1774315811335000000,1774315871358000000,305160192
FilePageCacheLockFree.totalPagesReadMs,1774315811335000000,1774315871358000000,0
FilePageCacheLockFree.totalBytesRequested,1774315811335000000,1774315871358000000,0
FilePageCacheLockFree.totalPageAllocationsWaited,1774315811335000000,1774315871358000000,0
DirectByteBufferAllocator.hits,1774315811335000000,1774315871358000000,0
FilePageCache.totalPageDisposalsUs,1774315811335000000,1774315871358000000,0
StorageLockContext.competingThreads.avg,1774315811335000000,1774315871358000000,0.0
FilePageCacheLockFree.totalPagesWritten,1774315811335000000,1774315871358000000,0
MappedFileStorage.totalBytesMapped,1774315811335000000,1774315871358000000,257163264
FilePageCacheLockFree.heapBytesInUse,1774315811335000000,1774315871358000000,0
MappedFileStorage.totalTimeSpentOnMappingUs,1774315811335000000,1774315871358000000,13885
FilePageCacheLockFree.nativeBytesInUse,1774315811335000000,1774315871358000000,0
DirectByteBufferAllocator.disposed,1774315811335000000,1774315871358000000,0
FilePageCacheLockFree.totalHeapBytesAllocated,1774315811335000000,1774315871358000000,0
StreamlinedBlobStorage.totalLiveRecordsCapacityBytes,1774315811335000000,1774315871358000000,0
MappedFileStorage.totalPagesMapped,1774315811335000000,1774315871358000000,22
FilePageCacheLockFree.totalPagesHandedOver,1774315811335000000,1774315871358000000,0
FilePageCacheLockFree.housekeeperTimeSpentMs,1774315811335000000,1774315871358000000,0
FilePageCacheLockFree.totalPagesRequestsMs,1774315811335000000,1774315871358000000,0
FilePageCacheLockFree.totalHeapBytesReclaimed,1774315811335000000,1774315871358000000,0
FilePageCache.pageLoads,1774315811335000000,1774315871358000000,0
FilePageCacheLockFree.totalBytesRead,1774315811335000000,1774315871358000000,0
FilePageCacheLockFree.totalNativeBytesReclaimed,1774315811335000000,1774315871358000000,0
DirectByteBufferAllocator.misses,1774315811335000000,1774315871358000000,0
FilePageCacheLockFree.totalClosedStoragesReclaimed,1774315811335000000,1774315871358000000,0
StreamlinedBlobStorage.recordsDeleted,1774315811335000000,1774315871358000000,0
StorageLockContext.competingThreads.90P,1774315811335000000,1774315871358000000,0
FilePageCache.pageHits,1774315811335000000,1774315871358000000,0
FilePageCache.pageFastCacheHits,1774315811335000000,1774315871358000000,0
compiler.ArtifactManagerBridge.initBridges.ms,1774315811335000000,1774315871358000000,0
compiler.ArtifactManagerBridge.commit.ms,1774315811335000000,1774315871358000000,0
compiler.ArtifactManagerBridge.getArtifactsByType.ms,1774315811335000000,1774315871358000000,0
compiler.ArtifactManagerBridge.getArtifacts.ms,1774315811335000000,1774315871358000000,0
compiler.ArtifactManagerBridge.dropMappings.ms,1774315811335000000,1774315871358000000,0
compiler.ArtifactVirtualFileListener.propertyChanged.ms,1774315811335000000,1774315871358000000,0
compiler.ArtifactManagerBridge.addArtifact.ms,1774315811335000000,1774315871358000000,0
compiler.ArtifactManagerBridge.findArtifact.ms,1774315811335000000,1774315871358000000,0
compiler.ArtifactVirtualFileListener.filePathChanged.ms,1774315811335000000,1774315871358000000,0
workspaceModel.workspaceFileIndexData.processFileSets.ms,1774315811335000000,1774315871358000000,0
workspaceModel.cachedValueWithParameters.calculated.count,1774315811335000000,1774315871358000000,0
workspaceModel.update.unloaded.entities.ms,1774315811335000000,1774315871358000000,0
workspaceModel.workspaceFileIndexData.instances.count,1774315811335000000,1774315871358000000,0
workspaceModel.cachedValueWithParameters.from.cache.count,1774315811335000000,1774315871358000000,0
workspaceModel.to.snapshot.ms,1774315811335000000,1774315871358000000,0
workspaceModel.workspaceFileIndexData.onEntitiesChanged.ms,1774315811335000000,1774315871358000000,0
workspaceModel.cachedValue.total.get.count,1774315811335000000,1774315871358000000,0
workspaceModel.on.changed.ms,1774315811335000000,1774315871358000000,0
workspaceModel.check.recursive.update.ms,1774315811335000000,1774315871358000000,0
workspaceModel.workspaceFileIndexData.markDirty.ms,1774315811335000000,1774315871358000000,0
workspaceModel.updates.ms,1774315811335000000,1774315871358000000,0
workspaceModel.workspaceFileIndexData.updateDirtyEntities.ms,1774315811335000000,1774315871358000000,0
workspaceModel.initializing.ms,1774315811335000000,1774315871358000000,0
workspaceModel.workspaceFileIndexData.visitFileSets.ms,1774315811335000000,1774315871358000000,0
workspaceModel.replace.project.model.ms,1774315811335000000,1774315871358000000,0
workspaceModel.cachedValueWithParameters.clear.count,1774315811335000000,1774315871358000000,0
workspaceModel.on.before.changed.ms,1774315811335000000,1774315871358000000,0
workspaceModel.init.bridges.ms,1774315811335000000,1774315871358000000,0
workspaceModel.collect.changes.ms,1774315811335000000,1774315871358000000,0
workspaceModel.updates.precise.ms,1774315811335000000,1774315871358000000,0
workspaceModel.cachedValue.clear.count,1774315811335000000,1774315871358000000,0
workspaceModel.workspaceFileIndexData.getFileInfo.ms,1774315811335000000,1774315871358000000,0
workspaceModel.workspaceFileIndexData.init.ms,1774315811335000000,1774315871358000000,0
workspaceModel.cachedValueWithParameters.total.get.count,1774315811335000000,1774315871358000000,0
workspaceModel.workspaceFileIndexContributor.registerFileSets.ms,1774315811335000000,1774315871358000000,0
workspaceModel.loading.from.cache.ms,1774315811335000000,1774315871358000000,0
workspaceModel.workspaceFileIndexData.getDirectoriesByPackageName.ms,1774315811335000000,1774315871358000000,0
workspaceModel.workspaceFileIndexData.getPackageName.ms,1774315811335000000,1774315871358000000,0
workspaceModel.loading.total.ms,1774315811335000000,1774315871358000000,0
workspaceModel.cachedValue.from.cache.count,1774315811335000000,1774315871358000000,0
workspaceModel.updates.count,1774315811335000000,1774315871358000000,0
workspaceModel.cachedValue.calculated.count,1774315811335000000,1774315871358000000,0
workspaceModel.entityStorageSnapshotImpl.instances.count,1774315811335000000,1774315871358000000,0
workspaceModel.full.replace.project.model.ms,1774315811335000000,1774315871358000000,0
workspaceModel.pre.handlers.ms,1774315811335000000,1774315871358000000,0
VFS.contentStorage.recordsStoredSize,1774315811335000000,1774315871358000000,0
VFS.contentStorage.recordsDeduplicated,1774315811335000000,1774315871358000000,0
VFS.fileByIdCache.hits,1774315811335000000,1774315871358000000,0
FileNameCache.queries,1774315811335000000,1774315871358000000,1536
VFS.contentStorage.recordsReadSize,1774315811335000000,1774315871358000000,0
FileNameCache.totalMisses,1774315811335000000,1774315871358000000,0
VFS.invertedFileNameIndex.requests,1774315811335000000,1774315871358000000,0
VFS.contentStorage.recordsDecompressionTimeUs,1774315811335000000,1774315871358000000,0
VFS.contentStorage.recordsReadDecompressed,1774315811335000000,1774315871358000000,0
VFS.contentStorage.recordsStoredCompressed,1774315811335000000,1774315871358000000,0
VFS.fileByIdCache.misses,1774315811335000000,1774315871358000000,0
VFS.contentStorage.recordsUncompressedSize,1774315811335000000,1774315871358000000,0
VFS.fileChildByName,1774315811335000000,1774315871358000000,10
VFS.contentStorage.recordsStored,1774315811335000000,1774315871358000000,0
VFS.contentStorage.recordsRead,1774315811335000000,1774315871358000000,0
workspaceModel.moduleBridge.before.changed.ms,1774315871358000000,1774315931361000000,0
workspaceModel.moduleManagerBridge.new.nonPersistent.module.ms,1774315871358000000,1774315931361000000,0
workspaceModel.mutableEntityStorage.add.entity.ms,1774315871358000000,1774315931361000000,0
workspaceModel.moduleManagerBridge.load.all.modules.ms,1774315871358000000,1774315931361000000,0
jps.app.storage.content.writer.save.component.ms,1774315871358000000,1774315931361000000,0
jps.global.handle.before.change.events.ms,1774315871358000000,1774315931361000000,0
workspaceModel.moduleManagerBridge.build.module.graph.ms,1774315871358000000,1774315931361000000,0
workspaceModel.mutableEntityStorage.to.snapshot.ms,1774315871358000000,1774315931361000000,0
jps.module.iml.entities.serializer.save.entities.ms,1774315871358000000,1774315931361000000,0
workspaceModel.mutableEntityStorage.remove.entity.ms,1774315871358000000,1774315931361000000,0
jps.library.entities.serializer.load.entities.ms,1774315871358000000,1774315931361000000,0
workspaceModel.mutableEntityStorage.entities.ms,1774315871358000000,1774315931361000000,0
workspaceModel.save.cache.to.file.ms,1774315871358000000,1774315931361000000,0
jps.global.handle.changed.events.ms,1774315871358000000,1774315931361000000,0
jps.facet.change.listener.process.change.events.ms,1774315871358000000,1774315931361000000,0
jps.global.get.library.by.name.ms,1774315871358000000,1774315931361000000,0
workspaceModel.mutableEntityStorage.changeLog.addReplaceEventForRemovedParent.ms,1774315871358000000,1774315931361000000,0
workspaceModel.mutableEntityStorage.replace.by.source.ms,1774315871358000000,1774315931361000000,0
jps.project.serializers.load.ms,1774315871358000000,1774315931361000000,0
jps.global.get.libraries.ms,1774315871358000000,1774315931361000000,0
jps.load.project.to.empty.storage.ms,1774315871358000000,1774315931361000000,0
workspaceModel.mutableEntityStorage.mutable.vfurl.index.ms,1774315871358000000,1774315931361000000,0
workspaceModel.load.cache.from.file.ms,1774315871358000000,1774315931361000000,0
jps.storage.jps.conf.reader.load.component.ms,1774315871358000000,1774315931361000000,0
jps.global.initialize.library.bridges.after.loading.ms,1774315871358000000,1774315931361000000,0
workspaceModel.sync.entities.ms,1774315871358000000,1774315931361000000,0
jps.global.get.library.ms,1774315871358000000,1774315931361000000,0
workspaceModel.global.apply.state.to.project.builder.ms,1774315871358000000,1774315931361000000,0
workspaceModel.moduleManagerBridge.newModule.ms,1774315871358000000,1774315931361000000,0
workspaceModel.mutableEntityStorage.put.entity.ms,1774315871358000000,1774315931361000000,0
jps.reload.project.entities.ms,1774315871358000000,1774315931361000000,0
jps.apply.loaded.storage.ms,1774315871358000000,1774315931361000000,0
workspaceModel.moduleBridge.update.option.ms,1774315871358000000,1774315931361000000,0
jps.facet.change.listener.before.change.events.ms,1774315871358000000,1774315931361000000,0
workspaceModel.global.updates.ms,1774315871358000000,1774315931361000000,0
workspaceModel.moduleBridge.facet.initialization.ms,1774315871358000000,1774315931361000000,0
jps.artifact.entities.serializer.save.entities.ms,1774315871358000000,1774315931361000000,0
workspaceModel.delayed.project.synchronizer.sync.ms,1774315871358000000,1774315931361000000,0
workspaceModel.mutableEntityStorage.changeLog.addReplaceEventForNewParent.ms,1774315871358000000,1774315931361000000,0
workspaceModel.moduleManagerBridge.load.module.ms,1774315871358000000,1774315931361000000,0
jps.app.storage.content.reader.load.component.ms,1774315871358000000,1774315931361000000,0
jps.artifact.entities.serializer.load.entities.ms,1774315871358000000,1774315931361000000,0
workspaceModel.moduleBridgeLoader.loading.modules.ms,1774315871358000000,1774315931361000000,0
workspaceModel.global.updates.count,1774315871358000000,1774315931361000000,0
workspaceModel.orphan.listener.update.ms,1774315871358000000,1774315931361000000,0
workspaceModel.global.apply.state.to.project.ms,1774315871358000000,1774315931361000000,0
workspaceModel.mutableEntityStorage.has.same.entities.ms,1774315871358000000,1774315931361000000,0
workspaceModel.mutableEntityStorage.modify.entity.ms,1774315871358000000,1774315931361000000,0
workspaceModel.mutableEntityStorage.instances.count,1774315871358000000,1774315931361000000,0
jps.module.iml.entities.serializer.load.entities.ms,1774315871358000000,1774315931361000000,0
workspaceModel.mutableEntityStorage.mutable.ext.mapping.ms,1774315871358000000,1774315931361000000,0
workspaceModel.mutableEntityStorage.changeLog.addReplaceEventForRemovedChild.ms,1774315871358000000,1774315931361000000,0
workspaceModel.load.cache.metadata.from.file.ms,1774315871358000000,1774315931361000000,0
workspaceModel.moduleManagerBridge.create.module.instance.ms,1774315871358000000,1774315931361000000,0
workspaceModel.moduleManagerBridge.set.unloadedModules.ms,1774315871358000000,1774315931361000000,0
jps.library.entities.serializer.save.entities.ms,1774315871358000000,1774315931361000000,0
workspaceModel.do.save.caches.ms,1774315871358000000,1774315931361000000,0
jps.save.global.entities.ms,1774315871358000000,1774315931361000000,0
jps.global.initialize.library.bridges.ms,1774315871358000000,1774315931361000000,0
workspaceModel.mutableEntityStorage.collect.changes.ms,1774315871358000000,1774315931361000000,0
workspaceModel.mutableEntityStorage.resolve.ms,1774315871358000000,1774315931361000000,0
workspaceModel.moduleManagerBridge.get.modules.ms,1774315871358000000,1774315931361000000,0
workspaceModel.mutableEntityStorage.referrers.ms,1774315871358000000,1774315931361000000,0
jps.save.changed.project.entities.ms,1774315871358000000,1774315931361000000,0
workspaceModel.mutableEntityStorage.entities.by.source.ms,1774315871358000000,1774315931361000000,0
workspaceModel.mutableEntityStorage.apply.changes.from.ms,1774315871358000000,1774315931361000000,0
jps.module.dependency.index.workspace.model.listener.on.changed.ms,1774315871358000000,1774315931361000000,0
jps.project.serializers.save.ms,1774315871358000000,1774315931361000000,0
workspaceModel.mutableEntityStorage.changeLog.addReplaceEventForNewChild.ms,1774315871358000000,1774315931361000000,0
jps.facet.change.listener.init.bridge.ms,1774315871358000000,1774315931361000000,0
jps.load.initial.state.ms,1774315871358000000,1774315931361000000,0
cacheStateStorage.set.duration,1774315871358000000,1774315931361000000,0
cacheStateStorage.get.duration,1774315871358000000,1774315931361000000,0
cacheStateStorage.set.counter,1774315871358000000,1774315931361000000,0
cacheStateStorage.get.counter,1774315871358000000,1774315931361000000,0
AWTEventQueue.dispatchTimeTotalNS,1774315871358000000,1774315931361000000,96812454
FlushQueue.waitingTimeMaxNs,1774315871358000000,1774315931361000000,222207
NonBlockingReadAction.failedExecutionsCount,1774315871358000000,1774315931361000000,0
AWTEventQueue.eventsDispatched,1774315871358000000,1774315931361000000,2
WriteAction.executionsCount,1774315871358000000,1774315931361000000,1
FlushQueue.executionTimeMaxNs,1774315871358000000,1774315931361000000,70655
FlushQueue.executionTimeAvgNs,1774315871358000000,1774315931361000000,60224.0
ReadAction.executionsCount,1774315871358000000,1774315931361000000,2029
FlushQueue.queueSizeAvg,1774315871358000000,1774315931361000000,0.0
FlushQueue.tasksExecuted,1774315871358000000,1774315931361000000,2
NonBlockingReadAction.finalizedExecutionsCount,1774315871358000000,1774315931361000000,0
NonBlockingReadAction.finalizedExecutionTimeUs,1774315871358000000,1774315931361000000,0
AWTEventQueue.dispatchTime90PNs,1774315871358000000,1774315931361000000,178175
AWTEventQueue.dispatchTimeAvgNs,1774315871358000000,1774315931361000000,157696.0
FlushQueue.queueSizeMax,1774315871358000000,1774315931361000000,0
FlushQueue.executionTime90PNs,1774315871358000000,1774315931361000000,70655
AWTEventQueue.dispatchTimeMaxNs,1774315871358000000,1774315931361000000,178175
FlushQueue.queueSize90P,1774315871358000000,1774315931361000000,0
FlushQueue.waitingTime90PNs,1774315871358000000,1774315931361000000,222207
FlushQueue.waitingTimeAvgNs,1774315871358000000,1774315931361000000,193024.0
NonBlockingReadAction.failedExecutionTimeUs,1774315871358000000,1774315931361000000,0
JVM.totalTimeAtSafepointsMs,1774315871358000000,1774315931361000000,1
JVM.totalBytesAllocated,1774315871358000000,1774315931361000000,26042264
JVM.maxHeapBytes,1774315871358000000,1774315931361000000,2147483648
JVM.newThreadsCount,1774315871358000000,1774315931361000000,0
JVM.totalTimeToSafepointsMs,1774315871358000000,1774315931361000000,1
JVM.totalCpuTimeMs,1774315871358000000,1774315931361000000,1171
JVM.totalSafepointCount,1774315871358000000,1774315931361000000,8
JVM.totalDirectByteBuffersBytes,1774315871358000000,1774315931361000000,307733722
JVM.usedHeapBytes,1774315871358000000,1774315931361000000,509235632
JVM.GC.collections,1774315871358000000,1774315931361000000,0
JVM.threadCount,1774315871358000000,1774315931361000000,62
JVM.usedNativeBytes,1774315871358000000,1774315931361000000,455664024
JVM.maxThreadCount,1774315871358000000,1774315931361000000,125
OS.loadAverage,1774315871358000000,1774315931361000000,26.833984375
JVM.GC.collectionTimesMs,1774315871358000000,1774315931361000000,0
writeAction.max.wait.ms,1774315871358000000,1774315931361000000,786
writeAction.count,1774315871358000000,1774315931361000000,1
DiskQueryRelay.taskWaitingTotalTimeUs,1774315871358000000,1774315931361000000,156870
writeAction.wait.ms,1774315871358000000,1774315931361000000,0
writeAction.median.wait.ms,1774315871358000000,1774315931361000000,1200
DiskQueryRelay.tasksExecuted,1774315871358000000,1774315931361000000,609
DiskQueryRelay.tasksRequested,1774315871358000000,1774315931361000000,609
DiskQueryRelay.taskExecutionTotalTimeUs,1774315871358000000,1774315931361000000,156483
Indexes.allKeys.lookups,1774315871358000000,1774315931361000000,0
IndexesFlusher.totalFlushesRetried,1774315871358000000,1774315931361000000,0
IndexesFlusher.totalFlushingTimeUs,1774315871358000000,1774315931361000000,213690
Indexes.allKeys.lookupDuration90PMs,1774315871358000000,1774315931361000000,0.0
Indexes.entries.lookupDuration90PMs,1774315871358000000,1774315931361000000,0.0
Indexing.writer_0.totalTimeSpentWritingMs,1774315871358000000,1774315931361000000,0
Indexing.cache.totalCacheAccesses,1774315871358000000,1774315931361000000,0
Indexes.allKeys.lookupDurationAvgMs,1774315871358000000,1774315931361000000,0.0
Indexing.cache.totalCacheMisses,1774315871358000000,1774315931361000000,0
Indexing.writesQueuedMax,1774315871358000000,1774315931361000000,0
Indexing.totalTimeIndexersSleptMs,1774315871358000000,1774315931361000000,0
Indexes.stubs.lookupDurationMaxMs,1774315871358000000,1774315931361000000,0.0
IndexesFlusher.totalFlushes,1774315871358000000,1774315931361000000,176
Indexing.cache.totalCacheEvicted,1774315871358000000,1774315931361000000,0
Indexes.allKeys.lookupDurationMaxMs,1774315871358000000,1774315931361000000,0.0
IndexesFlusher.totalContentionQuotaSpent,1774315871358000000,1774315931361000000,0
Indexing.writesQueuedMin,1774315871358000000,1774315931361000000,9223372036854775807
Indexing.writer_2.totalTimeSpentWritingMs,1774315871358000000,1774315931361000000,0
Indexes.stubs.lookupDuration90PMs,1774315871358000000,1774315931361000000,0.0
Indexes.stubs.lookups,1774315871358000000,1774315931361000000,0
Indexing.writer_1.totalTimeSpentWritingMs,1774315871358000000,1774315931361000000,0
Indexes.entries.lookupDurationMaxMs,1774315871358000000,1774315931361000000,0.0
Indexes.stubs.lookupDurationAvgMs,1774315871358000000,1774315931361000000,0.0
Indexing.writer_3.totalTimeSpentWritingMs,1774315871358000000,1774315931361000000,0
Indexes.entries.lookupDurationAvgMs,1774315871358000000,1774315931361000000,0.0
Indexes.entries.lookups,1774315871358000000,1774315931361000000,0
FilePageCacheLockFree.totalNativeBytesAllocated,1774315871358000000,1774315931361000000,0
DirectByteBufferAllocator.totalSizeOfBuffersAllocatedInBytes,1774315871358000000,1774315931361000000,305160192
FilePageCache.capacityInBytes,1774315871358000000,1774315931361000000,503316478
DirectByteBufferAllocator.totalSizeOfBuffersCachedInBytes,1774315871358000000,1774315931361000000,9437184
FilePageCacheLockFree.housekeeperTurnsDone,1774315871358000000,1774315931361000000,0
StreamlinedBlobStorage.totalLiveRecordsPayloadBytes,1774315871358000000,1774315931361000000,0
FileChannelInterruptsRetryer.totalRetriedAttempts,1774315871358000000,1774315931361000000,0
FilePageCache.uncachedFileAccess,1774315871358000000,1774315931361000000,0
StorageLockContext.competingThreads.max,1774315871358000000,1774315931361000000,0
DirectByteBufferAllocator.reclaimed,1774315871358000000,1774315931361000000,0
FilePageCache.pageLoadsAboveSizeThreshold,1774315871358000000,1774315931361000000,0
MappedFileStorage.storages,1774315871358000000,1774315931361000000,16
FilePageCacheLockFree.totalPagesAllocated,1774315871358000000,1774315931361000000,0
FilePageCacheLockFree.totalBytesWritten,1774315871358000000,1774315931361000000,0
FilePageCacheLockFree.totalPagesReclaimed,1774315871358000000,1774315931361000000,0
FilePageCache.disposedBuffers,1774315871358000000,1774315931361000000,0
FilePageCache.totalPageLoadsUs,1774315871358000000,1774315931361000000,0
StreamlinedBlobStorage.recordsRelocated,1774315871358000000,1774315931361000000,0
StreamlinedBlobStorage.recordsAllocated,1774315871358000000,1774315931361000000,0
FilePageCacheLockFree.housekeeperTurnsSkipped,1774315871358000000,1774315931361000000,0
FilePageCacheLockFree.totalPagesWriteMs,1774315871358000000,1774315931361000000,0
FilePageCacheLockFree.totalPagesRequested,1774315871358000000,1774315931361000000,0
FilePageCache.maxRegisteredFiles,1774315871358000000,1774315931361000000,547
FilePageCache.maxCacheSizeInBytes,1774315871358000000,1774315931361000000,305160192
FilePageCacheLockFree.totalPagesReadMs,1774315871358000000,1774315931361000000,0
FilePageCacheLockFree.totalBytesRequested,1774315871358000000,1774315931361000000,0
FilePageCacheLockFree.totalPageAllocationsWaited,1774315871358000000,1774315931361000000,0
DirectByteBufferAllocator.hits,1774315871358000000,1774315931361000000,0
FilePageCache.totalPageDisposalsUs,1774315871358000000,1774315931361000000,0
StorageLockContext.competingThreads.avg,1774315871358000000,1774315931361000000,0.0
FilePageCacheLockFree.totalPagesWritten,1774315871358000000,1774315931361000000,0
MappedFileStorage.totalBytesMapped,1774315871358000000,1774315931361000000,257163264
FilePageCacheLockFree.heapBytesInUse,1774315871358000000,1774315931361000000,0
MappedFileStorage.totalTimeSpentOnMappingUs,1774315871358000000,1774315931361000000,13885
FilePageCacheLockFree.nativeBytesInUse,1774315871358000000,1774315931361000000,0
DirectByteBufferAllocator.disposed,1774315871358000000,1774315931361000000,0
FilePageCacheLockFree.totalHeapBytesAllocated,1774315871358000000,1774315931361000000,0
StreamlinedBlobStorage.totalLiveRecordsCapacityBytes,1774315871358000000,1774315931361000000,0
MappedFileStorage.totalPagesMapped,1774315871358000000,1774315931361000000,22
FilePageCacheLockFree.totalPagesHandedOver,1774315871358000000,1774315931361000000,0
FilePageCacheLockFree.housekeeperTimeSpentMs,1774315871358000000,1774315931361000000,0
FilePageCacheLockFree.totalPagesRequestsMs,1774315871358000000,1774315931361000000,0
FilePageCacheLockFree.totalHeapBytesReclaimed,1774315871358000000,1774315931361000000,0
FilePageCache.pageLoads,1774315871358000000,1774315931361000000,0
FilePageCacheLockFree.totalBytesRead,1774315871358000000,1774315931361000000,0
FilePageCacheLockFree.totalNativeBytesReclaimed,1774315871358000000,1774315931361000000,0
DirectByteBufferAllocator.misses,1774315871358000000,1774315931361000000,0
FilePageCacheLockFree.totalClosedStoragesReclaimed,1774315871358000000,1774315931361000000,0
StreamlinedBlobStorage.recordsDeleted,1774315871358000000,1774315931361000000,0
StorageLockContext.competingThreads.90P,1774315871358000000,1774315931361000000,0
FilePageCache.pageHits,1774315871358000000,1774315931361000000,0
FilePageCache.pageFastCacheHits,1774315871358000000,1774315931361000000,0
compiler.ArtifactManagerBridge.initBridges.ms,1774315871358000000,1774315931361000000,0
compiler.ArtifactManagerBridge.commit.ms,1774315871358000000,1774315931361000000,0
compiler.ArtifactManagerBridge.getArtifactsByType.ms,1774315871358000000,1774315931361000000,0
compiler.ArtifactManagerBridge.getArtifacts.ms,1774315871358000000,1774315931361000000,0
compiler.ArtifactManagerBridge.dropMappings.ms,1774315871358000000,1774315931361000000,0
compiler.ArtifactVirtualFileListener.propertyChanged.ms,1774315871358000000,1774315931361000000,0
compiler.ArtifactManagerBridge.addArtifact.ms,1774315871358000000,1774315931361000000,0
compiler.ArtifactManagerBridge.findArtifact.ms,1774315871358000000,1774315931361000000,0
compiler.ArtifactVirtualFileListener.filePathChanged.ms,1774315871358000000,1774315931361000000,0
workspaceModel.workspaceFileIndexData.processFileSets.ms,1774315871358000000,1774315931361000000,0
workspaceModel.cachedValueWithParameters.calculated.count,1774315871358000000,1774315931361000000,0
workspaceModel.update.unloaded.entities.ms,1774315871358000000,1774315931361000000,0
workspaceModel.workspaceFileIndexData.instances.count,1774315871358000000,1774315931361000000,0
workspaceModel.cachedValueWithParameters.from.cache.count,1774315871358000000,1774315931361000000,0
workspaceModel.to.snapshot.ms,1774315871358000000,1774315931361000000,0
workspaceModel.workspaceFileIndexData.onEntitiesChanged.ms,1774315871358000000,1774315931361000000,0
workspaceModel.cachedValue.total.get.count,1774315871358000000,1774315931361000000,0
workspaceModel.on.changed.ms,1774315871358000000,1774315931361000000,0
workspaceModel.check.recursive.update.ms,1774315871358000000,1774315931361000000,0
workspaceModel.workspaceFileIndexData.markDirty.ms,1774315871358000000,1774315931361000000,0
workspaceModel.updates.ms,1774315871358000000,1774315931361000000,0
workspaceModel.workspaceFileIndexData.updateDirtyEntities.ms,1774315871358000000,1774315931361000000,0
workspaceModel.initializing.ms,1774315871358000000,1774315931361000000,0
workspaceModel.workspaceFileIndexData.visitFileSets.ms,1774315871358000000,1774315931361000000,0
workspaceModel.replace.project.model.ms,1774315871358000000,1774315931361000000,0
workspaceModel.cachedValueWithParameters.clear.count,1774315871358000000,1774315931361000000,0
workspaceModel.on.before.changed.ms,1774315871358000000,1774315931361000000,0
workspaceModel.init.bridges.ms,1774315871358000000,1774315931361000000,0
workspaceModel.collect.changes.ms,1774315871358000000,1774315931361000000,0
workspaceModel.updates.precise.ms,1774315871358000000,1774315931361000000,0
workspaceModel.cachedValue.clear.count,1774315871358000000,1774315931361000000,0
workspaceModel.workspaceFileIndexData.getFileInfo.ms,1774315871358000000,1774315931361000000,0
workspaceModel.workspaceFileIndexData.init.ms,1774315871358000000,1774315931361000000,0
workspaceModel.cachedValueWithParameters.total.get.count,1774315871358000000,1774315931361000000,0
workspaceModel.workspaceFileIndexContributor.registerFileSets.ms,1774315871358000000,1774315931361000000,0
workspaceModel.loading.from.cache.ms,1774315871358000000,1774315931361000000,0
workspaceModel.workspaceFileIndexData.getDirectoriesByPackageName.ms,1774315871358000000,1774315931361000000,0
workspaceModel.workspaceFileIndexData.getPackageName.ms,1774315871358000000,1774315931361000000,0
workspaceModel.loading.total.ms,1774315871358000000,1774315931361000000,0
workspaceModel.cachedValue.from.cache.count,1774315871358000000,1774315931361000000,0
workspaceModel.updates.count,1774315871358000000,1774315931361000000,0
workspaceModel.cachedValue.calculated.count,1774315871358000000,1774315931361000000,0
workspaceModel.entityStorageSnapshotImpl.instances.count,1774315871358000000,1774315931361000000,0
workspaceModel.full.replace.project.model.ms,1774315871358000000,1774315931361000000,0
workspaceModel.pre.handlers.ms,1774315871358000000,1774315931361000000,0
VFS.contentStorage.recordsStoredSize,1774315871358000000,1774315931361000000,0
VFS.contentStorage.recordsDeduplicated,1774315871358000000,1774315931361000000,0
VFS.fileByIdCache.hits,1774315871358000000,1774315931361000000,0
FileNameCache.queries,1774315871358000000,1774315931361000000,4608
VFS.contentStorage.recordsReadSize,1774315871358000000,1774315931361000000,0
FileNameCache.totalMisses,1774315871358000000,1774315931361000000,0
VFS.invertedFileNameIndex.requests,1774315871358000000,1774315931361000000,0
VFS.contentStorage.recordsDecompressionTimeUs,1774315871358000000,1774315931361000000,0
VFS.contentStorage.recordsReadDecompressed,1774315871358000000,1774315931361000000,0
VFS.contentStorage.recordsStoredCompressed,1774315871358000000,1774315931361000000,0
VFS.fileByIdCache.misses,1774315871358000000,1774315931361000000,0
VFS.contentStorage.recordsUncompressedSize,1774315871358000000,1774315931361000000,0
VFS.fileChildByName,1774315871358000000,1774315931361000000,0
VFS.contentStorage.recordsStored,1774315871358000000,1774315931361000000,0
VFS.contentStorage.recordsRead,1774315871358000000,1774315931361000000,0
workspaceModel.moduleBridge.before.changed.ms,1774315931361000000,1774315991343000000,0
workspaceModel.moduleManagerBridge.new.nonPersistent.module.ms,1774315931361000000,1774315991343000000,0
workspaceModel.mutableEntityStorage.add.entity.ms,1774315931361000000,1774315991343000000,0
workspaceModel.moduleManagerBridge.load.all.modules.ms,1774315931361000000,1774315991343000000,0
jps.app.storage.content.writer.save.component.ms,1774315931361000000,1774315991343000000,0
jps.global.handle.before.change.events.ms,1774315931361000000,1774315991343000000,0
workspaceModel.moduleManagerBridge.build.module.graph.ms,1774315931361000000,1774315991343000000,0
workspaceModel.mutableEntityStorage.to.snapshot.ms,1774315931361000000,1774315991343000000,0
jps.module.iml.entities.serializer.save.entities.ms,1774315931361000000,1774315991343000000,0
workspaceModel.mutableEntityStorage.remove.entity.ms,1774315931361000000,1774315991343000000,0
jps.library.entities.serializer.load.entities.ms,1774315931361000000,1774315991343000000,0
workspaceModel.mutableEntityStorage.entities.ms,1774315931361000000,1774315991343000000,0
workspaceModel.save.cache.to.file.ms,1774315931361000000,1774315991343000000,0
jps.global.handle.changed.events.ms,1774315931361000000,1774315991343000000,0
jps.facet.change.listener.process.change.events.ms,1774315931361000000,1774315991343000000,0
jps.global.get.library.by.name.ms,1774315931361000000,1774315991343000000,0
workspaceModel.mutableEntityStorage.changeLog.addReplaceEventForRemovedParent.ms,1774315931361000000,1774315991343000000,0
workspaceModel.mutableEntityStorage.replace.by.source.ms,1774315931361000000,1774315991343000000,0
jps.project.serializers.load.ms,1774315931361000000,1774315991343000000,0
jps.global.get.libraries.ms,1774315931361000000,1774315991343000000,0
jps.load.project.to.empty.storage.ms,1774315931361000000,1774315991343000000,0
workspaceModel.mutableEntityStorage.mutable.vfurl.index.ms,1774315931361000000,1774315991343000000,0
workspaceModel.load.cache.from.file.ms,1774315931361000000,1774315991343000000,0
jps.storage.jps.conf.reader.load.component.ms,1774315931361000000,1774315991343000000,0
jps.global.initialize.library.bridges.after.loading.ms,1774315931361000000,1774315991343000000,0
workspaceModel.sync.entities.ms,1774315931361000000,1774315991343000000,0
jps.global.get.library.ms,1774315931361000000,1774315991343000000,0
workspaceModel.global.apply.state.to.project.builder.ms,1774315931361000000,1774315991343000000,0
workspaceModel.moduleManagerBridge.newModule.ms,1774315931361000000,1774315991343000000,0
workspaceModel.mutableEntityStorage.put.entity.ms,1774315931361000000,1774315991343000000,0
jps.reload.project.entities.ms,1774315931361000000,1774315991343000000,0
jps.apply.loaded.storage.ms,1774315931361000000,1774315991343000000,0
workspaceModel.moduleBridge.update.option.ms,1774315931361000000,1774315991343000000,0
jps.facet.change.listener.before.change.events.ms,1774315931361000000,1774315991343000000,0
workspaceModel.global.updates.ms,1774315931361000000,1774315991343000000,0
workspaceModel.moduleBridge.facet.initialization.ms,1774315931361000000,1774315991343000000,0
jps.artifact.entities.serializer.save.entities.ms,1774315931361000000,1774315991343000000,0
workspaceModel.delayed.project.synchronizer.sync.ms,1774315931361000000,1774315991343000000,0
workspaceModel.mutableEntityStorage.changeLog.addReplaceEventForNewParent.ms,1774315931361000000,1774315991343000000,0
workspaceModel.moduleManagerBridge.load.module.ms,1774315931361000000,1774315991343000000,0
jps.app.storage.content.reader.load.component.ms,1774315931361000000,1774315991343000000,0
jps.artifact.entities.serializer.load.entities.ms,1774315931361000000,1774315991343000000,0
workspaceModel.moduleBridgeLoader.loading.modules.ms,1774315931361000000,1774315991343000000,0
workspaceModel.global.updates.count,1774315931361000000,1774315991343000000,0
workspaceModel.orphan.listener.update.ms,1774315931361000000,1774315991343000000,0
workspaceModel.global.apply.state.to.project.ms,1774315931361000000,1774315991343000000,0
workspaceModel.mutableEntityStorage.has.same.entities.ms,1774315931361000000,1774315991343000000,0
workspaceModel.mutableEntityStorage.modify.entity.ms,1774315931361000000,1774315991343000000,0
workspaceModel.mutableEntityStorage.instances.count,1774315931361000000,1774315991343000000,0
jps.module.iml.entities.serializer.load.entities.ms,1774315931361000000,1774315991343000000,0
workspaceModel.mutableEntityStorage.mutable.ext.mapping.ms,1774315931361000000,1774315991343000000,0
workspaceModel.mutableEntityStorage.changeLog.addReplaceEventForRemovedChild.ms,1774315931361000000,1774315991343000000,0
workspaceModel.load.cache.metadata.from.file.ms,1774315931361000000,1774315991343000000,0
workspaceModel.moduleManagerBridge.create.module.instance.ms,1774315931361000000,1774315991343000000,0
workspaceModel.moduleManagerBridge.set.unloadedModules.ms,1774315931361000000,1774315991343000000,0
jps.library.entities.serializer.save.entities.ms,1774315931361000000,1774315991343000000,0
workspaceModel.do.save.caches.ms,1774315931361000000,1774315991343000000,0
jps.save.global.entities.ms,1774315931361000000,1774315991343000000,0
jps.global.initialize.library.bridges.ms,1774315931361000000,1774315991343000000,0
workspaceModel.mutableEntityStorage.collect.changes.ms,1774315931361000000,1774315991343000000,0
workspaceModel.mutableEntityStorage.resolve.ms,1774315931361000000,1774315991343000000,0
workspaceModel.moduleManagerBridge.get.modules.ms,1774315931361000000,1774315991343000000,0
workspaceModel.mutableEntityStorage.referrers.ms,1774315931361000000,1774315991343000000,0
jps.save.changed.project.entities.ms,1774315931361000000,1774315991343000000,0
workspaceModel.mutableEntityStorage.entities.by.source.ms,1774315931361000000,1774315991343000000,0
workspaceModel.mutableEntityStorage.apply.changes.from.ms,1774315931361000000,1774315991343000000,0
jps.module.dependency.index.workspace.model.listener.on.changed.ms,1774315931361000000,1774315991343000000,0
jps.project.serializers.save.ms,1774315931361000000,1774315991343000000,0
workspaceModel.mutableEntityStorage.changeLog.addReplaceEventForNewChild.ms,1774315931361000000,1774315991343000000,0
jps.facet.change.listener.init.bridge.ms,1774315931361000000,1774315991343000000,0
jps.load.initial.state.ms,1774315931361000000,1774315991343000000,0
cacheStateStorage.set.duration,1774315931361000000,1774315991343000000,0
cacheStateStorage.get.duration,1774315931361000000,1774315991343000000,0
cacheStateStorage.set.counter,1774315931361000000,1774315991343000000,0
cacheStateStorage.get.counter,1774315931361000000,1774315991343000000,0
AWTEventQueue.dispatchTimeTotalNS,1774315931361000000,1774315991343000000,56481830
FlushQueue.waitingTimeMaxNs,1774315931361000000,1774315991343000000,0
NonBlockingReadAction.failedExecutionsCount,1774315931361000000,1774315991343000000,0
AWTEventQueue.eventsDispatched,1774315931361000000,1774315991343000000,0
WriteAction.executionsCount,1774315931361000000,1774315991343000000,0
FlushQueue.executionTimeMaxNs,1774315931361000000,1774315991343000000,0
FlushQueue.executionTimeAvgNs,1774315931361000000,1774315991343000000,0.0
ReadAction.executionsCount,1774315931361000000,1774315991343000000,0
FlushQueue.queueSizeAvg,1774315931361000000,1774315991343000000,0.0
FlushQueue.tasksExecuted,1774315931361000000,1774315991343000000,0
NonBlockingReadAction.finalizedExecutionsCount,1774315931361000000,1774315991343000000,0
NonBlockingReadAction.finalizedExecutionTimeUs,1774315931361000000,1774315991343000000,0
AWTEventQueue.dispatchTime90PNs,1774315931361000000,1774315991343000000,0
AWTEventQueue.dispatchTimeAvgNs,1774315931361000000,1774315991343000000,0.0
FlushQueue.queueSizeMax,1774315931361000000,1774315991343000000,0
FlushQueue.executionTime90PNs,1774315931361000000,1774315991343000000,0
AWTEventQueue.dispatchTimeMaxNs,1774315931361000000,1774315991343000000,0
FlushQueue.queueSize90P,1774315931361000000,1774315991343000000,0
FlushQueue.waitingTime90PNs,1774315931361000000,1774315991343000000,0
FlushQueue.waitingTimeAvgNs,1774315931361000000,1774315991343000000,0.0
NonBlockingReadAction.failedExecutionTimeUs,1774315931361000000,1774315991343000000,0
JVM.totalTimeAtSafepointsMs,1774315931361000000,1774315991343000000,0
JVM.totalBytesAllocated,1774315931361000000,1774315991343000000,17534976
JVM.maxHeapBytes,1774315931361000000,1774315991343000000,2147483648
JVM.newThreadsCount,1774315931361000000,1774315991343000000,0
JVM.totalTimeToSafepointsMs,1774315931361000000,1774315991343000000,0
JVM.totalCpuTimeMs,1774315931361000000,1774315991343000000,1059
JVM.totalSafepointCount,1774315931361000000,1774315991343000000,4
JVM.totalDirectByteBuffersBytes,1774315931361000000,1774315991343000000,307406627
JVM.usedHeapBytes,1774315931361000000,1774315991343000000,528110000
JVM.GC.collections,1774315931361000000,1774315991343000000,0
JVM.threadCount,1774315931361000000,1774315991343000000,42
JVM.usedNativeBytes,1774315931361000000,1774315991343000000,455814744
JVM.maxThreadCount,1774315931361000000,1774315991343000000,125
OS.loadAverage,1774315931361000000,1774315991343000000,23.546875
JVM.GC.collectionTimesMs,1774315931361000000,1774315991343000000,0
writeAction.max.wait.ms,1774315931361000000,1774315991343000000,786
writeAction.count,1774315931361000000,1774315991343000000,0
DiskQueryRelay.taskWaitingTotalTimeUs,1774315931361000000,1774315991343000000,0
writeAction.wait.ms,1774315931361000000,1774315991343000000,0
writeAction.median.wait.ms,1774315931361000000,1774315991343000000,1200
DiskQueryRelay.tasksExecuted,1774315931361000000,1774315991343000000,0
DiskQueryRelay.tasksRequested,1774315931361000000,1774315991343000000,0
DiskQueryRelay.taskExecutionTotalTimeUs,1774315931361000000,1774315991343000000,0
Indexes.allKeys.lookups,1774315931361000000,1774315991343000000,0
IndexesFlusher.totalFlushesRetried,1774315931361000000,1774315991343000000,0
IndexesFlusher.totalFlushingTimeUs,1774315931361000000,1774315991343000000,213919
Indexes.allKeys.lookupDuration90PMs,1774315931361000000,1774315991343000000,0.0
Indexes.entries.lookupDuration90PMs,1774315931361000000,1774315991343000000,0.0
Indexing.writer_0.totalTimeSpentWritingMs,1774315931361000000,1774315991343000000,0
Indexing.cache.totalCacheAccesses,1774315931361000000,1774315991343000000,0
Indexes.allKeys.lookupDurationAvgMs,1774315931361000000,1774315991343000000,0.0
Indexing.cache.totalCacheMisses,1774315931361000000,1774315991343000000,0
Indexing.writesQueuedMax,1774315931361000000,1774315991343000000,0
Indexing.totalTimeIndexersSleptMs,1774315931361000000,1774315991343000000,0
Indexes.stubs.lookupDurationMaxMs,1774315931361000000,1774315991343000000,0.0
IndexesFlusher.totalFlushes,1774315931361000000,1774315991343000000,176
Indexing.cache.totalCacheEvicted,1774315931361000000,1774315991343000000,0
Indexes.allKeys.lookupDurationMaxMs,1774315931361000000,1774315991343000000,0.0
IndexesFlusher.totalContentionQuotaSpent,1774315931361000000,1774315991343000000,0
Indexing.writesQueuedMin,1774315931361000000,1774315991343000000,9223372036854775807
Indexing.writer_2.totalTimeSpentWritingMs,1774315931361000000,1774315991343000000,0
Indexes.stubs.lookupDuration90PMs,1774315931361000000,1774315991343000000,0.0
Indexes.stubs.lookups,1774315931361000000,1774315991343000000,0
Indexing.writer_1.totalTimeSpentWritingMs,1774315931361000000,1774315991343000000,0
Indexes.entries.lookupDurationMaxMs,1774315931361000000,1774315991343000000,0.0
Indexes.stubs.lookupDurationAvgMs,1774315931361000000,1774315991343000000,0.0
Indexing.writer_3.totalTimeSpentWritingMs,1774315931361000000,1774315991343000000,0
Indexes.entries.lookupDurationAvgMs,1774315931361000000,1774315991343000000,0.0
Indexes.entries.lookups,1774315931361000000,1774315991343000000,0
FilePageCacheLockFree.totalNativeBytesAllocated,1774315931361000000,1774315991343000000,0
DirectByteBufferAllocator.totalSizeOfBuffersAllocatedInBytes,1774315931361000000,1774315991343000000,305160192
FilePageCache.capacityInBytes,1774315931361000000,1774315991343000000,503316478
DirectByteBufferAllocator.totalSizeOfBuffersCachedInBytes,1774315931361000000,1774315991343000000,9437184
FilePageCacheLockFree.housekeeperTurnsDone,1774315931361000000,1774315991343000000,0
StreamlinedBlobStorage.totalLiveRecordsPayloadBytes,1774315931361000000,1774315991343000000,0
FileChannelInterruptsRetryer.totalRetriedAttempts,1774315931361000000,1774315991343000000,0
FilePageCache.uncachedFileAccess,1774315931361000000,1774315991343000000,0
StorageLockContext.competingThreads.max,1774315931361000000,1774315991343000000,0
DirectByteBufferAllocator.reclaimed,1774315931361000000,1774315991343000000,0
FilePageCache.pageLoadsAboveSizeThreshold,1774315931361000000,1774315991343000000,0
MappedFileStorage.storages,1774315931361000000,1774315991343000000,16
FilePageCacheLockFree.totalPagesAllocated,1774315931361000000,1774315991343000000,0
FilePageCacheLockFree.totalBytesWritten,1774315931361000000,1774315991343000000,0
FilePageCacheLockFree.totalPagesReclaimed,1774315931361000000,1774315991343000000,0
FilePageCache.disposedBuffers,1774315931361000000,1774315991343000000,0
FilePageCache.totalPageLoadsUs,1774315931361000000,1774315991343000000,0
StreamlinedBlobStorage.recordsRelocated,1774315931361000000,1774315991343000000,0
StreamlinedBlobStorage.recordsAllocated,1774315931361000000,1774315991343000000,0
FilePageCacheLockFree.housekeeperTurnsSkipped,1774315931361000000,1774315991343000000,0
FilePageCacheLockFree.totalPagesWriteMs,1774315931361000000,1774315991343000000,0
FilePageCacheLockFree.totalPagesRequested,1774315931361000000,1774315991343000000,0
FilePageCache.maxRegisteredFiles,1774315931361000000,1774315991343000000,547
FilePageCache.maxCacheSizeInBytes,1774315931361000000,1774315991343000000,305160192
FilePageCacheLockFree.totalPagesReadMs,1774315931361000000,1774315991343000000,0
FilePageCacheLockFree.totalBytesRequested,1774315931361000000,1774315991343000000,0
FilePageCacheLockFree.totalPageAllocationsWaited,1774315931361000000,1774315991343000000,0
DirectByteBufferAllocator.hits,1774315931361000000,1774315991343000000,0
FilePageCache.totalPageDisposalsUs,1774315931361000000,1774315991343000000,0
StorageLockContext.competingThreads.avg,1774315931361000000,1774315991343000000,0.0
FilePageCacheLockFree.totalPagesWritten,1774315931361000000,1774315991343000000,0
MappedFileStorage.totalBytesMapped,1774315931361000000,1774315991343000000,257163264
FilePageCacheLockFree.heapBytesInUse,1774315931361000000,1774315991343000000,0
MappedFileStorage.totalTimeSpentOnMappingUs,1774315931361000000,1774315991343000000,13885
FilePageCacheLockFree.nativeBytesInUse,1774315931361000000,1774315991343000000,0
DirectByteBufferAllocator.disposed,1774315931361000000,1774315991343000000,0
FilePageCacheLockFree.totalHeapBytesAllocated,1774315931361000000,1774315991343000000,0
StreamlinedBlobStorage.totalLiveRecordsCapacityBytes,1774315931361000000,1774315991343000000,0
MappedFileStorage.totalPagesMapped,1774315931361000000,1774315991343000000,22
FilePageCacheLockFree.totalPagesHandedOver,1774315931361000000,1774315991343000000,0
FilePageCacheLockFree.housekeeperTimeSpentMs,1774315931361000000,1774315991343000000,0
FilePageCacheLockFree.totalPagesRequestsMs,1774315931361000000,1774315991343000000,0
FilePageCacheLockFree.totalHeapBytesReclaimed,1774315931361000000,1774315991343000000,0
FilePageCache.pageLoads,1774315931361000000,1774315991343000000,0
FilePageCacheLockFree.totalBytesRead,1774315931361000000,1774315991343000000,0
FilePageCacheLockFree.totalNativeBytesReclaimed,1774315931361000000,1774315991343000000,0
DirectByteBufferAllocator.misses,1774315931361000000,1774315991343000000,0
FilePageCacheLockFree.totalClosedStoragesReclaimed,1774315931361000000,1774315991343000000,0
StreamlinedBlobStorage.recordsDeleted,1774315931361000000,1774315991343000000,0
StorageLockContext.competingThreads.90P,1774315931361000000,1774315991343000000,0
FilePageCache.pageHits,1774315931361000000,1774315991343000000,0
FilePageCache.pageFastCacheHits,1774315931361000000,1774315991343000000,0
compiler.ArtifactManagerBridge.initBridges.ms,1774315931361000000,1774315991343000000,0
compiler.ArtifactManagerBridge.commit.ms,1774315931361000000,1774315991343000000,0
compiler.ArtifactManagerBridge.getArtifactsByType.ms,1774315931361000000,1774315991343000000,0
compiler.ArtifactManagerBridge.getArtifacts.ms,1774315931361000000,1774315991343000000,0
compiler.ArtifactManagerBridge.dropMappings.ms,1774315931361000000,1774315991343000000,0
compiler.ArtifactVirtualFileListener.propertyChanged.ms,1774315931361000000,1774315991343000000,0
compiler.ArtifactManagerBridge.addArtifact.ms,1774315931361000000,1774315991343000000,0
compiler.ArtifactManagerBridge.findArtifact.ms,1774315931361000000,1774315991343000000,0
compiler.ArtifactVirtualFileListener.filePathChanged.ms,1774315931361000000,1774315991343000000,0
workspaceModel.workspaceFileIndexData.processFileSets.ms,1774315931361000000,1774315991343000000,0
workspaceModel.cachedValueWithParameters.calculated.count,1774315931361000000,1774315991343000000,0
workspaceModel.update.unloaded.entities.ms,1774315931361000000,1774315991343000000,0
workspaceModel.workspaceFileIndexData.instances.count,1774315931361000000,1774315991343000000,0
workspaceModel.cachedValueWithParameters.from.cache.count,1774315931361000000,1774315991343000000,0
workspaceModel.to.snapshot.ms,1774315931361000000,1774315991343000000,0
workspaceModel.workspaceFileIndexData.onEntitiesChanged.ms,1774315931361000000,1774315991343000000,0
workspaceModel.cachedValue.total.get.count,1774315931361000000,1774315991343000000,0
workspaceModel.on.changed.ms,1774315931361000000,1774315991343000000,0
workspaceModel.check.recursive.update.ms,1774315931361000000,1774315991343000000,0
workspaceModel.workspaceFileIndexData.markDirty.ms,1774315931361000000,1774315991343000000,0
workspaceModel.updates.ms,1774315931361000000,1774315991343000000,0
workspaceModel.workspaceFileIndexData.updateDirtyEntities.ms,1774315931361000000,1774315991343000000,0
workspaceModel.initializing.ms,1774315931361000000,1774315991343000000,0
workspaceModel.workspaceFileIndexData.visitFileSets.ms,1774315931361000000,1774315991343000000,0
workspaceModel.replace.project.model.ms,1774315931361000000,1774315991343000000,0
workspaceModel.cachedValueWithParameters.clear.count,1774315931361000000,1774315991343000000,0
workspaceModel.on.before.changed.ms,1774315931361000000,1774315991343000000,0
workspaceModel.init.bridges.ms,1774315931361000000,1774315991343000000,0
workspaceModel.collect.changes.ms,1774315931361000000,1774315991343000000,0
workspaceModel.updates.precise.ms,1774315931361000000,1774315991343000000,0
workspaceModel.cachedValue.clear.count,1774315931361000000,1774315991343000000,0
workspaceModel.workspaceFileIndexData.getFileInfo.ms,1774315931361000000,1774315991343000000,0
workspaceModel.workspaceFileIndexData.init.ms,1774315931361000000,1774315991343000000,0
workspaceModel.cachedValueWithParameters.total.get.count,1774315931361000000,1774315991343000000,0
workspaceModel.workspaceFileIndexContributor.registerFileSets.ms,1774315931361000000,1774315991343000000,0
workspaceModel.loading.from.cache.ms,1774315931361000000,1774315991343000000,0
workspaceModel.workspaceFileIndexData.getDirectoriesByPackageName.ms,1774315931361000000,1774315991343000000,0
workspaceModel.workspaceFileIndexData.getPackageName.ms,1774315931361000000,1774315991343000000,0
workspaceModel.loading.total.ms,1774315931361000000,1774315991343000000,0
workspaceModel.cachedValue.from.cache.count,1774315931361000000,1774315991343000000,0
workspaceModel.updates.count,1774315931361000000,1774315991343000000,0
workspaceModel.cachedValue.calculated.count,1774315931361000000,1774315991343000000,0
workspaceModel.entityStorageSnapshotImpl.instances.count,1774315931361000000,1774315991343000000,0
workspaceModel.full.replace.project.model.ms,1774315931361000000,1774315991343000000,0
workspaceModel.pre.handlers.ms,1774315931361000000,1774315991343000000,0
VFS.contentStorage.recordsStoredSize,1774315931361000000,1774315991343000000,0
VFS.contentStorage.recordsDeduplicated,1774315931361000000,1774315991343000000,0
VFS.fileByIdCache.hits,1774315931361000000,1774315991343000000,0
FileNameCache.queries,1774315931361000000,1774315991343000000,0
VFS.contentStorage.recordsReadSize,1774315931361000000,1774315991343000000,0
FileNameCache.totalMisses,1774315931361000000,1774315991343000000,0
VFS.invertedFileNameIndex.requests,1774315931361000000,1774315991343000000,0
VFS.contentStorage.recordsDecompressionTimeUs,1774315931361000000,1774315991343000000,0
VFS.contentStorage.recordsReadDecompressed,1774315931361000000,1774315991343000000,0
VFS.contentStorage.recordsStoredCompressed,1774315931361000000,1774315991343000000,0
VFS.fileByIdCache.misses,1774315931361000000,1774315991343000000,0
VFS.contentStorage.recordsUncompressedSize,1774315931361000000,1774315991343000000,0
VFS.fileChildByName,1774315931361000000,1774315991343000000,0
VFS.contentStorage.recordsStored,1774315931361000000,1774315991343000000,0
VFS.contentStorage.recordsRead,1774315931361000000,1774315991343000000,0
workspaceModel.moduleBridge.before.changed.ms,1774315991343000000,1774316051353000000,0
workspaceModel.moduleManagerBridge.new.nonPersistent.module.ms,1774315991343000000,1774316051353000000,0
workspaceModel.mutableEntityStorage.add.entity.ms,1774315991343000000,1774316051353000000,0
workspaceModel.moduleManagerBridge.load.all.modules.ms,1774315991343000000,1774316051353000000,0
jps.app.storage.content.writer.save.component.ms,1774315991343000000,1774316051353000000,0
jps.global.handle.before.change.events.ms,1774315991343000000,1774316051353000000,0
workspaceModel.moduleManagerBridge.build.module.graph.ms,1774315991343000000,1774316051353000000,0
workspaceModel.mutableEntityStorage.to.snapshot.ms,1774315991343000000,1774316051353000000,0
jps.module.iml.entities.serializer.save.entities.ms,1774315991343000000,1774316051353000000,0
workspaceModel.mutableEntityStorage.remove.entity.ms,1774315991343000000,1774316051353000000,0
jps.library.entities.serializer.load.entities.ms,1774315991343000000,1774316051353000000,0
workspaceModel.mutableEntityStorage.entities.ms,1774315991343000000,1774316051353000000,0
workspaceModel.save.cache.to.file.ms,1774315991343000000,1774316051353000000,0
jps.global.handle.changed.events.ms,1774315991343000000,1774316051353000000,0
jps.facet.change.listener.process.change.events.ms,1774315991343000000,1774316051353000000,0
jps.global.get.library.by.name.ms,1774315991343000000,1774316051353000000,0
workspaceModel.mutableEntityStorage.changeLog.addReplaceEventForRemovedParent.ms,1774315991343000000,1774316051353000000,0
workspaceModel.mutableEntityStorage.replace.by.source.ms,1774315991343000000,1774316051353000000,0
jps.project.serializers.load.ms,1774315991343000000,1774316051353000000,0
jps.global.get.libraries.ms,1774315991343000000,1774316051353000000,0
jps.load.project.to.empty.storage.ms,1774315991343000000,1774316051353000000,0
workspaceModel.mutableEntityStorage.mutable.vfurl.index.ms,1774315991343000000,1774316051353000000,0
workspaceModel.load.cache.from.file.ms,1774315991343000000,1774316051353000000,0
jps.storage.jps.conf.reader.load.component.ms,1774315991343000000,1774316051353000000,0
jps.global.initialize.library.bridges.after.loading.ms,1774315991343000000,1774316051353000000,0
workspaceModel.sync.entities.ms,1774315991343000000,1774316051353000000,0
jps.global.get.library.ms,1774315991343000000,1774316051353000000,0
workspaceModel.global.apply.state.to.project.builder.ms,1774315991343000000,1774316051353000000,0
workspaceModel.moduleManagerBridge.newModule.ms,1774315991343000000,1774316051353000000,0
workspaceModel.mutableEntityStorage.put.entity.ms,1774315991343000000,1774316051353000000,0
jps.reload.project.entities.ms,1774315991343000000,1774316051353000000,0
jps.apply.loaded.storage.ms,1774315991343000000,1774316051353000000,0
workspaceModel.moduleBridge.update.option.ms,1774315991343000000,1774316051353000000,0
jps.facet.change.listener.before.change.events.ms,1774315991343000000,1774316051353000000,0
workspaceModel.global.updates.ms,1774315991343000000,1774316051353000000,0
workspaceModel.moduleBridge.facet.initialization.ms,1774315991343000000,1774316051353000000,0
jps.artifact.entities.serializer.save.entities.ms,1774315991343000000,1774316051353000000,0
workspaceModel.delayed.project.synchronizer.sync.ms,1774315991343000000,1774316051353000000,0
workspaceModel.mutableEntityStorage.changeLog.addReplaceEventForNewParent.ms,1774315991343000000,1774316051353000000,0
workspaceModel.moduleManagerBridge.load.module.ms,1774315991343000000,1774316051353000000,0
jps.app.storage.content.reader.load.component.ms,1774315991343000000,1774316051353000000,0
jps.artifact.entities.serializer.load.entities.ms,1774315991343000000,1774316051353000000,0
workspaceModel.moduleBridgeLoader.loading.modules.ms,1774315991343000000,1774316051353000000,0
workspaceModel.global.updates.count,1774315991343000000,1774316051353000000,0
workspaceModel.orphan.listener.update.ms,1774315991343000000,1774316051353000000,0
workspaceModel.global.apply.state.to.project.ms,1774315991343000000,1774316051353000000,0
workspaceModel.mutableEntityStorage.has.same.entities.ms,1774315991343000000,1774316051353000000,0
workspaceModel.mutableEntityStorage.modify.entity.ms,1774315991343000000,1774316051353000000,0
workspaceModel.mutableEntityStorage.instances.count,1774315991343000000,1774316051353000000,0
jps.module.iml.entities.serializer.load.entities.ms,1774315991343000000,1774316051353000000,0
workspaceModel.mutableEntityStorage.mutable.ext.mapping.ms,1774315991343000000,1774316051353000000,0
workspaceModel.mutableEntityStorage.changeLog.addReplaceEventForRemovedChild.ms,1774315991343000000,1774316051353000000,0
workspaceModel.load.cache.metadata.from.file.ms,1774315991343000000,1774316051353000000,0
workspaceModel.moduleManagerBridge.create.module.instance.ms,1774315991343000000,1774316051353000000,0
workspaceModel.moduleManagerBridge.set.unloadedModules.ms,1774315991343000000,1774316051353000000,0
jps.library.entities.serializer.save.entities.ms,1774315991343000000,1774316051353000000,0
workspaceModel.do.save.caches.ms,1774315991343000000,1774316051353000000,0
jps.save.global.entities.ms,1774315991343000000,1774316051353000000,0
jps.global.initialize.library.bridges.ms,1774315991343000000,1774316051353000000,0
workspaceModel.mutableEntityStorage.collect.changes.ms,1774315991343000000,1774316051353000000,0
workspaceModel.mutableEntityStorage.resolve.ms,1774315991343000000,1774316051353000000,0
workspaceModel.moduleManagerBridge.get.modules.ms,1774315991343000000,1774316051353000000,0
workspaceModel.mutableEntityStorage.referrers.ms,1774315991343000000,1774316051353000000,0
jps.save.changed.project.entities.ms,1774315991343000000,1774316051353000000,0
workspaceModel.mutableEntityStorage.entities.by.source.ms,1774315991343000000,1774316051353000000,0
workspaceModel.mutableEntityStorage.apply.changes.from.ms,1774315991343000000,1774316051353000000,0
jps.module.dependency.index.workspace.model.listener.on.changed.ms,1774315991343000000,1774316051353000000,0
jps.project.serializers.save.ms,1774315991343000000,1774316051353000000,0
workspaceModel.mutableEntityStorage.changeLog.addReplaceEventForNewChild.ms,1774315991343000000,1774316051353000000,0
jps.facet.change.listener.init.bridge.ms,1774315991343000000,1774316051353000000,0
jps.load.initial.state.ms,1774315991343000000,1774316051353000000,0
cacheStateStorage.set.duration,1774315991343000000,1774316051353000000,0
cacheStateStorage.get.duration,1774315991343000000,1774316051353000000,0
cacheStateStorage.set.counter,1774315991343000000,1774316051353000000,0
cacheStateStorage.get.counter,1774315991343000000,1774316051353000000,0
AWTEventQueue.dispatchTimeTotalNS,1774315991343000000,1774316051353000000,70204496
FlushQueue.waitingTimeMaxNs,1774315991343000000,1774316051353000000,0
NonBlockingReadAction.failedExecutionsCount,1774315991343000000,1774316051353000000,0
AWTEventQueue.eventsDispatched,1774315991343000000,1774316051353000000,0
WriteAction.executionsCount,1774315991343000000,1774316051353000000,0
FlushQueue.executionTimeMaxNs,1774315991343000000,1774316051353000000,0
FlushQueue.executionTimeAvgNs,1774315991343000000,1774316051353000000,0.0
ReadAction.executionsCount,1774315991343000000,1774316051353000000,0
FlushQueue.queueSizeAvg,1774315991343000000,1774316051353000000,0.0
FlushQueue.tasksExecuted,1774315991343000000,1774316051353000000,0
NonBlockingReadAction.finalizedExecutionsCount,1774315991343000000,1774316051353000000,0
NonBlockingReadAction.finalizedExecutionTimeUs,1774315991343000000,1774316051353000000,0
AWTEventQueue.dispatchTime90PNs,1774315991343000000,1774316051353000000,0
AWTEventQueue.dispatchTimeAvgNs,1774315991343000000,1774316051353000000,0.0
FlushQueue.queueSizeMax,1774315991343000000,1774316051353000000,0
FlushQueue.executionTime90PNs,1774315991343000000,1774316051353000000,0
AWTEventQueue.dispatchTimeMaxNs,1774315991343000000,1774316051353000000,0
FlushQueue.queueSize90P,1774315991343000000,1774316051353000000,0
FlushQueue.waitingTime90PNs,1774315991343000000,1774316051353000000,0
FlushQueue.waitingTimeAvgNs,1774315991343000000,1774316051353000000,0.0
NonBlockingReadAction.failedExecutionTimeUs,1774315991343000000,1774316051353000000,0
JVM.totalTimeAtSafepointsMs,1774315991343000000,1774316051353000000,0
JVM.totalBytesAllocated,1774315991343000000,1774316051353000000,17754640
JVM.maxHeapBytes,1774315991343000000,1774316051353000000,2147483648
JVM.newThreadsCount,1774315991343000000,1774316051353000000,0
JVM.totalTimeToSafepointsMs,1774315991343000000,1774316051353000000,1
JVM.totalCpuTimeMs,1774315991343000000,1774316051353000000,1021
JVM.totalSafepointCount,1774315991343000000,1774316051353000000,4
JVM.totalDirectByteBuffersBytes,1774315991343000000,1774316051353000000,307406627
JVM.usedHeapBytes,1774315991343000000,1774316051353000000,545935792
JVM.GC.collections,1774315991343000000,1774316051353000000,0
JVM.threadCount,1774315991343000000,1774316051353000000,42
JVM.usedNativeBytes,1774315991343000000,1774316051353000000,455950832
JVM.maxThreadCount,1774315991343000000,1774316051353000000,125
OS.loadAverage,1774315991343000000,1774316051353000000,15.10986328125
JVM.GC.collectionTimesMs,1774315991343000000,1774316051353000000,0
writeAction.max.wait.ms,1774315991343000000,1774316051353000000,786
writeAction.count,1774315991343000000,1774316051353000000,0
DiskQueryRelay.taskWaitingTotalTimeUs,1774315991343000000,1774316051353000000,0
writeAction.wait.ms,1774315991343000000,1774316051353000000,0
writeAction.median.wait.ms,1774315991343000000,1774316051353000000,1200
DiskQueryRelay.tasksExecuted,1774315991343000000,1774316051353000000,0
DiskQueryRelay.tasksRequested,1774315991343000000,1774316051353000000,0
DiskQueryRelay.taskExecutionTotalTimeUs,1774315991343000000,1774316051353000000,0
Indexes.allKeys.lookups,1774315991343000000,1774316051353000000,0
IndexesFlusher.totalFlushesRetried,1774315991343000000,1774316051353000000,0
IndexesFlusher.totalFlushingTimeUs,1774315991343000000,1774316051353000000,235042
Indexes.allKeys.lookupDuration90PMs,1774315991343000000,1774316051353000000,0.0
Indexes.entries.lookupDuration90PMs,1774315991343000000,1774316051353000000,0.0
Indexing.writer_0.totalTimeSpentWritingMs,1774315991343000000,1774316051353000000,0
Indexing.cache.totalCacheAccesses,1774315991343000000,1774316051353000000,0
Indexes.allKeys.lookupDurationAvgMs,1774315991343000000,1774316051353000000,0.0
Indexing.cache.totalCacheMisses,1774315991343000000,1774316051353000000,0
Indexing.writesQueuedMax,1774315991343000000,1774316051353000000,0
Indexing.totalTimeIndexersSleptMs,1774315991343000000,1774316051353000000,0
Indexes.stubs.lookupDurationMaxMs,1774315991343000000,1774316051353000000,0.0
IndexesFlusher.totalFlushes,1774315991343000000,1774316051353000000,177
Indexing.cache.totalCacheEvicted,1774315991343000000,1774316051353000000,0
Indexes.allKeys.lookupDurationMaxMs,1774315991343000000,1774316051353000000,0.0
IndexesFlusher.totalContentionQuotaSpent,1774315991343000000,1774316051353000000,0
Indexing.writesQueuedMin,1774315991343000000,1774316051353000000,9223372036854775807
Indexing.writer_2.totalTimeSpentWritingMs,1774315991343000000,1774316051353000000,0
Indexes.stubs.lookupDuration90PMs,1774315991343000000,1774316051353000000,0.0
Indexes.stubs.lookups,1774315991343000000,1774316051353000000,0
Indexing.writer_1.totalTimeSpentWritingMs,1774315991343000000,1774316051353000000,0
Indexes.entries.lookupDurationMaxMs,1774315991343000000,1774316051353000000,0.0
Indexes.stubs.lookupDurationAvgMs,1774315991343000000,1774316051353000000,0.0
Indexing.writer_3.totalTimeSpentWritingMs,1774315991343000000,1774316051353000000,0
Indexes.entries.lookupDurationAvgMs,1774315991343000000,1774316051353000000,0.0
Indexes.entries.lookups,1774315991343000000,1774316051353000000,0
FilePageCacheLockFree.totalNativeBytesAllocated,1774315991343000000,1774316051353000000,0
DirectByteBufferAllocator.totalSizeOfBuffersAllocatedInBytes,1774315991343000000,1774316051353000000,305160192
FilePageCache.capacityInBytes,1774315991343000000,1774316051353000000,503316478
DirectByteBufferAllocator.totalSizeOfBuffersCachedInBytes,1774315991343000000,1774316051353000000,9437184
FilePageCacheLockFree.housekeeperTurnsDone,1774315991343000000,1774316051353000000,0
StreamlinedBlobStorage.totalLiveRecordsPayloadBytes,1774315991343000000,1774316051353000000,0
FileChannelInterruptsRetryer.totalRetriedAttempts,1774315991343000000,1774316051353000000,0
FilePageCache.uncachedFileAccess,1774315991343000000,1774316051353000000,0
StorageLockContext.competingThreads.max,1774315991343000000,1774316051353000000,0
DirectByteBufferAllocator.reclaimed,1774315991343000000,1774316051353000000,0
FilePageCache.pageLoadsAboveSizeThreshold,1774315991343000000,1774316051353000000,0
MappedFileStorage.storages,1774315991343000000,1774316051353000000,16
FilePageCacheLockFree.totalPagesAllocated,1774315991343000000,1774316051353000000,0
FilePageCacheLockFree.totalBytesWritten,1774315991343000000,1774316051353000000,0
FilePageCacheLockFree.totalPagesReclaimed,1774315991343000000,1774316051353000000,0
FilePageCache.disposedBuffers,1774315991343000000,1774316051353000000,0
FilePageCache.totalPageLoadsUs,1774315991343000000,1774316051353000000,0
StreamlinedBlobStorage.recordsRelocated,1774315991343000000,1774316051353000000,0
StreamlinedBlobStorage.recordsAllocated,1774315991343000000,1774316051353000000,0
FilePageCacheLockFree.housekeeperTurnsSkipped,1774315991343000000,1774316051353000000,0
FilePageCacheLockFree.totalPagesWriteMs,1774315991343000000,1774316051353000000,0
FilePageCacheLockFree.totalPagesRequested,1774315991343000000,1774316051353000000,0
FilePageCache.maxRegisteredFiles,1774315991343000000,1774316051353000000,547
FilePageCache.maxCacheSizeInBytes,1774315991343000000,1774316051353000000,305160192
FilePageCacheLockFree.totalPagesReadMs,1774315991343000000,1774316051353000000,0
FilePageCacheLockFree.totalBytesRequested,1774315991343000000,1774316051353000000,0
FilePageCacheLockFree.totalPageAllocationsWaited,1774315991343000000,1774316051353000000,0
DirectByteBufferAllocator.hits,1774315991343000000,1774316051353000000,0
FilePageCache.totalPageDisposalsUs,1774315991343000000,1774316051353000000,0
StorageLockContext.competingThreads.avg,1774315991343000000,1774316051353000000,0.0
FilePageCacheLockFree.totalPagesWritten,1774315991343000000,1774316051353000000,0
MappedFileStorage.totalBytesMapped,1774315991343000000,1774316051353000000,257163264
FilePageCacheLockFree.heapBytesInUse,1774315991343000000,1774316051353000000,0
MappedFileStorage.totalTimeSpentOnMappingUs,1774315991343000000,1774316051353000000,13885
FilePageCacheLockFree.nativeBytesInUse,1774315991343000000,1774316051353000000,0
DirectByteBufferAllocator.disposed,1774315991343000000,1774316051353000000,0
FilePageCacheLockFree.totalHeapBytesAllocated,1774315991343000000,1774316051353000000,0
StreamlinedBlobStorage.totalLiveRecordsCapacityBytes,1774315991343000000,1774316051353000000,0
MappedFileStorage.totalPagesMapped,1774315991343000000,1774316051353000000,22
FilePageCacheLockFree.totalPagesHandedOver,1774315991343000000,1774316051353000000,0
FilePageCacheLockFree.housekeeperTimeSpentMs,1774315991343000000,1774316051353000000,0
FilePageCacheLockFree.totalPagesRequestsMs,1774315991343000000,1774316051353000000,0
FilePageCacheLockFree.totalHeapBytesReclaimed,1774315991343000000,1774316051353000000,0
FilePageCache.pageLoads,1774315991343000000,1774316051353000000,0
FilePageCacheLockFree.totalBytesRead,1774315991343000000,1774316051353000000,0
FilePageCacheLockFree.totalNativeBytesReclaimed,1774315991343000000,1774316051353000000,0
DirectByteBufferAllocator.misses,1774315991343000000,1774316051353000000,0
FilePageCacheLockFree.totalClosedStoragesReclaimed,1774315991343000000,1774316051353000000,0
StreamlinedBlobStorage.recordsDeleted,1774315991343000000,1774316051353000000,0
StorageLockContext.competingThreads.90P,1774315991343000000,1774316051353000000,0
FilePageCache.pageHits,1774315991343000000,1774316051353000000,0
FilePageCache.pageFastCacheHits,1774315991343000000,1774316051353000000,0
compiler.ArtifactManagerBridge.initBridges.ms,1774315991343000000,1774316051353000000,0
compiler.ArtifactManagerBridge.commit.ms,1774315991343000000,1774316051353000000,0
compiler.ArtifactManagerBridge.getArtifactsByType.ms,1774315991343000000,1774316051353000000,0
compiler.ArtifactManagerBridge.getArtifacts.ms,1774315991343000000,1774316051353000000,0
compiler.ArtifactManagerBridge.dropMappings.ms,1774315991343000000,1774316051353000000,0
compiler.ArtifactVirtualFileListener.propertyChanged.ms,1774315991343000000,1774316051353000000,0
compiler.ArtifactManagerBridge.addArtifact.ms,1774315991343000000,1774316051353000000,0
compiler.ArtifactManagerBridge.findArtifact.ms,1774315991343000000,1774316051353000000,0
compiler.ArtifactVirtualFileListener.filePathChanged.ms,1774315991343000000,1774316051353000000,0
workspaceModel.workspaceFileIndexData.processFileSets.ms,1774315991343000000,1774316051353000000,0
workspaceModel.cachedValueWithParameters.calculated.count,1774315991343000000,1774316051353000000,0
workspaceModel.update.unloaded.entities.ms,1774315991343000000,1774316051353000000,0
workspaceModel.workspaceFileIndexData.instances.count,1774315991343000000,1774316051353000000,0
workspaceModel.cachedValueWithParameters.from.cache.count,1774315991343000000,1774316051353000000,0
workspaceModel.to.snapshot.ms,1774315991343000000,1774316051353000000,0
workspaceModel.workspaceFileIndexData.onEntitiesChanged.ms,1774315991343000000,1774316051353000000,0
workspaceModel.cachedValue.total.get.count,1774315991343000000,1774316051353000000,0
workspaceModel.on.changed.ms,1774315991343000000,1774316051353000000,0
workspaceModel.check.recursive.update.ms,1774315991343000000,1774316051353000000,0
workspaceModel.workspaceFileIndexData.markDirty.ms,1774315991343000000,1774316051353000000,0
workspaceModel.updates.ms,1774315991343000000,1774316051353000000,0
workspaceModel.workspaceFileIndexData.updateDirtyEntities.ms,1774315991343000000,1774316051353000000,0
workspaceModel.initializing.ms,1774315991343000000,1774316051353000000,0
workspaceModel.workspaceFileIndexData.visitFileSets.ms,1774315991343000000,1774316051353000000,0
workspaceModel.replace.project.model.ms,1774315991343000000,1774316051353000000,0
workspaceModel.cachedValueWithParameters.clear.count,1774315991343000000,1774316051353000000,0
workspaceModel.on.before.changed.ms,1774315991343000000,1774316051353000000,0
workspaceModel.init.bridges.ms,1774315991343000000,1774316051353000000,0
workspaceModel.collect.changes.ms,1774315991343000000,1774316051353000000,0
workspaceModel.updates.precise.ms,1774315991343000000,1774316051353000000,0
workspaceModel.cachedValue.clear.count,1774315991343000000,1774316051353000000,0
workspaceModel.workspaceFileIndexData.getFileInfo.ms,1774315991343000000,1774316051353000000,0
workspaceModel.workspaceFileIndexData.init.ms,1774315991343000000,1774316051353000000,0
workspaceModel.cachedValueWithParameters.total.get.count,1774315991343000000,1774316051353000000,0
workspaceModel.workspaceFileIndexContributor.registerFileSets.ms,1774315991343000000,1774316051353000000,0
workspaceModel.loading.from.cache.ms,1774315991343000000,1774316051353000000,0
workspaceModel.workspaceFileIndexData.getDirectoriesByPackageName.ms,1774315991343000000,1774316051353000000,0
workspaceModel.workspaceFileIndexData.getPackageName.ms,1774315991343000000,1774316051353000000,0
workspaceModel.loading.total.ms,1774315991343000000,1774316051353000000,0
workspaceModel.cachedValue.from.cache.count,1774315991343000000,1774316051353000000,0
workspaceModel.updates.count,1774315991343000000,1774316051353000000,0
workspaceModel.cachedValue.calculated.count,1774315991343000000,1774316051353000000,0
workspaceModel.entityStorageSnapshotImpl.instances.count,1774315991343000000,1774316051353000000,0
workspaceModel.full.replace.project.model.ms,1774315991343000000,1774316051353000000,0
workspaceModel.pre.handlers.ms,1774315991343000000,1774316051353000000,0
VFS.contentStorage.recordsStoredSize,1774315991343000000,1774316051353000000,0
VFS.contentStorage.recordsDeduplicated,1774315991343000000,1774316051353000000,0
VFS.fileByIdCache.hits,1774315991343000000,1774316051353000000,0
FileNameCache.queries,1774315991343000000,1774316051353000000,0
VFS.contentStorage.recordsReadSize,1774315991343000000,1774316051353000000,0
FileNameCache.totalMisses,1774315991343000000,1774316051353000000,0
VFS.invertedFileNameIndex.requests,1774315991343000000,1774316051353000000,0
VFS.contentStorage.recordsDecompressionTimeUs,1774315991343000000,1774316051353000000,0
VFS.contentStorage.recordsReadDecompressed,1774315991343000000,1774316051353000000,0
VFS.contentStorage.recordsStoredCompressed,1774315991343000000,1774316051353000000,0
VFS.fileByIdCache.misses,1774315991343000000,1774316051353000000,0
VFS.contentStorage.recordsUncompressedSize,1774315991343000000,1774316051353000000,0
VFS.fileChildByName,1774315991343000000,1774316051353000000,0
VFS.contentStorage.recordsStored,1774315991343000000,1774316051353000000,0
VFS.contentStorage.recordsRead,1774315991343000000,1774316051353000000,0
workspaceModel.moduleBridge.before.changed.ms,1774316051353000000,1774316111315000000,0
workspaceModel.moduleManagerBridge.new.nonPersistent.module.ms,1774316051353000000,1774316111315000000,0
workspaceModel.mutableEntityStorage.add.entity.ms,1774316051353000000,1774316111315000000,0
workspaceModel.moduleManagerBridge.load.all.modules.ms,1774316051353000000,1774316111315000000,0
jps.app.storage.content.writer.save.component.ms,1774316051353000000,1774316111315000000,0
jps.global.handle.before.change.events.ms,1774316051353000000,1774316111315000000,0
workspaceModel.moduleManagerBridge.build.module.graph.ms,1774316051353000000,1774316111315000000,0
workspaceModel.mutableEntityStorage.to.snapshot.ms,1774316051353000000,1774316111315000000,0
jps.module.iml.entities.serializer.save.entities.ms,1774316051353000000,1774316111315000000,0
workspaceModel.mutableEntityStorage.remove.entity.ms,1774316051353000000,1774316111315000000,0
jps.library.entities.serializer.load.entities.ms,1774316051353000000,1774316111315000000,0
workspaceModel.mutableEntityStorage.entities.ms,1774316051353000000,1774316111315000000,0
workspaceModel.save.cache.to.file.ms,1774316051353000000,1774316111315000000,0
jps.global.handle.changed.events.ms,1774316051353000000,1774316111315000000,0
jps.facet.change.listener.process.change.events.ms,1774316051353000000,1774316111315000000,0
jps.global.get.library.by.name.ms,1774316051353000000,1774316111315000000,0
workspaceModel.mutableEntityStorage.changeLog.addReplaceEventForRemovedParent.ms,1774316051353000000,1774316111315000000,0
workspaceModel.mutableEntityStorage.replace.by.source.ms,1774316051353000000,1774316111315000000,0
jps.project.serializers.load.ms,1774316051353000000,1774316111315000000,0
jps.global.get.libraries.ms,1774316051353000000,1774316111315000000,0
jps.load.project.to.empty.storage.ms,1774316051353000000,1774316111315000000,0
workspaceModel.mutableEntityStorage.mutable.vfurl.index.ms,1774316051353000000,1774316111315000000,0
workspaceModel.load.cache.from.file.ms,1774316051353000000,1774316111315000000,0
jps.storage.jps.conf.reader.load.component.ms,1774316051353000000,1774316111315000000,0
jps.global.initialize.library.bridges.after.loading.ms,1774316051353000000,1774316111315000000,0
workspaceModel.sync.entities.ms,1774316051353000000,1774316111315000000,0
jps.global.get.library.ms,1774316051353000000,1774316111315000000,0
workspaceModel.global.apply.state.to.project.builder.ms,1774316051353000000,1774316111315000000,0
workspaceModel.moduleManagerBridge.newModule.ms,1774316051353000000,1774316111315000000,0
workspaceModel.mutableEntityStorage.put.entity.ms,1774316051353000000,1774316111315000000,0
jps.reload.project.entities.ms,1774316051353000000,1774316111315000000,0
jps.apply.loaded.storage.ms,1774316051353000000,1774316111315000000,0
workspaceModel.moduleBridge.update.option.ms,1774316051353000000,1774316111315000000,0
jps.facet.change.listener.before.change.events.ms,1774316051353000000,1774316111315000000,0
workspaceModel.global.updates.ms,1774316051353000000,1774316111315000000,0
workspaceModel.moduleBridge.facet.initialization.ms,1774316051353000000,1774316111315000000,0
jps.artifact.entities.serializer.save.entities.ms,1774316051353000000,1774316111315000000,0
workspaceModel.delayed.project.synchronizer.sync.ms,1774316051353000000,1774316111315000000,0
workspaceModel.mutableEntityStorage.changeLog.addReplaceEventForNewParent.ms,1774316051353000000,1774316111315000000,0
workspaceModel.moduleManagerBridge.load.module.ms,1774316051353000000,1774316111315000000,0
jps.app.storage.content.reader.load.component.ms,1774316051353000000,1774316111315000000,0
jps.artifact.entities.serializer.load.entities.ms,1774316051353000000,1774316111315000000,0
workspaceModel.moduleBridgeLoader.loading.modules.ms,1774316051353000000,1774316111315000000,0
workspaceModel.global.updates.count,1774316051353000000,1774316111315000000,0
workspaceModel.orphan.listener.update.ms,1774316051353000000,1774316111315000000,0
workspaceModel.global.apply.state.to.project.ms,1774316051353000000,1774316111315000000,0
workspaceModel.mutableEntityStorage.has.same.entities.ms,1774316051353000000,1774316111315000000,0
workspaceModel.mutableEntityStorage.modify.entity.ms,1774316051353000000,1774316111315000000,0
workspaceModel.mutableEntityStorage.instances.count,1774316051353000000,1774316111315000000,0
jps.module.iml.entities.serializer.load.entities.ms,1774316051353000000,1774316111315000000,0
workspaceModel.mutableEntityStorage.mutable.ext.mapping.ms,1774316051353000000,1774316111315000000,0
workspaceModel.mutableEntityStorage.changeLog.addReplaceEventForRemovedChild.ms,1774316051353000000,1774316111315000000,0
workspaceModel.load.cache.metadata.from.file.ms,1774316051353000000,1774316111315000000,0
workspaceModel.moduleManagerBridge.create.module.instance.ms,1774316051353000000,1774316111315000000,0
workspaceModel.moduleManagerBridge.set.unloadedModules.ms,1774316051353000000,1774316111315000000,0
jps.library.entities.serializer.save.entities.ms,1774316051353000000,1774316111315000000,0
workspaceModel.do.save.caches.ms,1774316051353000000,1774316111315000000,0
jps.save.global.entities.ms,1774316051353000000,1774316111315000000,0
jps.global.initialize.library.bridges.ms,1774316051353000000,1774316111315000000,0
workspaceModel.mutableEntityStorage.collect.changes.ms,1774316051353000000,1774316111315000000,0
workspaceModel.mutableEntityStorage.resolve.ms,1774316051353000000,1774316111315000000,0
workspaceModel.moduleManagerBridge.get.modules.ms,1774316051353000000,1774316111315000000,0
workspaceModel.mutableEntityStorage.referrers.ms,1774316051353000000,1774316111315000000,0
jps.save.changed.project.entities.ms,1774316051353000000,1774316111315000000,0
workspaceModel.mutableEntityStorage.entities.by.source.ms,1774316051353000000,1774316111315000000,0
workspaceModel.mutableEntityStorage.apply.changes.from.ms,1774316051353000000,1774316111315000000,0
jps.module.dependency.index.workspace.model.listener.on.changed.ms,1774316051353000000,1774316111315000000,0
jps.project.serializers.save.ms,1774316051353000000,1774316111315000000,0
workspaceModel.mutableEntityStorage.changeLog.addReplaceEventForNewChild.ms,1774316051353000000,1774316111315000000,0
jps.facet.change.listener.init.bridge.ms,1774316051353000000,1774316111315000000,0
jps.load.initial.state.ms,1774316051353000000,1774316111315000000,0
cacheStateStorage.set.duration,1774316051353000000,1774316111315000000,1
cacheStateStorage.get.duration,1774316051353000000,1774316111315000000,2
cacheStateStorage.set.counter,1774316051353000000,1774316111315000000,1
cacheStateStorage.get.counter,1774316051353000000,1774316111315000000,1
AWTEventQueue.dispatchTimeTotalNS,1774316051353000000,1774316111315000000,54923582
FlushQueue.waitingTimeMaxNs,1774316051353000000,1774316111315000000,0
NonBlockingReadAction.failedExecutionsCount,1774316051353000000,1774316111315000000,0
AWTEventQueue.eventsDispatched,1774316051353000000,1774316111315000000,0
WriteAction.executionsCount,1774316051353000000,1774316111315000000,0
FlushQueue.executionTimeMaxNs,1774316051353000000,1774316111315000000,0
FlushQueue.executionTimeAvgNs,1774316051353000000,1774316111315000000,0.0
ReadAction.executionsCount,1774316051353000000,1774316111315000000,228962
FlushQueue.queueSizeAvg,1774316051353000000,1774316111315000000,0.0
FlushQueue.tasksExecuted,1774316051353000000,1774316111315000000,0
NonBlockingReadAction.finalizedExecutionsCount,1774316051353000000,1774316111315000000,4
NonBlockingReadAction.finalizedExecutionTimeUs,1774316051353000000,1774316111315000000,18176
AWTEventQueue.dispatchTime90PNs,1774316051353000000,1774316111315000000,0
AWTEventQueue.dispatchTimeAvgNs,1774316051353000000,1774316111315000000,0.0
FlushQueue.queueSizeMax,1774316051353000000,1774316111315000000,0
FlushQueue.executionTime90PNs,1774316051353000000,1774316111315000000,0
AWTEventQueue.dispatchTimeMaxNs,1774316051353000000,1774316111315000000,0
FlushQueue.queueSize90P,1774316051353000000,1774316111315000000,0
FlushQueue.waitingTime90PNs,1774316051353000000,1774316111315000000,0
FlushQueue.waitingTimeAvgNs,1774316051353000000,1774316111315000000,0.0
NonBlockingReadAction.failedExecutionTimeUs,1774316051353000000,1774316111315000000,0
JVM.totalTimeAtSafepointsMs,1774316051353000000,1774316111315000000,0
JVM.totalBytesAllocated,1774316051353000000,1774316111315000000,104395552
JVM.maxHeapBytes,1774316051353000000,1774316111315000000,2147483648
JVM.newThreadsCount,1774316051353000000,1774316111315000000,4
JVM.totalTimeToSafepointsMs,1774316051353000000,1774316111315000000,0
JVM.totalCpuTimeMs,1774316051353000000,1774316111315000000,1500
JVM.totalSafepointCount,1774316051353000000,1774316111315000000,4
JVM.totalDirectByteBuffersBytes,1774316051353000000,1774316111315000000,307414627
JVM.usedHeapBytes,1774316051353000000,1774316111315000000,653939120
JVM.GC.collections,1774316051353000000,1774316111315000000,0
JVM.threadCount,1774316051353000000,1774316111315000000,43
JVM.usedNativeBytes,1774316051353000000,1774316111315000000,457919848
JVM.maxThreadCount,1774316051353000000,1774316111315000000,125
OS.loadAverage,1774316051353000000,1774316111315000000,14.6572265625
JVM.GC.collectionTimesMs,1774316051353000000,1774316111315000000,0
writeAction.max.wait.ms,1774316051353000000,1774316111315000000,786
writeAction.count,1774316051353000000,1774316111315000000,0
DiskQueryRelay.taskWaitingTotalTimeUs,1774316051353000000,1774316111315000000,0
writeAction.wait.ms,1774316051353000000,1774316111315000000,0
writeAction.median.wait.ms,1774316051353000000,1774316111315000000,1200
DiskQueryRelay.tasksExecuted,1774316051353000000,1774316111315000000,0
DiskQueryRelay.tasksRequested,1774316051353000000,1774316111315000000,0
DiskQueryRelay.taskExecutionTotalTimeUs,1774316051353000000,1774316111315000000,0
Indexes.allKeys.lookups,1774316051353000000,1774316111315000000,0
IndexesFlusher.totalFlushesRetried,1774316051353000000,1774316111315000000,0
IndexesFlusher.totalFlushingTimeUs,1774316051353000000,1774316111315000000,221413
Indexes.allKeys.lookupDuration90PMs,1774316051353000000,1774316111315000000,0.0
Indexes.entries.lookupDuration90PMs,1774316051353000000,1774316111315000000,0.0
Indexing.writer_0.totalTimeSpentWritingMs,1774316051353000000,1774316111315000000,0
Indexing.cache.totalCacheAccesses,1774316051353000000,1774316111315000000,0
Indexes.allKeys.lookupDurationAvgMs,1774316051353000000,1774316111315000000,0.0
Indexing.cache.totalCacheMisses,1774316051353000000,1774316111315000000,0
Indexing.writesQueuedMax,1774316051353000000,1774316111315000000,0
Indexing.totalTimeIndexersSleptMs,1774316051353000000,1774316111315000000,0
Indexes.stubs.lookupDurationMaxMs,1774316051353000000,1774316111315000000,0.0
IndexesFlusher.totalFlushes,1774316051353000000,1774316111315000000,176
Indexing.cache.totalCacheEvicted,1774316051353000000,1774316111315000000,0
Indexes.allKeys.lookupDurationMaxMs,1774316051353000000,1774316111315000000,0.0
IndexesFlusher.totalContentionQuotaSpent,1774316051353000000,1774316111315000000,0
Indexing.writesQueuedMin,1774316051353000000,1774316111315000000,9223372036854775807
Indexing.writer_2.totalTimeSpentWritingMs,1774316051353000000,1774316111315000000,0
Indexes.stubs.lookupDuration90PMs,1774316051353000000,1774316111315000000,0.0
Indexes.stubs.lookups,1774316051353000000,1774316111315000000,0
Indexing.writer_1.totalTimeSpentWritingMs,1774316051353000000,1774316111315000000,0
Indexes.entries.lookupDurationMaxMs,1774316051353000000,1774316111315000000,0.0
Indexes.stubs.lookupDurationAvgMs,1774316051353000000,1774316111315000000,0.0
Indexing.writer_3.totalTimeSpentWritingMs,1774316051353000000,1774316111315000000,0
Indexes.entries.lookupDurationAvgMs,1774316051353000000,1774316111315000000,0.0
Indexes.entries.lookups,1774316051353000000,1774316111315000000,0
FilePageCacheLockFree.totalNativeBytesAllocated,1774316051353000000,1774316111315000000,0
DirectByteBufferAllocator.totalSizeOfBuffersAllocatedInBytes,1774316051353000000,1774316111315000000,305160192
FilePageCache.capacityInBytes,1774316051353000000,1774316111315000000,503316478
DirectByteBufferAllocator.totalSizeOfBuffersCachedInBytes,1774316051353000000,1774316111315000000,9437184
FilePageCacheLockFree.housekeeperTurnsDone,1774316051353000000,1774316111315000000,0
StreamlinedBlobStorage.totalLiveRecordsPayloadBytes,1774316051353000000,1774316111315000000,0
FileChannelInterruptsRetryer.totalRetriedAttempts,1774316051353000000,1774316111315000000,0
FilePageCache.uncachedFileAccess,1774316051353000000,1774316111315000000,0
StorageLockContext.competingThreads.max,1774316051353000000,1774316111315000000,0
DirectByteBufferAllocator.reclaimed,1774316051353000000,1774316111315000000,0
FilePageCache.pageLoadsAboveSizeThreshold,1774316051353000000,1774316111315000000,0
MappedFileStorage.storages,1774316051353000000,1774316111315000000,16
FilePageCacheLockFree.totalPagesAllocated,1774316051353000000,1774316111315000000,0
FilePageCacheLockFree.totalBytesWritten,1774316051353000000,1774316111315000000,0
FilePageCacheLockFree.totalPagesReclaimed,1774316051353000000,1774316111315000000,0
FilePageCache.disposedBuffers,1774316051353000000,1774316111315000000,0
FilePageCache.totalPageLoadsUs,1774316051353000000,1774316111315000000,0
StreamlinedBlobStorage.recordsRelocated,1774316051353000000,1774316111315000000,0
StreamlinedBlobStorage.recordsAllocated,1774316051353000000,1774316111315000000,0
FilePageCacheLockFree.housekeeperTurnsSkipped,1774316051353000000,1774316111315000000,0
FilePageCacheLockFree.totalPagesWriteMs,1774316051353000000,1774316111315000000,0
FilePageCacheLockFree.totalPagesRequested,1774316051353000000,1774316111315000000,0
FilePageCache.maxRegisteredFiles,1774316051353000000,1774316111315000000,547
FilePageCache.maxCacheSizeInBytes,1774316051353000000,1774316111315000000,305160192
FilePageCacheLockFree.totalPagesReadMs,1774316051353000000,1774316111315000000,0
FilePageCacheLockFree.totalBytesRequested,1774316051353000000,1774316111315000000,0
FilePageCacheLockFree.totalPageAllocationsWaited,1774316051353000000,1774316111315000000,0
DirectByteBufferAllocator.hits,1774316051353000000,1774316111315000000,0
FilePageCache.totalPageDisposalsUs,1774316051353000000,1774316111315000000,0
StorageLockContext.competingThreads.avg,1774316051353000000,1774316111315000000,0.0
FilePageCacheLockFree.totalPagesWritten,1774316051353000000,1774316111315000000,0
MappedFileStorage.totalBytesMapped,1774316051353000000,1774316111315000000,257163264
FilePageCacheLockFree.heapBytesInUse,1774316051353000000,1774316111315000000,0
MappedFileStorage.totalTimeSpentOnMappingUs,1774316051353000000,1774316111315000000,13885
FilePageCacheLockFree.nativeBytesInUse,1774316051353000000,1774316111315000000,0
DirectByteBufferAllocator.disposed,1774316051353000000,1774316111315000000,0
FilePageCacheLockFree.totalHeapBytesAllocated,1774316051353000000,1774316111315000000,0
StreamlinedBlobStorage.totalLiveRecordsCapacityBytes,1774316051353000000,1774316111315000000,0
MappedFileStorage.totalPagesMapped,1774316051353000000,1774316111315000000,22
FilePageCacheLockFree.totalPagesHandedOver,1774316051353000000,1774316111315000000,0
FilePageCacheLockFree.housekeeperTimeSpentMs,1774316051353000000,1774316111315000000,0
FilePageCacheLockFree.totalPagesRequestsMs,1774316051353000000,1774316111315000000,0
FilePageCacheLockFree.totalHeapBytesReclaimed,1774316051353000000,1774316111315000000,0
FilePageCache.pageLoads,1774316051353000000,1774316111315000000,0
FilePageCacheLockFree.totalBytesRead,1774316051353000000,1774316111315000000,0
FilePageCacheLockFree.totalNativeBytesReclaimed,1774316051353000000,1774316111315000000,0
DirectByteBufferAllocator.misses,1774316051353000000,1774316111315000000,0
FilePageCacheLockFree.totalClosedStoragesReclaimed,1774316051353000000,1774316111315000000,0
StreamlinedBlobStorage.recordsDeleted,1774316051353000000,1774316111315000000,0
StorageLockContext.competingThreads.90P,1774316051353000000,1774316111315000000,0
FilePageCache.pageHits,1774316051353000000,1774316111315000000,0
FilePageCache.pageFastCacheHits,1774316051353000000,1774316111315000000,0
compiler.ArtifactManagerBridge.initBridges.ms,1774316051353000000,1774316111315000000,0
compiler.ArtifactManagerBridge.commit.ms,1774316051353000000,1774316111315000000,0
compiler.ArtifactManagerBridge.getArtifactsByType.ms,1774316051353000000,1774316111315000000,0
compiler.ArtifactManagerBridge.getArtifacts.ms,1774316051353000000,1774316111315000000,0
compiler.ArtifactManagerBridge.dropMappings.ms,1774316051353000000,1774316111315000000,0
compiler.ArtifactVirtualFileListener.propertyChanged.ms,1774316051353000000,1774316111315000000,0
compiler.ArtifactManagerBridge.addArtifact.ms,1774316051353000000,1774316111315000000,0
compiler.ArtifactManagerBridge.findArtifact.ms,1774316051353000000,1774316111315000000,0
compiler.ArtifactVirtualFileListener.filePathChanged.ms,1774316051353000000,1774316111315000000,0
workspaceModel.workspaceFileIndexData.processFileSets.ms,1774316051353000000,1774316111315000000,0
workspaceModel.cachedValueWithParameters.calculated.count,1774316051353000000,1774316111315000000,0
workspaceModel.update.unloaded.entities.ms,1774316051353000000,1774316111315000000,0
workspaceModel.workspaceFileIndexData.instances.count,1774316051353000000,1774316111315000000,0
workspaceModel.cachedValueWithParameters.from.cache.count,1774316051353000000,1774316111315000000,0
workspaceModel.to.snapshot.ms,1774316051353000000,1774316111315000000,0
workspaceModel.workspaceFileIndexData.onEntitiesChanged.ms,1774316051353000000,1774316111315000000,0
workspaceModel.cachedValue.total.get.count,1774316051353000000,1774316111315000000,1
workspaceModel.on.changed.ms,1774316051353000000,1774316111315000000,0
workspaceModel.check.recursive.update.ms,1774316051353000000,1774316111315000000,0
workspaceModel.workspaceFileIndexData.markDirty.ms,1774316051353000000,1774316111315000000,0
workspaceModel.updates.ms,1774316051353000000,1774316111315000000,0
workspaceModel.workspaceFileIndexData.updateDirtyEntities.ms,1774316051353000000,1774316111315000000,0
workspaceModel.initializing.ms,1774316051353000000,1774316111315000000,0
workspaceModel.workspaceFileIndexData.visitFileSets.ms,1774316051353000000,1774316111315000000,0
workspaceModel.replace.project.model.ms,1774316051353000000,1774316111315000000,0
workspaceModel.cachedValueWithParameters.clear.count,1774316051353000000,1774316111315000000,0
workspaceModel.on.before.changed.ms,1774316051353000000,1774316111315000000,0
workspaceModel.init.bridges.ms,1774316051353000000,1774316111315000000,0
workspaceModel.collect.changes.ms,1774316051353000000,1774316111315000000,0
workspaceModel.updates.precise.ms,1774316051353000000,1774316111315000000,0
workspaceModel.cachedValue.clear.count,1774316051353000000,1774316111315000000,0
workspaceModel.workspaceFileIndexData.getFileInfo.ms,1774316051353000000,1774316111315000000,23
workspaceModel.workspaceFileIndexData.init.ms,1774316051353000000,1774316111315000000,0
workspaceModel.cachedValueWithParameters.total.get.count,1774316051353000000,1774316111315000000,0
workspaceModel.workspaceFileIndexContributor.registerFileSets.ms,1774316051353000000,1774316111315000000,0
workspaceModel.loading.from.cache.ms,1774316051353000000,1774316111315000000,0
workspaceModel.workspaceFileIndexData.getDirectoriesByPackageName.ms,1774316051353000000,1774316111315000000,0
workspaceModel.workspaceFileIndexData.getPackageName.ms,1774316051353000000,1774316111315000000,0
workspaceModel.loading.total.ms,1774316051353000000,1774316111315000000,0
workspaceModel.cachedValue.from.cache.count,1774316051353000000,1774316111315000000,1
workspaceModel.updates.count,1774316051353000000,1774316111315000000,0
workspaceModel.cachedValue.calculated.count,1774316051353000000,1774316111315000000,0
workspaceModel.entityStorageSnapshotImpl.instances.count,1774316051353000000,1774316111315000000,0
workspaceModel.full.replace.project.model.ms,1774316051353000000,1774316111315000000,0
workspaceModel.pre.handlers.ms,1774316051353000000,1774316111315000000,0
VFS.contentStorage.recordsStoredSize,1774316051353000000,1774316111315000000,0
VFS.contentStorage.recordsDeduplicated,1774316051353000000,1774316111315000000,0
VFS.fileByIdCache.hits,1774316051353000000,1774316111315000000,0
FileNameCache.queries,1774316051353000000,1774316111315000000,640
VFS.contentStorage.recordsReadSize,1774316051353000000,1774316111315000000,0
FileNameCache.totalMisses,1774316051353000000,1774316111315000000,0
VFS.invertedFileNameIndex.requests,1774316051353000000,1774316111315000000,0
VFS.contentStorage.recordsDecompressionTimeUs,1774316051353000000,1774316111315000000,0
VFS.contentStorage.recordsReadDecompressed,1774316051353000000,1774316111315000000,0
VFS.contentStorage.recordsStoredCompressed,1774316051353000000,1774316111315000000,0
VFS.fileByIdCache.misses,1774316051353000000,1774316111315000000,0
VFS.contentStorage.recordsUncompressedSize,1774316051353000000,1774316111315000000,0
VFS.fileChildByName,1774316051353000000,1774316111315000000,412
VFS.contentStorage.recordsStored,1774316051353000000,1774316111315000000,0
VFS.contentStorage.recordsRead,1774316051353000000,1774316111315000000,0
workspaceModel.moduleBridge.before.changed.ms,1774316111315000000,1774316171363000000,0
workspaceModel.moduleManagerBridge.new.nonPersistent.module.ms,1774316111315000000,1774316171363000000,0
workspaceModel.mutableEntityStorage.add.entity.ms,1774316111315000000,1774316171363000000,0
workspaceModel.moduleManagerBridge.load.all.modules.ms,1774316111315000000,1774316171363000000,0
jps.app.storage.content.writer.save.component.ms,1774316111315000000,1774316171363000000,0
jps.global.handle.before.change.events.ms,1774316111315000000,1774316171363000000,0
workspaceModel.moduleManagerBridge.build.module.graph.ms,1774316111315000000,1774316171363000000,0
workspaceModel.mutableEntityStorage.to.snapshot.ms,1774316111315000000,1774316171363000000,0
jps.module.iml.entities.serializer.save.entities.ms,1774316111315000000,1774316171363000000,0
workspaceModel.mutableEntityStorage.remove.entity.ms,1774316111315000000,1774316171363000000,0
jps.library.entities.serializer.load.entities.ms,1774316111315000000,1774316171363000000,0
workspaceModel.mutableEntityStorage.entities.ms,1774316111315000000,1774316171363000000,0
workspaceModel.save.cache.to.file.ms,1774316111315000000,1774316171363000000,0
jps.global.handle.changed.events.ms,1774316111315000000,1774316171363000000,0
jps.facet.change.listener.process.change.events.ms,1774316111315000000,1774316171363000000,0
jps.global.get.library.by.name.ms,1774316111315000000,1774316171363000000,0
workspaceModel.mutableEntityStorage.changeLog.addReplaceEventForRemovedParent.ms,1774316111315000000,1774316171363000000,0
workspaceModel.mutableEntityStorage.replace.by.source.ms,1774316111315000000,1774316171363000000,0
jps.project.serializers.load.ms,1774316111315000000,1774316171363000000,0
jps.global.get.libraries.ms,1774316111315000000,1774316171363000000,0
jps.load.project.to.empty.storage.ms,1774316111315000000,1774316171363000000,0
workspaceModel.mutableEntityStorage.mutable.vfurl.index.ms,1774316111315000000,1774316171363000000,0
workspaceModel.load.cache.from.file.ms,1774316111315000000,1774316171363000000,0
jps.storage.jps.conf.reader.load.component.ms,1774316111315000000,1774316171363000000,0
jps.global.initialize.library.bridges.after.loading.ms,1774316111315000000,1774316171363000000,0
workspaceModel.sync.entities.ms,1774316111315000000,1774316171363000000,0
jps.global.get.library.ms,1774316111315000000,1774316171363000000,0
workspaceModel.global.apply.state.to.project.builder.ms,1774316111315000000,1774316171363000000,0
workspaceModel.moduleManagerBridge.newModule.ms,1774316111315000000,1774316171363000000,0
workspaceModel.mutableEntityStorage.put.entity.ms,1774316111315000000,1774316171363000000,0
jps.reload.project.entities.ms,1774316111315000000,1774316171363000000,0
jps.apply.loaded.storage.ms,1774316111315000000,1774316171363000000,0
workspaceModel.moduleBridge.update.option.ms,1774316111315000000,1774316171363000000,0
jps.facet.change.listener.before.change.events.ms,1774316111315000000,1774316171363000000,0
workspaceModel.global.updates.ms,1774316111315000000,1774316171363000000,0
workspaceModel.moduleBridge.facet.initialization.ms,1774316111315000000,1774316171363000000,0
jps.artifact.entities.serializer.save.entities.ms,1774316111315000000,1774316171363000000,0
workspaceModel.delayed.project.synchronizer.sync.ms,1774316111315000000,1774316171363000000,0
workspaceModel.mutableEntityStorage.changeLog.addReplaceEventForNewParent.ms,1774316111315000000,1774316171363000000,0
workspaceModel.moduleManagerBridge.load.module.ms,1774316111315000000,1774316171363000000,0
jps.app.storage.content.reader.load.component.ms,1774316111315000000,1774316171363000000,0
jps.artifact.entities.serializer.load.entities.ms,1774316111315000000,1774316171363000000,0
workspaceModel.moduleBridgeLoader.loading.modules.ms,1774316111315000000,1774316171363000000,0
workspaceModel.global.updates.count,1774316111315000000,1774316171363000000,0
workspaceModel.orphan.listener.update.ms,1774316111315000000,1774316171363000000,0
workspaceModel.global.apply.state.to.project.ms,1774316111315000000,1774316171363000000,0
workspaceModel.mutableEntityStorage.has.same.entities.ms,1774316111315000000,1774316171363000000,0
workspaceModel.mutableEntityStorage.modify.entity.ms,1774316111315000000,1774316171363000000,0
workspaceModel.mutableEntityStorage.instances.count,1774316111315000000,1774316171363000000,0
jps.module.iml.entities.serializer.load.entities.ms,1774316111315000000,1774316171363000000,0
workspaceModel.mutableEntityStorage.mutable.ext.mapping.ms,1774316111315000000,1774316171363000000,0
workspaceModel.mutableEntityStorage.changeLog.addReplaceEventForRemovedChild.ms,1774316111315000000,1774316171363000000,0
workspaceModel.load.cache.metadata.from.file.ms,1774316111315000000,1774316171363000000,0
workspaceModel.moduleManagerBridge.create.module.instance.ms,1774316111315000000,1774316171363000000,0
workspaceModel.moduleManagerBridge.set.unloadedModules.ms,1774316111315000000,1774316171363000000,0
jps.library.entities.serializer.save.entities.ms,1774316111315000000,1774316171363000000,0
workspaceModel.do.save.caches.ms,1774316111315000000,1774316171363000000,0
jps.save.global.entities.ms,1774316111315000000,1774316171363000000,0
jps.global.initialize.library.bridges.ms,1774316111315000000,1774316171363000000,0
workspaceModel.mutableEntityStorage.collect.changes.ms,1774316111315000000,1774316171363000000,0
workspaceModel.mutableEntityStorage.resolve.ms,1774316111315000000,1774316171363000000,0
workspaceModel.moduleManagerBridge.get.modules.ms,1774316111315000000,1774316171363000000,0
workspaceModel.mutableEntityStorage.referrers.ms,1774316111315000000,1774316171363000000,0
jps.save.changed.project.entities.ms,1774316111315000000,1774316171363000000,0
workspaceModel.mutableEntityStorage.entities.by.source.ms,1774316111315000000,1774316171363000000,0
workspaceModel.mutableEntityStorage.apply.changes.from.ms,1774316111315000000,1774316171363000000,0
jps.module.dependency.index.workspace.model.listener.on.changed.ms,1774316111315000000,1774316171363000000,0
jps.project.serializers.save.ms,1774316111315000000,1774316171363000000,0
workspaceModel.mutableEntityStorage.changeLog.addReplaceEventForNewChild.ms,1774316111315000000,1774316171363000000,0
jps.facet.change.listener.init.bridge.ms,1774316111315000000,1774316171363000000,0
jps.load.initial.state.ms,1774316111315000000,1774316171363000000,0
cacheStateStorage.set.duration,1774316111315000000,1774316171363000000,0
cacheStateStorage.get.duration,1774316111315000000,1774316171363000000,0
cacheStateStorage.set.counter,1774316111315000000,1774316171363000000,0
cacheStateStorage.get.counter,1774316111315000000,1774316171363000000,0
AWTEventQueue.dispatchTimeTotalNS,1774316111315000000,1774316171363000000,49594835
FlushQueue.waitingTimeMaxNs,1774316111315000000,1774316171363000000,0
NonBlockingReadAction.failedExecutionsCount,1774316111315000000,1774316171363000000,0
AWTEventQueue.eventsDispatched,1774316111315000000,1774316171363000000,0
WriteAction.executionsCount,1774316111315000000,1774316171363000000,0
FlushQueue.executionTimeMaxNs,1774316111315000000,1774316171363000000,0
FlushQueue.executionTimeAvgNs,1774316111315000000,1774316171363000000,0.0
ReadAction.executionsCount,1774316111315000000,1774316171363000000,675360
FlushQueue.queueSizeAvg,1774316111315000000,1774316171363000000,0.0
FlushQueue.tasksExecuted,1774316111315000000,1774316171363000000,0
NonBlockingReadAction.finalizedExecutionsCount,1774316111315000000,1774316171363000000,0
NonBlockingReadAction.finalizedExecutionTimeUs,1774316111315000000,1774316171363000000,0
AWTEventQueue.dispatchTime90PNs,1774316111315000000,1774316171363000000,0
AWTEventQueue.dispatchTimeAvgNs,1774316111315000000,1774316171363000000,0.0
FlushQueue.queueSizeMax,1774316111315000000,1774316171363000000,0
FlushQueue.executionTime90PNs,1774316111315000000,1774316171363000000,0
AWTEventQueue.dispatchTimeMaxNs,1774316111315000000,1774316171363000000,0
FlushQueue.queueSize90P,1774316111315000000,1774316171363000000,0
FlushQueue.waitingTime90PNs,1774316111315000000,1774316171363000000,0
FlushQueue.waitingTimeAvgNs,1774316111315000000,1774316171363000000,0.0
NonBlockingReadAction.failedExecutionTimeUs,1774316111315000000,1774316171363000000,0
JVM.totalTimeAtSafepointsMs,1774316111315000000,1774316171363000000,115
JVM.totalBytesAllocated,1774316111315000000,1774316171363000000,2105990896
JVM.maxHeapBytes,1774316111315000000,1774316171363000000,2147483648
JVM.newThreadsCount,1774316111315000000,1774316171363000000,1
JVM.totalTimeToSafepointsMs,1774316111315000000,1774316171363000000,1
JVM.totalCpuTimeMs,1774316111315000000,1774316171363000000,17892
JVM.totalSafepointCount,1774316111315000000,1774316171363000000,21
JVM.totalDirectByteBuffersBytes,1774316111315000000,1774316171363000000,307316413
JVM.usedHeapBytes,1774316111315000000,1774316171363000000,646670680
JVM.GC.collections,1774316111315000000,1774316171363000000,15
JVM.threadCount,1774316111315000000,1774316171363000000,44
JVM.usedNativeBytes,1774316111315000000,1774316171363000000,452956352
JVM.maxThreadCount,1774316111315000000,1774316171363000000,125
OS.loadAverage,1774316111315000000,1774316171363000000,14.75048828125
JVM.GC.collectionTimesMs,1774316111315000000,1774316171363000000,114
writeAction.max.wait.ms,1774316111315000000,1774316171363000000,786
writeAction.count,1774316111315000000,1774316171363000000,0
DiskQueryRelay.taskWaitingTotalTimeUs,1774316111315000000,1774316171363000000,0
writeAction.wait.ms,1774316111315000000,1774316171363000000,0
writeAction.median.wait.ms,1774316111315000000,1774316171363000000,1200
DiskQueryRelay.tasksExecuted,1774316111315000000,1774316171363000000,0
DiskQueryRelay.tasksRequested,1774316111315000000,1774316171363000000,0
DiskQueryRelay.taskExecutionTotalTimeUs,1774316111315000000,1774316171363000000,0
Indexes.allKeys.lookups,1774316111315000000,1774316171363000000,0
IndexesFlusher.totalFlushesRetried,1774316111315000000,1774316171363000000,0
IndexesFlusher.totalFlushingTimeUs,1774316111315000000,1774316171363000000,239487
Indexes.allKeys.lookupDuration90PMs,1774316111315000000,1774316171363000000,0.0
Indexes.entries.lookupDuration90PMs,1774316111315000000,1774316171363000000,0.0
Indexing.writer_0.totalTimeSpentWritingMs,1774316111315000000,1774316171363000000,0
Indexing.cache.totalCacheAccesses,1774316111315000000,1774316171363000000,0
Indexes.allKeys.lookupDurationAvgMs,1774316111315000000,1774316171363000000,0.0
Indexing.cache.totalCacheMisses,1774316111315000000,1774316171363000000,0
Indexing.writesQueuedMax,1774316111315000000,1774316171363000000,0
Indexing.totalTimeIndexersSleptMs,1774316111315000000,1774316171363000000,0
Indexes.stubs.lookupDurationMaxMs,1774316111315000000,1774316171363000000,0.0
IndexesFlusher.totalFlushes,1774316111315000000,1774316171363000000,176
Indexing.cache.totalCacheEvicted,1774316111315000000,1774316171363000000,0
Indexes.allKeys.lookupDurationMaxMs,1774316111315000000,1774316171363000000,0.0
IndexesFlusher.totalContentionQuotaSpent,1774316111315000000,1774316171363000000,0
Indexing.writesQueuedMin,1774316111315000000,1774316171363000000,9223372036854775807
Indexing.writer_2.totalTimeSpentWritingMs,1774316111315000000,1774316171363000000,0
Indexes.stubs.lookupDuration90PMs,1774316111315000000,1774316171363000000,0.0
Indexes.stubs.lookups,1774316111315000000,1774316171363000000,0
Indexing.writer_1.totalTimeSpentWritingMs,1774316111315000000,1774316171363000000,0
Indexes.entries.lookupDurationMaxMs,1774316111315000000,1774316171363000000,0.0
Indexes.stubs.lookupDurationAvgMs,1774316111315000000,1774316171363000000,0.0
Indexing.writer_3.totalTimeSpentWritingMs,1774316111315000000,1774316171363000000,0
Indexes.entries.lookupDurationAvgMs,1774316111315000000,1774316171363000000,0.0
Indexes.entries.lookups,1774316111315000000,1774316171363000000,0
FilePageCacheLockFree.totalNativeBytesAllocated,1774316111315000000,1774316171363000000,0
DirectByteBufferAllocator.totalSizeOfBuffersAllocatedInBytes,1774316111315000000,1774316171363000000,305160192
FilePageCache.capacityInBytes,1774316111315000000,1774316171363000000,503316478
DirectByteBufferAllocator.totalSizeOfBuffersCachedInBytes,1774316111315000000,1774316171363000000,9437184
FilePageCacheLockFree.housekeeperTurnsDone,1774316111315000000,1774316171363000000,0
StreamlinedBlobStorage.totalLiveRecordsPayloadBytes,1774316111315000000,1774316171363000000,0
FileChannelInterruptsRetryer.totalRetriedAttempts,1774316111315000000,1774316171363000000,0
FilePageCache.uncachedFileAccess,1774316111315000000,1774316171363000000,0
StorageLockContext.competingThreads.max,1774316111315000000,1774316171363000000,0
DirectByteBufferAllocator.reclaimed,1774316111315000000,1774316171363000000,0
FilePageCache.pageLoadsAboveSizeThreshold,1774316111315000000,1774316171363000000,0
MappedFileStorage.storages,1774316111315000000,1774316171363000000,16
FilePageCacheLockFree.totalPagesAllocated,1774316111315000000,1774316171363000000,0
FilePageCacheLockFree.totalBytesWritten,1774316111315000000,1774316171363000000,0
FilePageCacheLockFree.totalPagesReclaimed,1774316111315000000,1774316171363000000,0
FilePageCache.disposedBuffers,1774316111315000000,1774316171363000000,0
FilePageCache.totalPageLoadsUs,1774316111315000000,1774316171363000000,0
StreamlinedBlobStorage.recordsRelocated,1774316111315000000,1774316171363000000,0
StreamlinedBlobStorage.recordsAllocated,1774316111315000000,1774316171363000000,0
FilePageCacheLockFree.housekeeperTurnsSkipped,1774316111315000000,1774316171363000000,0
FilePageCacheLockFree.totalPagesWriteMs,1774316111315000000,1774316171363000000,0
FilePageCacheLockFree.totalPagesRequested,1774316111315000000,1774316171363000000,0
FilePageCache.maxRegisteredFiles,1774316111315000000,1774316171363000000,547
FilePageCache.maxCacheSizeInBytes,1774316111315000000,1774316171363000000,305160192
FilePageCacheLockFree.totalPagesReadMs,1774316111315000000,1774316171363000000,0
FilePageCacheLockFree.totalBytesRequested,1774316111315000000,1774316171363000000,0
FilePageCacheLockFree.totalPageAllocationsWaited,1774316111315000000,1774316171363000000,0
DirectByteBufferAllocator.hits,1774316111315000000,1774316171363000000,0
FilePageCache.totalPageDisposalsUs,1774316111315000000,1774316171363000000,0
StorageLockContext.competingThreads.avg,1774316111315000000,1774316171363000000,0.0
FilePageCacheLockFree.totalPagesWritten,1774316111315000000,1774316171363000000,0
MappedFileStorage.totalBytesMapped,1774316111315000000,1774316171363000000,257163264
FilePageCacheLockFree.heapBytesInUse,1774316111315000000,1774316171363000000,0
MappedFileStorage.totalTimeSpentOnMappingUs,1774316111315000000,1774316171363000000,13885
FilePageCacheLockFree.nativeBytesInUse,1774316111315000000,1774316171363000000,0
DirectByteBufferAllocator.disposed,1774316111315000000,1774316171363000000,0
FilePageCacheLockFree.totalHeapBytesAllocated,1774316111315000000,1774316171363000000,0
StreamlinedBlobStorage.totalLiveRecordsCapacityBytes,1774316111315000000,1774316171363000000,0
MappedFileStorage.totalPagesMapped,1774316111315000000,1774316171363000000,22
FilePageCacheLockFree.totalPagesHandedOver,1774316111315000000,1774316171363000000,0
FilePageCacheLockFree.housekeeperTimeSpentMs,1774316111315000000,1774316171363000000,0
FilePageCacheLockFree.totalPagesRequestsMs,1774316111315000000,1774316171363000000,0
FilePageCacheLockFree.totalHeapBytesReclaimed,1774316111315000000,1774316171363000000,0
FilePageCache.pageLoads,1774316111315000000,1774316171363000000,0
FilePageCacheLockFree.totalBytesRead,1774316111315000000,1774316171363000000,0
FilePageCacheLockFree.totalNativeBytesReclaimed,1774316111315000000,1774316171363000000,0
DirectByteBufferAllocator.misses,1774316111315000000,1774316171363000000,0
FilePageCacheLockFree.totalClosedStoragesReclaimed,1774316111315000000,1774316171363000000,0
StreamlinedBlobStorage.recordsDeleted,1774316111315000000,1774316171363000000,0
StorageLockContext.competingThreads.90P,1774316111315000000,1774316171363000000,0
FilePageCache.pageHits,1774316111315000000,1774316171363000000,0
FilePageCache.pageFastCacheHits,1774316111315000000,1774316171363000000,0
compiler.ArtifactManagerBridge.initBridges.ms,1774316111315000000,1774316171363000000,0
compiler.ArtifactManagerBridge.commit.ms,1774316111315000000,1774316171363000000,0
compiler.ArtifactManagerBridge.getArtifactsByType.ms,1774316111315000000,1774316171363000000,0
compiler.ArtifactManagerBridge.getArtifacts.ms,1774316111315000000,1774316171363000000,0
compiler.ArtifactManagerBridge.dropMappings.ms,1774316111315000000,1774316171363000000,0
compiler.ArtifactVirtualFileListener.propertyChanged.ms,1774316111315000000,1774316171363000000,0
compiler.ArtifactManagerBridge.addArtifact.ms,1774316111315000000,1774316171363000000,0
compiler.ArtifactManagerBridge.findArtifact.ms,1774316111315000000,1774316171363000000,0
compiler.ArtifactVirtualFileListener.filePathChanged.ms,1774316111315000000,1774316171363000000,0
workspaceModel.workspaceFileIndexData.processFileSets.ms,1774316111315000000,1774316171363000000,0
workspaceModel.cachedValueWithParameters.calculated.count,1774316111315000000,1774316171363000000,0
workspaceModel.update.unloaded.entities.ms,1774316111315000000,1774316171363000000,0
workspaceModel.workspaceFileIndexData.instances.count,1774316111315000000,1774316171363000000,0
workspaceModel.cachedValueWithParameters.from.cache.count,1774316111315000000,1774316171363000000,0
workspaceModel.to.snapshot.ms,1774316111315000000,1774316171363000000,0
workspaceModel.workspaceFileIndexData.onEntitiesChanged.ms,1774316111315000000,1774316171363000000,0
workspaceModel.cachedValue.total.get.count,1774316111315000000,1774316171363000000,0
workspaceModel.on.changed.ms,1774316111315000000,1774316171363000000,0
workspaceModel.check.recursive.update.ms,1774316111315000000,1774316171363000000,0
workspaceModel.workspaceFileIndexData.markDirty.ms,1774316111315000000,1774316171363000000,0
workspaceModel.updates.ms,1774316111315000000,1774316171363000000,0
workspaceModel.workspaceFileIndexData.updateDirtyEntities.ms,1774316111315000000,1774316171363000000,0
workspaceModel.initializing.ms,1774316111315000000,1774316171363000000,0
workspaceModel.workspaceFileIndexData.visitFileSets.ms,1774316111315000000,1774316171363000000,0
workspaceModel.replace.project.model.ms,1774316111315000000,1774316171363000000,0
workspaceModel.cachedValueWithParameters.clear.count,1774316111315000000,1774316171363000000,0
workspaceModel.on.before.changed.ms,1774316111315000000,1774316171363000000,0
workspaceModel.init.bridges.ms,1774316111315000000,1774316171363000000,0
workspaceModel.collect.changes.ms,1774316111315000000,1774316171363000000,0
workspaceModel.updates.precise.ms,1774316111315000000,1774316171363000000,0
workspaceModel.cachedValue.clear.count,1774316111315000000,1774316171363000000,0
workspaceModel.workspaceFileIndexData.getFileInfo.ms,1774316111315000000,1774316171363000000,0
workspaceModel.workspaceFileIndexData.init.ms,1774316111315000000,1774316171363000000,0
workspaceModel.cachedValueWithParameters.total.get.count,1774316111315000000,1774316171363000000,0
workspaceModel.workspaceFileIndexContributor.registerFileSets.ms,1774316111315000000,1774316171363000000,0
workspaceModel.loading.from.cache.ms,1774316111315000000,1774316171363000000,0
workspaceModel.workspaceFileIndexData.getDirectoriesByPackageName.ms,1774316111315000000,1774316171363000000,0
workspaceModel.workspaceFileIndexData.getPackageName.ms,1774316111315000000,1774316171363000000,0
workspaceModel.loading.total.ms,1774316111315000000,1774316171363000000,0
workspaceModel.cachedValue.from.cache.count,1774316111315000000,1774316171363000000,0
workspaceModel.updates.count,1774316111315000000,1774316171363000000,0
workspaceModel.cachedValue.calculated.count,1774316111315000000,1774316171363000000,0
workspaceModel.entityStorageSnapshotImpl.instances.count,1774316111315000000,1774316171363000000,0
workspaceModel.full.replace.project.model.ms,1774316111315000000,1774316171363000000,0
workspaceModel.pre.handlers.ms,1774316111315000000,1774316171363000000,0
VFS.contentStorage.recordsStoredSize,1774316111315000000,1774316171363000000,0
VFS.contentStorage.recordsDeduplicated,1774316111315000000,1774316171363000000,0
VFS.fileByIdCache.hits,1774316111315000000,1774316171363000000,0
FileNameCache.queries,1774316111315000000,1774316171363000000,0
VFS.contentStorage.recordsReadSize,1774316111315000000,1774316171363000000,0
FileNameCache.totalMisses,1774316111315000000,1774316171363000000,0
VFS.invertedFileNameIndex.requests,1774316111315000000,1774316171363000000,0
VFS.contentStorage.recordsDecompressionTimeUs,1774316111315000000,1774316171363000000,0
VFS.contentStorage.recordsReadDecompressed,1774316111315000000,1774316171363000000,0
VFS.contentStorage.recordsStoredCompressed,1774316111315000000,1774316171363000000,0
VFS.fileByIdCache.misses,1774316111315000000,1774316171363000000,0
VFS.contentStorage.recordsUncompressedSize,1774316111315000000,1774316171363000000,0
VFS.fileChildByName,1774316111315000000,1774316171363000000,0
VFS.contentStorage.recordsStored,1774316111315000000,1774316171363000000,0
VFS.contentStorage.recordsRead,1774316111315000000,1774316171363000000,0
workspaceModel.moduleBridge.before.changed.ms,1774316171363000000,1774316231365000000,0
workspaceModel.moduleManagerBridge.new.nonPersistent.module.ms,1774316171363000000,1774316231365000000,0
workspaceModel.mutableEntityStorage.add.entity.ms,1774316171363000000,1774316231365000000,0
workspaceModel.moduleManagerBridge.load.all.modules.ms,1774316171363000000,1774316231365000000,0
jps.app.storage.content.writer.save.component.ms,1774316171363000000,1774316231365000000,0
jps.global.handle.before.change.events.ms,1774316171363000000,1774316231365000000,0
workspaceModel.moduleManagerBridge.build.module.graph.ms,1774316171363000000,1774316231365000000,0
workspaceModel.mutableEntityStorage.to.snapshot.ms,1774316171363000000,1774316231365000000,0
jps.module.iml.entities.serializer.save.entities.ms,1774316171363000000,1774316231365000000,0
workspaceModel.mutableEntityStorage.remove.entity.ms,1774316171363000000,1774316231365000000,0
jps.library.entities.serializer.load.entities.ms,1774316171363000000,1774316231365000000,0
workspaceModel.mutableEntityStorage.entities.ms,1774316171363000000,1774316231365000000,0
workspaceModel.save.cache.to.file.ms,1774316171363000000,1774316231365000000,0
jps.global.handle.changed.events.ms,1774316171363000000,1774316231365000000,0
jps.facet.change.listener.process.change.events.ms,1774316171363000000,1774316231365000000,0
jps.global.get.library.by.name.ms,1774316171363000000,1774316231365000000,0
workspaceModel.mutableEntityStorage.changeLog.addReplaceEventForRemovedParent.ms,1774316171363000000,1774316231365000000,0
workspaceModel.mutableEntityStorage.replace.by.source.ms,1774316171363000000,1774316231365000000,0
jps.project.serializers.load.ms,1774316171363000000,1774316231365000000,0
jps.global.get.libraries.ms,1774316171363000000,1774316231365000000,0
jps.load.project.to.empty.storage.ms,1774316171363000000,1774316231365000000,0
workspaceModel.mutableEntityStorage.mutable.vfurl.index.ms,1774316171363000000,1774316231365000000,0
workspaceModel.load.cache.from.file.ms,1774316171363000000,1774316231365000000,0
jps.storage.jps.conf.reader.load.component.ms,1774316171363000000,1774316231365000000,0
jps.global.initialize.library.bridges.after.loading.ms,1774316171363000000,1774316231365000000,0
workspaceModel.sync.entities.ms,1774316171363000000,1774316231365000000,0
jps.global.get.library.ms,1774316171363000000,1774316231365000000,0
workspaceModel.global.apply.state.to.project.builder.ms,1774316171363000000,1774316231365000000,0
workspaceModel.moduleManagerBridge.newModule.ms,1774316171363000000,1774316231365000000,0
workspaceModel.mutableEntityStorage.put.entity.ms,1774316171363000000,1774316231365000000,0
jps.reload.project.entities.ms,1774316171363000000,1774316231365000000,0
jps.apply.loaded.storage.ms,1774316171363000000,1774316231365000000,0
workspaceModel.moduleBridge.update.option.ms,1774316171363000000,1774316231365000000,0
jps.facet.change.listener.before.change.events.ms,1774316171363000000,1774316231365000000,0
workspaceModel.global.updates.ms,1774316171363000000,1774316231365000000,0
workspaceModel.moduleBridge.facet.initialization.ms,1774316171363000000,1774316231365000000,0
jps.artifact.entities.serializer.save.entities.ms,1774316171363000000,1774316231365000000,0
workspaceModel.delayed.project.synchronizer.sync.ms,1774316171363000000,1774316231365000000,0
workspaceModel.mutableEntityStorage.changeLog.addReplaceEventForNewParent.ms,1774316171363000000,1774316231365000000,0
workspaceModel.moduleManagerBridge.load.module.ms,1774316171363000000,1774316231365000000,0
jps.app.storage.content.reader.load.component.ms,1774316171363000000,1774316231365000000,0
jps.artifact.entities.serializer.load.entities.ms,1774316171363000000,1774316231365000000,0
workspaceModel.moduleBridgeLoader.loading.modules.ms,1774316171363000000,1774316231365000000,0
workspaceModel.global.updates.count,1774316171363000000,1774316231365000000,0
workspaceModel.orphan.listener.update.ms,1774316171363000000,1774316231365000000,0
workspaceModel.global.apply.state.to.project.ms,1774316171363000000,1774316231365000000,0
workspaceModel.mutableEntityStorage.has.same.entities.ms,1774316171363000000,1774316231365000000,0
workspaceModel.mutableEntityStorage.modify.entity.ms,1774316171363000000,1774316231365000000,0
workspaceModel.mutableEntityStorage.instances.count,1774316171363000000,1774316231365000000,0
jps.module.iml.entities.serializer.load.entities.ms,1774316171363000000,1774316231365000000,0
workspaceModel.mutableEntityStorage.mutable.ext.mapping.ms,1774316171363000000,1774316231365000000,0
workspaceModel.mutableEntityStorage.changeLog.addReplaceEventForRemovedChild.ms,1774316171363000000,1774316231365000000,0
workspaceModel.load.cache.metadata.from.file.ms,1774316171363000000,1774316231365000000,0
workspaceModel.moduleManagerBridge.create.module.instance.ms,1774316171363000000,1774316231365000000,0
workspaceModel.moduleManagerBridge.set.unloadedModules.ms,1774316171363000000,1774316231365000000,0
jps.library.entities.serializer.save.entities.ms,1774316171363000000,1774316231365000000,0
workspaceModel.do.save.caches.ms,1774316171363000000,1774316231365000000,0
jps.save.global.entities.ms,1774316171363000000,1774316231365000000,0
jps.global.initialize.library.bridges.ms,1774316171363000000,1774316231365000000,0
workspaceModel.mutableEntityStorage.collect.changes.ms,1774316171363000000,1774316231365000000,0
workspaceModel.mutableEntityStorage.resolve.ms,1774316171363000000,1774316231365000000,0
workspaceModel.moduleManagerBridge.get.modules.ms,1774316171363000000,1774316231365000000,0
workspaceModel.mutableEntityStorage.referrers.ms,1774316171363000000,1774316231365000000,0
jps.save.changed.project.entities.ms,1774316171363000000,1774316231365000000,0
workspaceModel.mutableEntityStorage.entities.by.source.ms,1774316171363000000,1774316231365000000,0
workspaceModel.mutableEntityStorage.apply.changes.from.ms,1774316171363000000,1774316231365000000,0
jps.module.dependency.index.workspace.model.listener.on.changed.ms,1774316171363000000,1774316231365000000,0
jps.project.serializers.save.ms,1774316171363000000,1774316231365000000,0
workspaceModel.mutableEntityStorage.changeLog.addReplaceEventForNewChild.ms,1774316171363000000,1774316231365000000,0
jps.facet.change.listener.init.bridge.ms,1774316171363000000,1774316231365000000,0
jps.load.initial.state.ms,1774316171363000000,1774316231365000000,0
cacheStateStorage.set.duration,1774316171363000000,1774316231365000000,0
cacheStateStorage.get.duration,1774316171363000000,1774316231365000000,0
cacheStateStorage.set.counter,1774316171363000000,1774316231365000000,0
cacheStateStorage.get.counter,1774316171363000000,1774316231365000000,0
AWTEventQueue.dispatchTimeTotalNS,1774316171363000000,1774316231365000000,58696419
FlushQueue.waitingTimeMaxNs,1774316171363000000,1774316231365000000,0
NonBlockingReadAction.failedExecutionsCount,1774316171363000000,1774316231365000000,0
AWTEventQueue.eventsDispatched,1774316171363000000,1774316231365000000,0
WriteAction.executionsCount,1774316171363000000,1774316231365000000,0
FlushQueue.executionTimeMaxNs,1774316171363000000,1774316231365000000,0
FlushQueue.executionTimeAvgNs,1774316171363000000,1774316231365000000,0.0
ReadAction.executionsCount,1774316171363000000,1774316231365000000,0
FlushQueue.queueSizeAvg,1774316171363000000,1774316231365000000,0.0
FlushQueue.tasksExecuted,1774316171363000000,1774316231365000000,0
NonBlockingReadAction.finalizedExecutionsCount,1774316171363000000,1774316231365000000,0
NonBlockingReadAction.finalizedExecutionTimeUs,1774316171363000000,1774316231365000000,0
AWTEventQueue.dispatchTime90PNs,1774316171363000000,1774316231365000000,0
AWTEventQueue.dispatchTimeAvgNs,1774316171363000000,1774316231365000000,0.0
FlushQueue.queueSizeMax,1774316171363000000,1774316231365000000,0
FlushQueue.executionTime90PNs,1774316171363000000,1774316231365000000,0
AWTEventQueue.dispatchTimeMaxNs,1774316171363000000,1774316231365000000,0
FlushQueue.queueSize90P,1774316171363000000,1774316231365000000,0
FlushQueue.waitingTime90PNs,1774316171363000000,1774316231365000000,0
FlushQueue.waitingTimeAvgNs,1774316171363000000,1774316231365000000,0.0
NonBlockingReadAction.failedExecutionTimeUs,1774316171363000000,1774316231365000000,0
JVM.totalTimeAtSafepointsMs,1774316171363000000,1774316231365000000,1
JVM.totalBytesAllocated,1774316171363000000,1774316231365000000,17031856
JVM.maxHeapBytes,1774316171363000000,1774316231365000000,2147483648
JVM.newThreadsCount,1774316171363000000,1774316231365000000,0
JVM.totalTimeToSafepointsMs,1774316171363000000,1774316231365000000,0
JVM.totalCpuTimeMs,1774316171363000000,1774316231365000000,975
JVM.totalSafepointCount,1774316171363000000,1774316231365000000,2
JVM.totalDirectByteBuffersBytes,1774316171363000000,1774316231365000000,307312413
JVM.usedHeapBytes,1774316171363000000,1774316231365000000,665545048
JVM.GC.collections,1774316171363000000,1774316231365000000,0
JVM.threadCount,1774316171363000000,1774316231365000000,42
JVM.usedNativeBytes,1774316171363000000,1774316231365000000,453060512
JVM.maxThreadCount,1774316171363000000,1774316231365000000,125
OS.loadAverage,1774316171363000000,1774316231365000000,18.861328125
JVM.GC.collectionTimesMs,1774316171363000000,1774316231365000000,0
writeAction.max.wait.ms,1774316171363000000,1774316231365000000,786
writeAction.count,1774316171363000000,1774316231365000000,0
DiskQueryRelay.taskWaitingTotalTimeUs,1774316171363000000,1774316231365000000,0
writeAction.wait.ms,1774316171363000000,1774316231365000000,0
writeAction.median.wait.ms,1774316171363000000,1774316231365000000,1200
DiskQueryRelay.tasksExecuted,1774316171363000000,1774316231365000000,0
DiskQueryRelay.tasksRequested,1774316171363000000,1774316231365000000,0
DiskQueryRelay.taskExecutionTotalTimeUs,1774316171363000000,1774316231365000000,0
Indexes.allKeys.lookups,1774316171363000000,1774316231365000000,0
IndexesFlusher.totalFlushesRetried,1774316171363000000,1774316231365000000,0
IndexesFlusher.totalFlushingTimeUs,1774316171363000000,1774316231365000000,269562
Indexes.allKeys.lookupDuration90PMs,1774316171363000000,1774316231365000000,0.0
Indexes.entries.lookupDuration90PMs,1774316171363000000,1774316231365000000,0.0
Indexing.writer_0.totalTimeSpentWritingMs,1774316171363000000,1774316231365000000,0
Indexing.cache.totalCacheAccesses,1774316171363000000,1774316231365000000,0
Indexes.allKeys.lookupDurationAvgMs,1774316171363000000,1774316231365000000,0.0
Indexing.cache.totalCacheMisses,1774316171363000000,1774316231365000000,0
Indexing.writesQueuedMax,1774316171363000000,1774316231365000000,0
Indexing.totalTimeIndexersSleptMs,1774316171363000000,1774316231365000000,0
Indexes.stubs.lookupDurationMaxMs,1774316171363000000,1774316231365000000,0.0
IndexesFlusher.totalFlushes,1774316171363000000,1774316231365000000,173
Indexing.cache.totalCacheEvicted,1774316171363000000,1774316231365000000,0
Indexes.allKeys.lookupDurationMaxMs,1774316171363000000,1774316231365000000,0.0
IndexesFlusher.totalContentionQuotaSpent,1774316171363000000,1774316231365000000,0
Indexing.writesQueuedMin,1774316171363000000,1774316231365000000,9223372036854775807
Indexing.writer_2.totalTimeSpentWritingMs,1774316171363000000,1774316231365000000,0
Indexes.stubs.lookupDuration90PMs,1774316171363000000,1774316231365000000,0.0
Indexes.stubs.lookups,1774316171363000000,1774316231365000000,0
Indexing.writer_1.totalTimeSpentWritingMs,1774316171363000000,1774316231365000000,0
Indexes.entries.lookupDurationMaxMs,1774316171363000000,1774316231365000000,0.0
Indexes.stubs.lookupDurationAvgMs,1774316171363000000,1774316231365000000,0.0
Indexing.writer_3.totalTimeSpentWritingMs,1774316171363000000,1774316231365000000,0
Indexes.entries.lookupDurationAvgMs,1774316171363000000,1774316231365000000,0.0
Indexes.entries.lookups,1774316171363000000,1774316231365000000,0
FilePageCacheLockFree.totalNativeBytesAllocated,1774316171363000000,1774316231365000000,0
DirectByteBufferAllocator.totalSizeOfBuffersAllocatedInBytes,1774316171363000000,1774316231365000000,305160192
FilePageCache.capacityInBytes,1774316171363000000,1774316231365000000,503316478
DirectByteBufferAllocator.totalSizeOfBuffersCachedInBytes,1774316171363000000,1774316231365000000,9437184
FilePageCacheLockFree.housekeeperTurnsDone,1774316171363000000,1774316231365000000,0
StreamlinedBlobStorage.totalLiveRecordsPayloadBytes,1774316171363000000,1774316231365000000,0
FileChannelInterruptsRetryer.totalRetriedAttempts,1774316171363000000,1774316231365000000,0
FilePageCache.uncachedFileAccess,1774316171363000000,1774316231365000000,0
StorageLockContext.competingThreads.max,1774316171363000000,1774316231365000000,0
DirectByteBufferAllocator.reclaimed,1774316171363000000,1774316231365000000,0
FilePageCache.pageLoadsAboveSizeThreshold,1774316171363000000,1774316231365000000,0
MappedFileStorage.storages,1774316171363000000,1774316231365000000,16
FilePageCacheLockFree.totalPagesAllocated,1774316171363000000,1774316231365000000,0
FilePageCacheLockFree.totalBytesWritten,1774316171363000000,1774316231365000000,0
FilePageCacheLockFree.totalPagesReclaimed,1774316171363000000,1774316231365000000,0
FilePageCache.disposedBuffers,1774316171363000000,1774316231365000000,0
FilePageCache.totalPageLoadsUs,1774316171363000000,1774316231365000000,0
StreamlinedBlobStorage.recordsRelocated,1774316171363000000,1774316231365000000,0
StreamlinedBlobStorage.recordsAllocated,1774316171363000000,1774316231365000000,0
FilePageCacheLockFree.housekeeperTurnsSkipped,1774316171363000000,1774316231365000000,0
FilePageCacheLockFree.totalPagesWriteMs,1774316171363000000,1774316231365000000,0
FilePageCacheLockFree.totalPagesRequested,1774316171363000000,1774316231365000000,0
FilePageCache.maxRegisteredFiles,1774316171363000000,1774316231365000000,547
FilePageCache.maxCacheSizeInBytes,1774316171363000000,1774316231365000000,305160192
FilePageCacheLockFree.totalPagesReadMs,1774316171363000000,1774316231365000000,0
FilePageCacheLockFree.totalBytesRequested,1774316171363000000,1774316231365000000,0
FilePageCacheLockFree.totalPageAllocationsWaited,1774316171363000000,1774316231365000000,0
DirectByteBufferAllocator.hits,1774316171363000000,1774316231365000000,0
FilePageCache.totalPageDisposalsUs,1774316171363000000,1774316231365000000,0
StorageLockContext.competingThreads.avg,1774316171363000000,1774316231365000000,0.0
FilePageCacheLockFree.totalPagesWritten,1774316171363000000,1774316231365000000,0
MappedFileStorage.totalBytesMapped,1774316171363000000,1774316231365000000,257163264
FilePageCacheLockFree.heapBytesInUse,1774316171363000000,1774316231365000000,0
MappedFileStorage.totalTimeSpentOnMappingUs,1774316171363000000,1774316231365000000,13885
FilePageCacheLockFree.nativeBytesInUse,1774316171363000000,1774316231365000000,0
DirectByteBufferAllocator.disposed,1774316171363000000,1774316231365000000,0
FilePageCacheLockFree.totalHeapBytesAllocated,1774316171363000000,1774316231365000000,0
StreamlinedBlobStorage.totalLiveRecordsCapacityBytes,1774316171363000000,1774316231365000000,0
MappedFileStorage.totalPagesMapped,1774316171363000000,1774316231365000000,22
FilePageCacheLockFree.totalPagesHandedOver,1774316171363000000,1774316231365000000,0
FilePageCacheLockFree.housekeeperTimeSpentMs,1774316171363000000,1774316231365000000,0
FilePageCacheLockFree.totalPagesRequestsMs,1774316171363000000,1774316231365000000,0
FilePageCacheLockFree.totalHeapBytesReclaimed,1774316171363000000,1774316231365000000,0
FilePageCache.pageLoads,1774316171363000000,1774316231365000000,0
FilePageCacheLockFree.totalBytesRead,1774316171363000000,1774316231365000000,0
FilePageCacheLockFree.totalNativeBytesReclaimed,1774316171363000000,1774316231365000000,0
DirectByteBufferAllocator.misses,1774316171363000000,1774316231365000000,0
FilePageCacheLockFree.totalClosedStoragesReclaimed,1774316171363000000,1774316231365000000,0
StreamlinedBlobStorage.recordsDeleted,1774316171363000000,1774316231365000000,0
StorageLockContext.competingThreads.90P,1774316171363000000,1774316231365000000,0
FilePageCache.pageHits,1774316171363000000,1774316231365000000,0
FilePageCache.pageFastCacheHits,1774316171363000000,1774316231365000000,0
compiler.ArtifactManagerBridge.initBridges.ms,1774316171363000000,1774316231365000000,0
compiler.ArtifactManagerBridge.commit.ms,1774316171363000000,1774316231365000000,0
compiler.ArtifactManagerBridge.getArtifactsByType.ms,1774316171363000000,1774316231365000000,0
compiler.ArtifactManagerBridge.getArtifacts.ms,1774316171363000000,1774316231365000000,0
compiler.ArtifactManagerBridge.dropMappings.ms,1774316171363000000,1774316231365000000,0
compiler.ArtifactVirtualFileListener.propertyChanged.ms,1774316171363000000,1774316231365000000,0
compiler.ArtifactManagerBridge.addArtifact.ms,1774316171363000000,1774316231365000000,0
compiler.ArtifactManagerBridge.findArtifact.ms,1774316171363000000,1774316231365000000,0
compiler.ArtifactVirtualFileListener.filePathChanged.ms,1774316171363000000,1774316231365000000,0
workspaceModel.workspaceFileIndexData.processFileSets.ms,1774316171363000000,1774316231365000000,0
workspaceModel.cachedValueWithParameters.calculated.count,1774316171363000000,1774316231365000000,0
workspaceModel.update.unloaded.entities.ms,1774316171363000000,1774316231365000000,0
workspaceModel.workspaceFileIndexData.instances.count,1774316171363000000,1774316231365000000,0
workspaceModel.cachedValueWithParameters.from.cache.count,1774316171363000000,1774316231365000000,0
workspaceModel.to.snapshot.ms,1774316171363000000,1774316231365000000,0
workspaceModel.workspaceFileIndexData.onEntitiesChanged.ms,1774316171363000000,1774316231365000000,0
workspaceModel.cachedValue.total.get.count,1774316171363000000,1774316231365000000,0
workspaceModel.on.changed.ms,1774316171363000000,1774316231365000000,0
workspaceModel.check.recursive.update.ms,1774316171363000000,1774316231365000000,0
workspaceModel.workspaceFileIndexData.markDirty.ms,1774316171363000000,1774316231365000000,0
workspaceModel.updates.ms,1774316171363000000,1774316231365000000,0
workspaceModel.workspaceFileIndexData.updateDirtyEntities.ms,1774316171363000000,1774316231365000000,0
workspaceModel.initializing.ms,1774316171363000000,1774316231365000000,0
workspaceModel.workspaceFileIndexData.visitFileSets.ms,1774316171363000000,1774316231365000000,0
workspaceModel.replace.project.model.ms,1774316171363000000,1774316231365000000,0
workspaceModel.cachedValueWithParameters.clear.count,1774316171363000000,1774316231365000000,0
workspaceModel.on.before.changed.ms,1774316171363000000,1774316231365000000,0
workspaceModel.init.bridges.ms,1774316171363000000,1774316231365000000,0
workspaceModel.collect.changes.ms,1774316171363000000,1774316231365000000,0
workspaceModel.updates.precise.ms,1774316171363000000,1774316231365000000,0
workspaceModel.cachedValue.clear.count,1774316171363000000,1774316231365000000,0
workspaceModel.workspaceFileIndexData.getFileInfo.ms,1774316171363000000,1774316231365000000,0
workspaceModel.workspaceFileIndexData.init.ms,1774316171363000000,1774316231365000000,0
workspaceModel.cachedValueWithParameters.total.get.count,1774316171363000000,1774316231365000000,0
workspaceModel.workspaceFileIndexContributor.registerFileSets.ms,1774316171363000000,1774316231365000000,0
workspaceModel.loading.from.cache.ms,1774316171363000000,1774316231365000000,0
workspaceModel.workspaceFileIndexData.getDirectoriesByPackageName.ms,1774316171363000000,1774316231365000000,0
workspaceModel.workspaceFileIndexData.getPackageName.ms,1774316171363000000,1774316231365000000,0
workspaceModel.loading.total.ms,1774316171363000000,1774316231365000000,0
workspaceModel.cachedValue.from.cache.count,1774316171363000000,1774316231365000000,0
workspaceModel.updates.count,1774316171363000000,1774316231365000000,0
workspaceModel.cachedValue.calculated.count,1774316171363000000,1774316231365000000,0
workspaceModel.entityStorageSnapshotImpl.instances.count,1774316171363000000,1774316231365000000,0
workspaceModel.full.replace.project.model.ms,1774316171363000000,1774316231365000000,0
workspaceModel.pre.handlers.ms,1774316171363000000,1774316231365000000,0
VFS.contentStorage.recordsStoredSize,1774316171363000000,1774316231365000000,0
VFS.contentStorage.recordsDeduplicated,1774316171363000000,1774316231365000000,0
VFS.fileByIdCache.hits,1774316171363000000,1774316231365000000,0
FileNameCache.queries,1774316171363000000,1774316231365000000,0
VFS.contentStorage.recordsReadSize,1774316171363000000,1774316231365000000,0
FileNameCache.totalMisses,1774316171363000000,1774316231365000000,0
VFS.invertedFileNameIndex.requests,1774316171363000000,1774316231365000000,0
VFS.contentStorage.recordsDecompressionTimeUs,1774316171363000000,1774316231365000000,0
VFS.contentStorage.recordsReadDecompressed,1774316171363000000,1774316231365000000,0
VFS.contentStorage.recordsStoredCompressed,1774316171363000000,1774316231365000000,0
VFS.fileByIdCache.misses,1774316171363000000,1774316231365000000,0
VFS.contentStorage.recordsUncompressedSize,1774316171363000000,1774316231365000000,0
VFS.fileChildByName,1774316171363000000,1774316231365000000,0
VFS.contentStorage.recordsStored,1774316171363000000,1774316231365000000,0
VFS.contentStorage.recordsRead,1774316171363000000,1774316231365000000,0
workspaceModel.moduleBridge.before.changed.ms,1774316231365000000,1774316291354000000,0
workspaceModel.moduleManagerBridge.new.nonPersistent.module.ms,1774316231365000000,1774316291354000000,0
workspaceModel.mutableEntityStorage.add.entity.ms,1774316231365000000,1774316291354000000,0
workspaceModel.moduleManagerBridge.load.all.modules.ms,1774316231365000000,1774316291354000000,0
jps.app.storage.content.writer.save.component.ms,1774316231365000000,1774316291354000000,0
jps.global.handle.before.change.events.ms,1774316231365000000,1774316291354000000,0
workspaceModel.moduleManagerBridge.build.module.graph.ms,1774316231365000000,1774316291354000000,0
workspaceModel.mutableEntityStorage.to.snapshot.ms,1774316231365000000,1774316291354000000,0
jps.module.iml.entities.serializer.save.entities.ms,1774316231365000000,1774316291354000000,0
workspaceModel.mutableEntityStorage.remove.entity.ms,1774316231365000000,1774316291354000000,0
jps.library.entities.serializer.load.entities.ms,1774316231365000000,1774316291354000000,0
workspaceModel.mutableEntityStorage.entities.ms,1774316231365000000,1774316291354000000,0
workspaceModel.save.cache.to.file.ms,1774316231365000000,1774316291354000000,0
jps.global.handle.changed.events.ms,1774316231365000000,1774316291354000000,0
jps.facet.change.listener.process.change.events.ms,1774316231365000000,1774316291354000000,0
jps.global.get.library.by.name.ms,1774316231365000000,1774316291354000000,0
workspaceModel.mutableEntityStorage.changeLog.addReplaceEventForRemovedParent.ms,1774316231365000000,1774316291354000000,0
workspaceModel.mutableEntityStorage.replace.by.source.ms,1774316231365000000,1774316291354000000,0
jps.project.serializers.load.ms,1774316231365000000,1774316291354000000,0
jps.global.get.libraries.ms,1774316231365000000,1774316291354000000,0
jps.load.project.to.empty.storage.ms,1774316231365000000,1774316291354000000,0
workspaceModel.mutableEntityStorage.mutable.vfurl.index.ms,1774316231365000000,1774316291354000000,0
workspaceModel.load.cache.from.file.ms,1774316231365000000,1774316291354000000,0
jps.storage.jps.conf.reader.load.component.ms,1774316231365000000,1774316291354000000,0
jps.global.initialize.library.bridges.after.loading.ms,1774316231365000000,1774316291354000000,0
workspaceModel.sync.entities.ms,1774316231365000000,1774316291354000000,0
jps.global.get.library.ms,1774316231365000000,1774316291354000000,0
workspaceModel.global.apply.state.to.project.builder.ms,1774316231365000000,1774316291354000000,0
workspaceModel.moduleManagerBridge.newModule.ms,1774316231365000000,1774316291354000000,0
workspaceModel.mutableEntityStorage.put.entity.ms,1774316231365000000,1774316291354000000,0
jps.reload.project.entities.ms,1774316231365000000,1774316291354000000,0
jps.apply.loaded.storage.ms,1774316231365000000,1774316291354000000,0
workspaceModel.moduleBridge.update.option.ms,1774316231365000000,1774316291354000000,0
jps.facet.change.listener.before.change.events.ms,1774316231365000000,1774316291354000000,0
workspaceModel.global.updates.ms,1774316231365000000,1774316291354000000,0
workspaceModel.moduleBridge.facet.initialization.ms,1774316231365000000,1774316291354000000,0
jps.artifact.entities.serializer.save.entities.ms,1774316231365000000,1774316291354000000,0
workspaceModel.delayed.project.synchronizer.sync.ms,1774316231365000000,1774316291354000000,0
workspaceModel.mutableEntityStorage.changeLog.addReplaceEventForNewParent.ms,1774316231365000000,1774316291354000000,0
workspaceModel.moduleManagerBridge.load.module.ms,1774316231365000000,1774316291354000000,0
jps.app.storage.content.reader.load.component.ms,1774316231365000000,1774316291354000000,0
jps.artifact.entities.serializer.load.entities.ms,1774316231365000000,1774316291354000000,0
workspaceModel.moduleBridgeLoader.loading.modules.ms,1774316231365000000,1774316291354000000,0
workspaceModel.global.updates.count,1774316231365000000,1774316291354000000,0
workspaceModel.orphan.listener.update.ms,1774316231365000000,1774316291354000000,0
workspaceModel.global.apply.state.to.project.ms,1774316231365000000,1774316291354000000,0
workspaceModel.mutableEntityStorage.has.same.entities.ms,1774316231365000000,1774316291354000000,0
workspaceModel.mutableEntityStorage.modify.entity.ms,1774316231365000000,1774316291354000000,0
workspaceModel.mutableEntityStorage.instances.count,1774316231365000000,1774316291354000000,0
jps.module.iml.entities.serializer.load.entities.ms,1774316231365000000,1774316291354000000,0
workspaceModel.mutableEntityStorage.mutable.ext.mapping.ms,1774316231365000000,1774316291354000000,0
workspaceModel.mutableEntityStorage.changeLog.addReplaceEventForRemovedChild.ms,1774316231365000000,1774316291354000000,0
workspaceModel.load.cache.metadata.from.file.ms,1774316231365000000,1774316291354000000,0
workspaceModel.moduleManagerBridge.create.module.instance.ms,1774316231365000000,1774316291354000000,0
workspaceModel.moduleManagerBridge.set.unloadedModules.ms,1774316231365000000,1774316291354000000,0
jps.library.entities.serializer.save.entities.ms,1774316231365000000,1774316291354000000,0
workspaceModel.do.save.caches.ms,1774316231365000000,1774316291354000000,0
jps.save.global.entities.ms,1774316231365000000,1774316291354000000,0
jps.global.initialize.library.bridges.ms,1774316231365000000,1774316291354000000,0
workspaceModel.mutableEntityStorage.collect.changes.ms,1774316231365000000,1774316291354000000,0
workspaceModel.mutableEntityStorage.resolve.ms,1774316231365000000,1774316291354000000,0
workspaceModel.moduleManagerBridge.get.modules.ms,1774316231365000000,1774316291354000000,0
workspaceModel.mutableEntityStorage.referrers.ms,1774316231365000000,1774316291354000000,0
jps.save.changed.project.entities.ms,1774316231365000000,1774316291354000000,0
workspaceModel.mutableEntityStorage.entities.by.source.ms,1774316231365000000,1774316291354000000,0
workspaceModel.mutableEntityStorage.apply.changes.from.ms,1774316231365000000,1774316291354000000,0
jps.module.dependency.index.workspace.model.listener.on.changed.ms,1774316231365000000,1774316291354000000,0
jps.project.serializers.save.ms,1774316231365000000,1774316291354000000,0
workspaceModel.mutableEntityStorage.changeLog.addReplaceEventForNewChild.ms,1774316231365000000,1774316291354000000,0
jps.facet.change.listener.init.bridge.ms,1774316231365000000,1774316291354000000,0
jps.load.initial.state.ms,1774316231365000000,1774316291354000000,0
cacheStateStorage.set.duration,1774316231365000000,1774316291354000000,0
cacheStateStorage.get.duration,1774316231365000000,1774316291354000000,0
cacheStateStorage.set.counter,1774316231365000000,1774316291354000000,0
cacheStateStorage.get.counter,1774316231365000000,1774316291354000000,0
AWTEventQueue.dispatchTimeTotalNS,1774316231365000000,1774316291354000000,77379418
FlushQueue.waitingTimeMaxNs,1774316231365000000,1774316291354000000,115199
NonBlockingReadAction.failedExecutionsCount,1774316231365000000,1774316291354000000,0
AWTEventQueue.eventsDispatched,1774316231365000000,1774316291354000000,1
WriteAction.executionsCount,1774316231365000000,1774316291354000000,0
FlushQueue.executionTimeMaxNs,1774316231365000000,1774316291354000000,20351
FlushQueue.executionTimeAvgNs,1774316231365000000,1774316291354000000,20288.0
ReadAction.executionsCount,1774316231365000000,1774316291354000000,0
FlushQueue.queueSizeAvg,1774316231365000000,1774316291354000000,0.0
FlushQueue.tasksExecuted,1774316231365000000,1774316291354000000,1
NonBlockingReadAction.finalizedExecutionsCount,1774316231365000000,1774316291354000000,0
NonBlockingReadAction.finalizedExecutionTimeUs,1774316231365000000,1774316291354000000,0
AWTEventQueue.dispatchTime90PNs,1774316231365000000,1774316291354000000,80895
AWTEventQueue.dispatchTimeAvgNs,1774316231365000000,1774316291354000000,80640.0
FlushQueue.queueSizeMax,1774316231365000000,1774316291354000000,0
FlushQueue.executionTime90PNs,1774316231365000000,1774316291354000000,20351
AWTEventQueue.dispatchTimeMaxNs,1774316231365000000,1774316291354000000,80895
FlushQueue.queueSize90P,1774316231365000000,1774316291354000000,0
FlushQueue.waitingTime90PNs,1774316231365000000,1774316291354000000,115199
FlushQueue.waitingTimeAvgNs,1774316231365000000,1774316291354000000,114944.0
NonBlockingReadAction.failedExecutionTimeUs,1774316231365000000,1774316291354000000,0
JVM.totalTimeAtSafepointsMs,1774316231365000000,1774316291354000000,0
JVM.totalBytesAllocated,1774316231365000000,1774316291354000000,17017472
JVM.maxHeapBytes,1774316231365000000,1774316291354000000,2147483648
JVM.newThreadsCount,1774316231365000000,1774316291354000000,0
JVM.totalTimeToSafepointsMs,1774316231365000000,1774316291354000000,1
JVM.totalCpuTimeMs,1774316231365000000,1774316291354000000,1143
JVM.totalSafepointCount,1774316231365000000,1774316291354000000,3
JVM.totalDirectByteBuffersBytes,1774316231365000000,1774316291354000000,307312413
JVM.usedHeapBytes,1774316231365000000,1774316291354000000,683370840
JVM.GC.collections,1774316231365000000,1774316291354000000,0
JVM.threadCount,1774316231365000000,1774316291354000000,42
JVM.usedNativeBytes,1774316231365000000,1774316291354000000,453171016
JVM.maxThreadCount,1774316231365000000,1774316291354000000,125
OS.loadAverage,1774316231365000000,1774316291354000000,39.51171875
JVM.GC.collectionTimesMs,1774316231365000000,1774316291354000000,0
writeAction.max.wait.ms,1774316231365000000,1774316291354000000,786
writeAction.count,1774316231365000000,1774316291354000000,0
DiskQueryRelay.taskWaitingTotalTimeUs,1774316231365000000,1774316291354000000,0
writeAction.wait.ms,1774316231365000000,1774316291354000000,0
writeAction.median.wait.ms,1774316231365000000,1774316291354000000,1200
DiskQueryRelay.tasksExecuted,1774316231365000000,1774316291354000000,0
DiskQueryRelay.tasksRequested,1774316231365000000,1774316291354000000,0
DiskQueryRelay.taskExecutionTotalTimeUs,1774316231365000000,1774316291354000000,0
Indexes.allKeys.lookups,1774316231365000000,1774316291354000000,0
IndexesFlusher.totalFlushesRetried,1774316231365000000,1774316291354000000,0
IndexesFlusher.totalFlushingTimeUs,1774316231365000000,1774316291354000000,320289
Indexes.allKeys.lookupDuration90PMs,1774316231365000000,1774316291354000000,0.0
Indexes.entries.lookupDuration90PMs,1774316231365000000,1774316291354000000,0.0
Indexing.writer_0.totalTimeSpentWritingMs,1774316231365000000,1774316291354000000,0
Indexing.cache.totalCacheAccesses,1774316231365000000,1774316291354000000,0
Indexes.allKeys.lookupDurationAvgMs,1774316231365000000,1774316291354000000,0.0
Indexing.cache.totalCacheMisses,1774316231365000000,1774316291354000000,0
Indexing.writesQueuedMax,1774316231365000000,1774316291354000000,0
Indexing.totalTimeIndexersSleptMs,1774316231365000000,1774316291354000000,0
Indexes.stubs.lookupDurationMaxMs,1774316231365000000,1774316291354000000,0.0
IndexesFlusher.totalFlushes,1774316231365000000,1774316291354000000,173
Indexing.cache.totalCacheEvicted,1774316231365000000,1774316291354000000,0
Indexes.allKeys.lookupDurationMaxMs,1774316231365000000,1774316291354000000,0.0
IndexesFlusher.totalContentionQuotaSpent,1774316231365000000,1774316291354000000,0
Indexing.writesQueuedMin,1774316231365000000,1774316291354000000,9223372036854775807
Indexing.writer_2.totalTimeSpentWritingMs,1774316231365000000,1774316291354000000,0
Indexes.stubs.lookupDuration90PMs,1774316231365000000,1774316291354000000,0.0
Indexes.stubs.lookups,1774316231365000000,1774316291354000000,0
Indexing.writer_1.totalTimeSpentWritingMs,1774316231365000000,1774316291354000000,0
Indexes.entries.lookupDurationMaxMs,1774316231365000000,1774316291354000000,0.0
Indexes.stubs.lookupDurationAvgMs,1774316231365000000,1774316291354000000,0.0
Indexing.writer_3.totalTimeSpentWritingMs,1774316231365000000,1774316291354000000,0
Indexes.entries.lookupDurationAvgMs,1774316231365000000,1774316291354000000,0.0
Indexes.entries.lookups,1774316231365000000,1774316291354000000,0
FilePageCacheLockFree.totalNativeBytesAllocated,1774316231365000000,1774316291354000000,0
DirectByteBufferAllocator.totalSizeOfBuffersAllocatedInBytes,1774316231365000000,1774316291354000000,305160192
FilePageCache.capacityInBytes,1774316231365000000,1774316291354000000,503316478
DirectByteBufferAllocator.totalSizeOfBuffersCachedInBytes,1774316231365000000,1774316291354000000,9437184
FilePageCacheLockFree.housekeeperTurnsDone,1774316231365000000,1774316291354000000,0
StreamlinedBlobStorage.totalLiveRecordsPayloadBytes,1774316231365000000,1774316291354000000,0
FileChannelInterruptsRetryer.totalRetriedAttempts,1774316231365000000,1774316291354000000,0
FilePageCache.uncachedFileAccess,1774316231365000000,1774316291354000000,0
StorageLockContext.competingThreads.max,1774316231365000000,1774316291354000000,0
DirectByteBufferAllocator.reclaimed,1774316231365000000,1774316291354000000,0
FilePageCache.pageLoadsAboveSizeThreshold,1774316231365000000,1774316291354000000,0
MappedFileStorage.storages,1774316231365000000,1774316291354000000,16
FilePageCacheLockFree.totalPagesAllocated,1774316231365000000,1774316291354000000,0
FilePageCacheLockFree.totalBytesWritten,1774316231365000000,1774316291354000000,0
FilePageCacheLockFree.totalPagesReclaimed,1774316231365000000,1774316291354000000,0
FilePageCache.disposedBuffers,1774316231365000000,1774316291354000000,0
FilePageCache.totalPageLoadsUs,1774316231365000000,1774316291354000000,0
StreamlinedBlobStorage.recordsRelocated,1774316231365000000,1774316291354000000,0
StreamlinedBlobStorage.recordsAllocated,1774316231365000000,1774316291354000000,0
FilePageCacheLockFree.housekeeperTurnsSkipped,1774316231365000000,1774316291354000000,0
FilePageCacheLockFree.totalPagesWriteMs,1774316231365000000,1774316291354000000,0
FilePageCacheLockFree.totalPagesRequested,1774316231365000000,1774316291354000000,0
FilePageCache.maxRegisteredFiles,1774316231365000000,1774316291354000000,547
FilePageCache.maxCacheSizeInBytes,1774316231365000000,1774316291354000000,305160192
FilePageCacheLockFree.totalPagesReadMs,1774316231365000000,1774316291354000000,0
FilePageCacheLockFree.totalBytesRequested,1774316231365000000,1774316291354000000,0
FilePageCacheLockFree.totalPageAllocationsWaited,1774316231365000000,1774316291354000000,0
DirectByteBufferAllocator.hits,1774316231365000000,1774316291354000000,0
FilePageCache.totalPageDisposalsUs,1774316231365000000,1774316291354000000,0
StorageLockContext.competingThreads.avg,1774316231365000000,1774316291354000000,0.0
FilePageCacheLockFree.totalPagesWritten,1774316231365000000,1774316291354000000,0
MappedFileStorage.totalBytesMapped,1774316231365000000,1774316291354000000,257163264
FilePageCacheLockFree.heapBytesInUse,1774316231365000000,1774316291354000000,0
MappedFileStorage.totalTimeSpentOnMappingUs,1774316231365000000,1774316291354000000,13885
FilePageCacheLockFree.nativeBytesInUse,1774316231365000000,1774316291354000000,0
DirectByteBufferAllocator.disposed,1774316231365000000,1774316291354000000,0
FilePageCacheLockFree.totalHeapBytesAllocated,1774316231365000000,1774316291354000000,0
StreamlinedBlobStorage.totalLiveRecordsCapacityBytes,1774316231365000000,1774316291354000000,0
MappedFileStorage.totalPagesMapped,1774316231365000000,1774316291354000000,22
FilePageCacheLockFree.totalPagesHandedOver,1774316231365000000,1774316291354000000,0
FilePageCacheLockFree.housekeeperTimeSpentMs,1774316231365000000,1774316291354000000,0
FilePageCacheLockFree.totalPagesRequestsMs,1774316231365000000,1774316291354000000,0
FilePageCacheLockFree.totalHeapBytesReclaimed,1774316231365000000,1774316291354000000,0
FilePageCache.pageLoads,1774316231365000000,1774316291354000000,0
FilePageCacheLockFree.totalBytesRead,1774316231365000000,1774316291354000000,0
FilePageCacheLockFree.totalNativeBytesReclaimed,1774316231365000000,1774316291354000000,0
DirectByteBufferAllocator.misses,1774316231365000000,1774316291354000000,0
FilePageCacheLockFree.totalClosedStoragesReclaimed,1774316231365000000,1774316291354000000,0
StreamlinedBlobStorage.recordsDeleted,1774316231365000000,1774316291354000000,0
StorageLockContext.competingThreads.90P,1774316231365000000,1774316291354000000,0
FilePageCache.pageHits,1774316231365000000,1774316291354000000,0
FilePageCache.pageFastCacheHits,1774316231365000000,1774316291354000000,0
compiler.ArtifactManagerBridge.initBridges.ms,1774316231365000000,1774316291354000000,0
compiler.ArtifactManagerBridge.commit.ms,1774316231365000000,1774316291354000000,0
compiler.ArtifactManagerBridge.getArtifactsByType.ms,1774316231365000000,1774316291354000000,0
compiler.ArtifactManagerBridge.getArtifacts.ms,1774316231365000000,1774316291354000000,0
compiler.ArtifactManagerBridge.dropMappings.ms,1774316231365000000,1774316291354000000,0
compiler.ArtifactVirtualFileListener.propertyChanged.ms,1774316231365000000,1774316291354000000,0
compiler.ArtifactManagerBridge.addArtifact.ms,1774316231365000000,1774316291354000000,0
compiler.ArtifactManagerBridge.findArtifact.ms,1774316231365000000,1774316291354000000,0
compiler.ArtifactVirtualFileListener.filePathChanged.ms,1774316231365000000,1774316291354000000,0
workspaceModel.workspaceFileIndexData.processFileSets.ms,1774316231365000000,1774316291354000000,0
workspaceModel.cachedValueWithParameters.calculated.count,1774316231365000000,1774316291354000000,0
workspaceModel.update.unloaded.entities.ms,1774316231365000000,1774316291354000000,0
workspaceModel.workspaceFileIndexData.instances.count,1774316231365000000,1774316291354000000,0
workspaceModel.cachedValueWithParameters.from.cache.count,1774316231365000000,1774316291354000000,0
workspaceModel.to.snapshot.ms,1774316231365000000,1774316291354000000,0
workspaceModel.workspaceFileIndexData.onEntitiesChanged.ms,1774316231365000000,1774316291354000000,0
workspaceModel.cachedValue.total.get.count,1774316231365000000,1774316291354000000,0
workspaceModel.on.changed.ms,1774316231365000000,1774316291354000000,0
workspaceModel.check.recursive.update.ms,1774316231365000000,1774316291354000000,0
workspaceModel.workspaceFileIndexData.markDirty.ms,1774316231365000000,1774316291354000000,0
workspaceModel.updates.ms,1774316231365000000,1774316291354000000,0
workspaceModel.workspaceFileIndexData.updateDirtyEntities.ms,1774316231365000000,1774316291354000000,0
workspaceModel.initializing.ms,1774316231365000000,1774316291354000000,0
workspaceModel.workspaceFileIndexData.visitFileSets.ms,1774316231365000000,1774316291354000000,0
workspaceModel.replace.project.model.ms,1774316231365000000,1774316291354000000,0
workspaceModel.cachedValueWithParameters.clear.count,1774316231365000000,1774316291354000000,0
workspaceModel.on.before.changed.ms,1774316231365000000,1774316291354000000,0
workspaceModel.init.bridges.ms,1774316231365000000,1774316291354000000,0
workspaceModel.collect.changes.ms,1774316231365000000,1774316291354000000,0
workspaceModel.updates.precise.ms,1774316231365000000,1774316291354000000,0
workspaceModel.cachedValue.clear.count,1774316231365000000,1774316291354000000,0
workspaceModel.workspaceFileIndexData.getFileInfo.ms,1774316231365000000,1774316291354000000,0
workspaceModel.workspaceFileIndexData.init.ms,1774316231365000000,1774316291354000000,0
workspaceModel.cachedValueWithParameters.total.get.count,1774316231365000000,1774316291354000000,0
workspaceModel.workspaceFileIndexContributor.registerFileSets.ms,1774316231365000000,1774316291354000000,0
workspaceModel.loading.from.cache.ms,1774316231365000000,1774316291354000000,0
workspaceModel.workspaceFileIndexData.getDirectoriesByPackageName.ms,1774316231365000000,1774316291354000000,0
workspaceModel.workspaceFileIndexData.getPackageName.ms,1774316231365000000,1774316291354000000,0
workspaceModel.loading.total.ms,1774316231365000000,1774316291354000000,0
workspaceModel.cachedValue.from.cache.count,1774316231365000000,1774316291354000000,0
workspaceModel.updates.count,1774316231365000000,1774316291354000000,0
workspaceModel.cachedValue.calculated.count,1774316231365000000,1774316291354000000,0
workspaceModel.entityStorageSnapshotImpl.instances.count,1774316231365000000,1774316291354000000,0
workspaceModel.full.replace.project.model.ms,1774316231365000000,1774316291354000000,0
workspaceModel.pre.handlers.ms,1774316231365000000,1774316291354000000,0
VFS.contentStorage.recordsStoredSize,1774316231365000000,1774316291354000000,0
VFS.contentStorage.recordsDeduplicated,1774316231365000000,1774316291354000000,0
VFS.fileByIdCache.hits,1774316231365000000,1774316291354000000,0
FileNameCache.queries,1774316231365000000,1774316291354000000,0
VFS.contentStorage.recordsReadSize,1774316231365000000,1774316291354000000,0
FileNameCache.totalMisses,1774316231365000000,1774316291354000000,0
VFS.invertedFileNameIndex.requests,1774316231365000000,1774316291354000000,0
VFS.contentStorage.recordsDecompressionTimeUs,1774316231365000000,1774316291354000000,0
VFS.contentStorage.recordsReadDecompressed,1774316231365000000,1774316291354000000,0
VFS.contentStorage.recordsStoredCompressed,1774316231365000000,1774316291354000000,0
VFS.fileByIdCache.misses,1774316231365000000,1774316291354000000,0
VFS.contentStorage.recordsUncompressedSize,1774316231365000000,1774316291354000000,0
VFS.fileChildByName,1774316231365000000,1774316291354000000,0
VFS.contentStorage.recordsStored,1774316231365000000,1774316291354000000,0
VFS.contentStorage.recordsRead,1774316231365000000,1774316291354000000,0
workspaceModel.moduleBridge.before.changed.ms,1774316291354000000,1774316351371000000,0
workspaceModel.moduleManagerBridge.new.nonPersistent.module.ms,1774316291354000000,1774316351371000000,0
workspaceModel.mutableEntityStorage.add.entity.ms,1774316291354000000,1774316351371000000,0
workspaceModel.moduleManagerBridge.load.all.modules.ms,1774316291354000000,1774316351371000000,0
jps.app.storage.content.writer.save.component.ms,1774316291354000000,1774316351371000000,0
jps.global.handle.before.change.events.ms,1774316291354000000,1774316351371000000,0
workspaceModel.moduleManagerBridge.build.module.graph.ms,1774316291354000000,1774316351371000000,0
workspaceModel.mutableEntityStorage.to.snapshot.ms,1774316291354000000,1774316351371000000,0
jps.module.iml.entities.serializer.save.entities.ms,1774316291354000000,1774316351371000000,0
workspaceModel.mutableEntityStorage.remove.entity.ms,1774316291354000000,1774316351371000000,0
jps.library.entities.serializer.load.entities.ms,1774316291354000000,1774316351371000000,0
workspaceModel.mutableEntityStorage.entities.ms,1774316291354000000,1774316351371000000,0
workspaceModel.save.cache.to.file.ms,1774316291354000000,1774316351371000000,0
jps.global.handle.changed.events.ms,1774316291354000000,1774316351371000000,0
jps.facet.change.listener.process.change.events.ms,1774316291354000000,1774316351371000000,0
jps.global.get.library.by.name.ms,1774316291354000000,1774316351371000000,0
workspaceModel.mutableEntityStorage.changeLog.addReplaceEventForRemovedParent.ms,1774316291354000000,1774316351371000000,0
workspaceModel.mutableEntityStorage.replace.by.source.ms,1774316291354000000,1774316351371000000,0
jps.project.serializers.load.ms,1774316291354000000,1774316351371000000,0
jps.global.get.libraries.ms,1774316291354000000,1774316351371000000,0
jps.load.project.to.empty.storage.ms,1774316291354000000,1774316351371000000,0
workspaceModel.mutableEntityStorage.mutable.vfurl.index.ms,1774316291354000000,1774316351371000000,0
workspaceModel.load.cache.from.file.ms,1774316291354000000,1774316351371000000,0
jps.storage.jps.conf.reader.load.component.ms,1774316291354000000,1774316351371000000,0
jps.global.initialize.library.bridges.after.loading.ms,1774316291354000000,1774316351371000000,0
workspaceModel.sync.entities.ms,1774316291354000000,1774316351371000000,0
jps.global.get.library.ms,1774316291354000000,1774316351371000000,0
workspaceModel.global.apply.state.to.project.builder.ms,1774316291354000000,1774316351371000000,0
workspaceModel.moduleManagerBridge.newModule.ms,1774316291354000000,1774316351371000000,0
workspaceModel.mutableEntityStorage.put.entity.ms,1774316291354000000,1774316351371000000,0
jps.reload.project.entities.ms,1774316291354000000,1774316351371000000,0
jps.apply.loaded.storage.ms,1774316291354000000,1774316351371000000,0
workspaceModel.moduleBridge.update.option.ms,1774316291354000000,1774316351371000000,0
jps.facet.change.listener.before.change.events.ms,1774316291354000000,1774316351371000000,0
workspaceModel.global.updates.ms,1774316291354000000,1774316351371000000,0
workspaceModel.moduleBridge.facet.initialization.ms,1774316291354000000,1774316351371000000,0
jps.artifact.entities.serializer.save.entities.ms,1774316291354000000,1774316351371000000,0
workspaceModel.delayed.project.synchronizer.sync.ms,1774316291354000000,1774316351371000000,0
workspaceModel.mutableEntityStorage.changeLog.addReplaceEventForNewParent.ms,1774316291354000000,1774316351371000000,0
workspaceModel.moduleManagerBridge.load.module.ms,1774316291354000000,1774316351371000000,0
jps.app.storage.content.reader.load.component.ms,1774316291354000000,1774316351371000000,0
jps.artifact.entities.serializer.load.entities.ms,1774316291354000000,1774316351371000000,0
workspaceModel.moduleBridgeLoader.loading.modules.ms,1774316291354000000,1774316351371000000,0
workspaceModel.global.updates.count,1774316291354000000,1774316351371000000,0
workspaceModel.orphan.listener.update.ms,1774316291354000000,1774316351371000000,0
workspaceModel.global.apply.state.to.project.ms,1774316291354000000,1774316351371000000,0
workspaceModel.mutableEntityStorage.has.same.entities.ms,1774316291354000000,1774316351371000000,0
workspaceModel.mutableEntityStorage.modify.entity.ms,1774316291354000000,1774316351371000000,0
workspaceModel.mutableEntityStorage.instances.count,1774316291354000000,1774316351371000000,0
jps.module.iml.entities.serializer.load.entities.ms,1774316291354000000,1774316351371000000,0
workspaceModel.mutableEntityStorage.mutable.ext.mapping.ms,1774316291354000000,1774316351371000000,0
workspaceModel.mutableEntityStorage.changeLog.addReplaceEventForRemovedChild.ms,1774316291354000000,1774316351371000000,0
workspaceModel.load.cache.metadata.from.file.ms,1774316291354000000,1774316351371000000,0
workspaceModel.moduleManagerBridge.create.module.instance.ms,1774316291354000000,1774316351371000000,0
workspaceModel.moduleManagerBridge.set.unloadedModules.ms,1774316291354000000,1774316351371000000,0
jps.library.entities.serializer.save.entities.ms,1774316291354000000,1774316351371000000,0
workspaceModel.do.save.caches.ms,1774316291354000000,1774316351371000000,0
jps.save.global.entities.ms,1774316291354000000,1774316351371000000,0
jps.global.initialize.library.bridges.ms,1774316291354000000,1774316351371000000,0
workspaceModel.mutableEntityStorage.collect.changes.ms,1774316291354000000,1774316351371000000,0
workspaceModel.mutableEntityStorage.resolve.ms,1774316291354000000,1774316351371000000,0
workspaceModel.moduleManagerBridge.get.modules.ms,1774316291354000000,1774316351371000000,0
workspaceModel.mutableEntityStorage.referrers.ms,1774316291354000000,1774316351371000000,0
jps.save.changed.project.entities.ms,1774316291354000000,1774316351371000000,0
workspaceModel.mutableEntityStorage.entities.by.source.ms,1774316291354000000,1774316351371000000,0
workspaceModel.mutableEntityStorage.apply.changes.from.ms,1774316291354000000,1774316351371000000,0
jps.module.dependency.index.workspace.model.listener.on.changed.ms,1774316291354000000,1774316351371000000,0
jps.project.serializers.save.ms,1774316291354000000,1774316351371000000,0
workspaceModel.mutableEntityStorage.changeLog.addReplaceEventForNewChild.ms,1774316291354000000,1774316351371000000,0
jps.facet.change.listener.init.bridge.ms,1774316291354000000,1774316351371000000,0
jps.load.initial.state.ms,1774316291354000000,1774316351371000000,0
cacheStateStorage.set.duration,1774316291354000000,1774316351371000000,0
cacheStateStorage.get.duration,1774316291354000000,1774316351371000000,0
cacheStateStorage.set.counter,1774316291354000000,1774316351371000000,0
cacheStateStorage.get.counter,1774316291354000000,1774316351371000000,0
AWTEventQueue.dispatchTimeTotalNS,1774316291354000000,1774316351371000000,73858043
FlushQueue.waitingTimeMaxNs,1774316291354000000,1774316351371000000,0
NonBlockingReadAction.failedExecutionsCount,1774316291354000000,1774316351371000000,0
AWTEventQueue.eventsDispatched,1774316291354000000,1774316351371000000,0
WriteAction.executionsCount,1774316291354000000,1774316351371000000,0
FlushQueue.executionTimeMaxNs,1774316291354000000,1774316351371000000,0
FlushQueue.executionTimeAvgNs,1774316291354000000,1774316351371000000,0.0
ReadAction.executionsCount,1774316291354000000,1774316351371000000,0
FlushQueue.queueSizeAvg,1774316291354000000,1774316351371000000,0.0
FlushQueue.tasksExecuted,1774316291354000000,1774316351371000000,0
NonBlockingReadAction.finalizedExecutionsCount,1774316291354000000,1774316351371000000,0
NonBlockingReadAction.finalizedExecutionTimeUs,1774316291354000000,1774316351371000000,0
AWTEventQueue.dispatchTime90PNs,1774316291354000000,1774316351371000000,0
AWTEventQueue.dispatchTimeAvgNs,1774316291354000000,1774316351371000000,0.0
FlushQueue.queueSizeMax,1774316291354000000,1774316351371000000,0
FlushQueue.executionTime90PNs,1774316291354000000,1774316351371000000,0
AWTEventQueue.dispatchTimeMaxNs,1774316291354000000,1774316351371000000,0
FlushQueue.queueSize90P,1774316291354000000,1774316351371000000,0
FlushQueue.waitingTime90PNs,1774316291354000000,1774316351371000000,0
FlushQueue.waitingTimeAvgNs,1774316291354000000,1774316351371000000,0.0
NonBlockingReadAction.failedExecutionTimeUs,1774316291354000000,1774316351371000000,0
JVM.totalTimeAtSafepointsMs,1774316291354000000,1774316351371000000,0
JVM.totalBytesAllocated,1774316291354000000,1774316351371000000,16854280
JVM.maxHeapBytes,1774316291354000000,1774316351371000000,2147483648
JVM.newThreadsCount,1774316291354000000,1774316351371000000,0
JVM.totalTimeToSafepointsMs,1774316291354000000,1774316351371000000,0
JVM.totalCpuTimeMs,1774316291354000000,1774316351371000000,1035
JVM.totalSafepointCount,1774316291354000000,1774316351371000000,1
JVM.totalDirectByteBuffersBytes,1774316291354000000,1774316351371000000,307312413
JVM.usedHeapBytes,1774316291354000000,1774316351371000000,702245208
JVM.GC.collections,1774316291354000000,1774316351371000000,0
JVM.threadCount,1774316291354000000,1774316351371000000,42
JVM.usedNativeBytes,1774316291354000000,1774316351371000000,453257968
JVM.maxThreadCount,1774316291354000000,1774316351371000000,125
OS.loadAverage,1774316291354000000,1774316351371000000,46.81494140625
JVM.GC.collectionTimesMs,1774316291354000000,1774316351371000000,0
writeAction.max.wait.ms,1774316291354000000,1774316351371000000,786
writeAction.count,1774316291354000000,1774316351371000000,0
DiskQueryRelay.taskWaitingTotalTimeUs,1774316291354000000,1774316351371000000,0
writeAction.wait.ms,1774316291354000000,1774316351371000000,0
writeAction.median.wait.ms,1774316291354000000,1774316351371000000,1200
DiskQueryRelay.tasksExecuted,1774316291354000000,1774316351371000000,0
DiskQueryRelay.tasksRequested,1774316291354000000,1774316351371000000,0
DiskQueryRelay.taskExecutionTotalTimeUs,1774316291354000000,1774316351371000000,0
Indexes.allKeys.lookups,1774316291354000000,1774316351371000000,0
IndexesFlusher.totalFlushesRetried,1774316291354000000,1774316351371000000,0
IndexesFlusher.totalFlushingTimeUs,1774316291354000000,1774316351371000000,297739
Indexes.allKeys.lookupDuration90PMs,1774316291354000000,1774316351371000000,0.0
Indexes.entries.lookupDuration90PMs,1774316291354000000,1774316351371000000,0.0
Indexing.writer_0.totalTimeSpentWritingMs,1774316291354000000,1774316351371000000,0
Indexing.cache.totalCacheAccesses,1774316291354000000,1774316351371000000,0
Indexes.allKeys.lookupDurationAvgMs,1774316291354000000,1774316351371000000,0.0
Indexing.cache.totalCacheMisses,1774316291354000000,1774316351371000000,0
Indexing.writesQueuedMax,1774316291354000000,1774316351371000000,0
Indexing.totalTimeIndexersSleptMs,1774316291354000000,1774316351371000000,0
Indexes.stubs.lookupDurationMaxMs,1774316291354000000,1774316351371000000,0.0
IndexesFlusher.totalFlushes,1774316291354000000,1774316351371000000,172
Indexing.cache.totalCacheEvicted,1774316291354000000,1774316351371000000,0
Indexes.allKeys.lookupDurationMaxMs,1774316291354000000,1774316351371000000,0.0
IndexesFlusher.totalContentionQuotaSpent,1774316291354000000,1774316351371000000,0
Indexing.writesQueuedMin,1774316291354000000,1774316351371000000,9223372036854775807
Indexing.writer_2.totalTimeSpentWritingMs,1774316291354000000,1774316351371000000,0
Indexes.stubs.lookupDuration90PMs,1774316291354000000,1774316351371000000,0.0
Indexes.stubs.lookups,1774316291354000000,1774316351371000000,0
Indexing.writer_1.totalTimeSpentWritingMs,1774316291354000000,1774316351371000000,0
Indexes.entries.lookupDurationMaxMs,1774316291354000000,1774316351371000000,0.0
Indexes.stubs.lookupDurationAvgMs,1774316291354000000,1774316351371000000,0.0
Indexing.writer_3.totalTimeSpentWritingMs,1774316291354000000,1774316351371000000,0
Indexes.entries.lookupDurationAvgMs,1774316291354000000,1774316351371000000,0.0
Indexes.entries.lookups,1774316291354000000,1774316351371000000,0
FilePageCacheLockFree.totalNativeBytesAllocated,1774316291354000000,1774316351371000000,0
DirectByteBufferAllocator.totalSizeOfBuffersAllocatedInBytes,1774316291354000000,1774316351371000000,305160192
FilePageCache.capacityInBytes,1774316291354000000,1774316351371000000,503316478
DirectByteBufferAllocator.totalSizeOfBuffersCachedInBytes,1774316291354000000,1774316351371000000,9437184
FilePageCacheLockFree.housekeeperTurnsDone,1774316291354000000,1774316351371000000,0
StreamlinedBlobStorage.totalLiveRecordsPayloadBytes,1774316291354000000,1774316351371000000,0
FileChannelInterruptsRetryer.totalRetriedAttempts,1774316291354000000,1774316351371000000,0
FilePageCache.uncachedFileAccess,1774316291354000000,1774316351371000000,0
StorageLockContext.competingThreads.max,1774316291354000000,1774316351371000000,0
DirectByteBufferAllocator.reclaimed,1774316291354000000,1774316351371000000,0
FilePageCache.pageLoadsAboveSizeThreshold,1774316291354000000,1774316351371000000,0
MappedFileStorage.storages,1774316291354000000,1774316351371000000,16
FilePageCacheLockFree.totalPagesAllocated,1774316291354000000,1774316351371000000,0
FilePageCacheLockFree.totalBytesWritten,1774316291354000000,1774316351371000000,0
FilePageCacheLockFree.totalPagesReclaimed,1774316291354000000,1774316351371000000,0
FilePageCache.disposedBuffers,1774316291354000000,1774316351371000000,0
FilePageCache.totalPageLoadsUs,1774316291354000000,1774316351371000000,0
StreamlinedBlobStorage.recordsRelocated,1774316291354000000,1774316351371000000,0
StreamlinedBlobStorage.recordsAllocated,1774316291354000000,1774316351371000000,0
FilePageCacheLockFree.housekeeperTurnsSkipped,1774316291354000000,1774316351371000000,0
FilePageCacheLockFree.totalPagesWriteMs,1774316291354000000,1774316351371000000,0
FilePageCacheLockFree.totalPagesRequested,1774316291354000000,1774316351371000000,0
FilePageCache.maxRegisteredFiles,1774316291354000000,1774316351371000000,547
FilePageCache.maxCacheSizeInBytes,1774316291354000000,1774316351371000000,305160192
FilePageCacheLockFree.totalPagesReadMs,1774316291354000000,1774316351371000000,0
FilePageCacheLockFree.totalBytesRequested,1774316291354000000,1774316351371000000,0
FilePageCacheLockFree.totalPageAllocationsWaited,1774316291354000000,1774316351371000000,0
DirectByteBufferAllocator.hits,1774316291354000000,1774316351371000000,0
FilePageCache.totalPageDisposalsUs,1774316291354000000,1774316351371000000,0
StorageLockContext.competingThreads.avg,1774316291354000000,1774316351371000000,0.0
FilePageCacheLockFree.totalPagesWritten,1774316291354000000,1774316351371000000,0
MappedFileStorage.totalBytesMapped,1774316291354000000,1774316351371000000,257163264
FilePageCacheLockFree.heapBytesInUse,1774316291354000000,1774316351371000000,0
MappedFileStorage.totalTimeSpentOnMappingUs,1774316291354000000,1774316351371000000,13885
FilePageCacheLockFree.nativeBytesInUse,1774316291354000000,1774316351371000000,0
DirectByteBufferAllocator.disposed,1774316291354000000,1774316351371000000,0
FilePageCacheLockFree.totalHeapBytesAllocated,1774316291354000000,1774316351371000000,0
StreamlinedBlobStorage.totalLiveRecordsCapacityBytes,1774316291354000000,1774316351371000000,0
MappedFileStorage.totalPagesMapped,1774316291354000000,1774316351371000000,22
FilePageCacheLockFree.totalPagesHandedOver,1774316291354000000,1774316351371000000,0
FilePageCacheLockFree.housekeeperTimeSpentMs,1774316291354000000,1774316351371000000,0
FilePageCacheLockFree.totalPagesRequestsMs,1774316291354000000,1774316351371000000,0
FilePageCacheLockFree.totalHeapBytesReclaimed,1774316291354000000,1774316351371000000,0
FilePageCache.pageLoads,1774316291354000000,1774316351371000000,0
FilePageCacheLockFree.totalBytesRead,1774316291354000000,1774316351371000000,0
FilePageCacheLockFree.totalNativeBytesReclaimed,1774316291354000000,1774316351371000000,0
DirectByteBufferAllocator.misses,1774316291354000000,1774316351371000000,0
FilePageCacheLockFree.totalClosedStoragesReclaimed,1774316291354000000,1774316351371000000,0
StreamlinedBlobStorage.recordsDeleted,1774316291354000000,1774316351371000000,0
StorageLockContext.competingThreads.90P,1774316291354000000,1774316351371000000,0
FilePageCache.pageHits,1774316291354000000,1774316351371000000,0
FilePageCache.pageFastCacheHits,1774316291354000000,1774316351371000000,0
compiler.ArtifactManagerBridge.initBridges.ms,1774316291354000000,1774316351371000000,0
compiler.ArtifactManagerBridge.commit.ms,1774316291354000000,1774316351371000000,0
compiler.ArtifactManagerBridge.getArtifactsByType.ms,1774316291354000000,1774316351371000000,0
compiler.ArtifactManagerBridge.getArtifacts.ms,1774316291354000000,1774316351371000000,0
compiler.ArtifactManagerBridge.dropMappings.ms,1774316291354000000,1774316351371000000,0
compiler.ArtifactVirtualFileListener.propertyChanged.ms,1774316291354000000,1774316351371000000,0
compiler.ArtifactManagerBridge.addArtifact.ms,1774316291354000000,1774316351371000000,0
compiler.ArtifactManagerBridge.findArtifact.ms,1774316291354000000,1774316351371000000,0
compiler.ArtifactVirtualFileListener.filePathChanged.ms,1774316291354000000,1774316351371000000,0
workspaceModel.workspaceFileIndexData.processFileSets.ms,1774316291354000000,1774316351371000000,0
workspaceModel.cachedValueWithParameters.calculated.count,1774316291354000000,1774316351371000000,0
workspaceModel.update.unloaded.entities.ms,1774316291354000000,1774316351371000000,0
workspaceModel.workspaceFileIndexData.instances.count,1774316291354000000,1774316351371000000,0
workspaceModel.cachedValueWithParameters.from.cache.count,1774316291354000000,1774316351371000000,0
workspaceModel.to.snapshot.ms,1774316291354000000,1774316351371000000,0
workspaceModel.workspaceFileIndexData.onEntitiesChanged.ms,1774316291354000000,1774316351371000000,0
workspaceModel.cachedValue.total.get.count,1774316291354000000,1774316351371000000,0
workspaceModel.on.changed.ms,1774316291354000000,1774316351371000000,0
workspaceModel.check.recursive.update.ms,1774316291354000000,1774316351371000000,0
workspaceModel.workspaceFileIndexData.markDirty.ms,1774316291354000000,1774316351371000000,0
workspaceModel.updates.ms,1774316291354000000,1774316351371000000,0
workspaceModel.workspaceFileIndexData.updateDirtyEntities.ms,1774316291354000000,1774316351371000000,0
workspaceModel.initializing.ms,1774316291354000000,1774316351371000000,0
workspaceModel.workspaceFileIndexData.visitFileSets.ms,1774316291354000000,1774316351371000000,0
workspaceModel.replace.project.model.ms,1774316291354000000,1774316351371000000,0
workspaceModel.cachedValueWithParameters.clear.count,1774316291354000000,1774316351371000000,0
workspaceModel.on.before.changed.ms,1774316291354000000,1774316351371000000,0
workspaceModel.init.bridges.ms,1774316291354000000,1774316351371000000,0
workspaceModel.collect.changes.ms,1774316291354000000,1774316351371000000,0
workspaceModel.updates.precise.ms,1774316291354000000,1774316351371000000,0
workspaceModel.cachedValue.clear.count,1774316291354000000,1774316351371000000,0
workspaceModel.workspaceFileIndexData.getFileInfo.ms,1774316291354000000,1774316351371000000,0
workspaceModel.workspaceFileIndexData.init.ms,1774316291354000000,1774316351371000000,0
workspaceModel.cachedValueWithParameters.total.get.count,1774316291354000000,1774316351371000000,0
workspaceModel.workspaceFileIndexContributor.registerFileSets.ms,1774316291354000000,1774316351371000000,0
workspaceModel.loading.from.cache.ms,1774316291354000000,1774316351371000000,0
workspaceModel.workspaceFileIndexData.getDirectoriesByPackageName.ms,1774316291354000000,1774316351371000000,0
workspaceModel.workspaceFileIndexData.getPackageName.ms,1774316291354000000,1774316351371000000,0
workspaceModel.loading.total.ms,1774316291354000000,1774316351371000000,0
workspaceModel.cachedValue.from.cache.count,1774316291354000000,1774316351371000000,0
workspaceModel.updates.count,1774316291354000000,1774316351371000000,0
workspaceModel.cachedValue.calculated.count,1774316291354000000,1774316351371000000,0
workspaceModel.entityStorageSnapshotImpl.instances.count,1774316291354000000,1774316351371000000,0
workspaceModel.full.replace.project.model.ms,1774316291354000000,1774316351371000000,0
workspaceModel.pre.handlers.ms,1774316291354000000,1774316351371000000,0
VFS.contentStorage.recordsStoredSize,1774316291354000000,1774316351371000000,0
VFS.contentStorage.recordsDeduplicated,1774316291354000000,1774316351371000000,0
VFS.fileByIdCache.hits,1774316291354000000,1774316351371000000,0
FileNameCache.queries,1774316291354000000,1774316351371000000,0
VFS.contentStorage.recordsReadSize,1774316291354000000,1774316351371000000,0
FileNameCache.totalMisses,1774316291354000000,1774316351371000000,0
VFS.invertedFileNameIndex.requests,1774316291354000000,1774316351371000000,0
VFS.contentStorage.recordsDecompressionTimeUs,1774316291354000000,1774316351371000000,0
VFS.contentStorage.recordsReadDecompressed,1774316291354000000,1774316351371000000,0
VFS.contentStorage.recordsStoredCompressed,1774316291354000000,1774316351371000000,0
VFS.fileByIdCache.misses,1774316291354000000,1774316351371000000,0
VFS.contentStorage.recordsUncompressedSize,1774316291354000000,1774316351371000000,0
VFS.fileChildByName,1774316291354000000,1774316351371000000,0
VFS.contentStorage.recordsStored,1774316291354000000,1774316351371000000,0
VFS.contentStorage.recordsRead,1774316291354000000,1774316351371000000,0
workspaceModel.moduleBridge.before.changed.ms,1774316351371000000,1774316411348000000,0
workspaceModel.moduleManagerBridge.new.nonPersistent.module.ms,1774316351371000000,1774316411348000000,0
workspaceModel.mutableEntityStorage.add.entity.ms,1774316351371000000,1774316411348000000,0
workspaceModel.moduleManagerBridge.load.all.modules.ms,1774316351371000000,1774316411348000000,0
jps.app.storage.content.writer.save.component.ms,1774316351371000000,1774316411348000000,0
jps.global.handle.before.change.events.ms,1774316351371000000,1774316411348000000,0
workspaceModel.moduleManagerBridge.build.module.graph.ms,1774316351371000000,1774316411348000000,0
workspaceModel.mutableEntityStorage.to.snapshot.ms,1774316351371000000,1774316411348000000,0
jps.module.iml.entities.serializer.save.entities.ms,1774316351371000000,1774316411348000000,0
workspaceModel.mutableEntityStorage.remove.entity.ms,1774316351371000000,1774316411348000000,0
jps.library.entities.serializer.load.entities.ms,1774316351371000000,1774316411348000000,0
workspaceModel.mutableEntityStorage.entities.ms,1774316351371000000,1774316411348000000,0
workspaceModel.save.cache.to.file.ms,1774316351371000000,1774316411348000000,0
jps.global.handle.changed.events.ms,1774316351371000000,1774316411348000000,0
jps.facet.change.listener.process.change.events.ms,1774316351371000000,1774316411348000000,0
jps.global.get.library.by.name.ms,1774316351371000000,1774316411348000000,0
workspaceModel.mutableEntityStorage.changeLog.addReplaceEventForRemovedParent.ms,1774316351371000000,1774316411348000000,0
workspaceModel.mutableEntityStorage.replace.by.source.ms,1774316351371000000,1774316411348000000,0
jps.project.serializers.load.ms,1774316351371000000,1774316411348000000,0
jps.global.get.libraries.ms,1774316351371000000,1774316411348000000,1
jps.load.project.to.empty.storage.ms,1774316351371000000,1774316411348000000,0
workspaceModel.mutableEntityStorage.mutable.vfurl.index.ms,1774316351371000000,1774316411348000000,0
workspaceModel.load.cache.from.file.ms,1774316351371000000,1774316411348000000,0
jps.storage.jps.conf.reader.load.component.ms,1774316351371000000,1774316411348000000,0
jps.global.initialize.library.bridges.after.loading.ms,1774316351371000000,1774316411348000000,0
workspaceModel.sync.entities.ms,1774316351371000000,1774316411348000000,0
jps.global.get.library.ms,1774316351371000000,1774316411348000000,0
workspaceModel.global.apply.state.to.project.builder.ms,1774316351371000000,1774316411348000000,0
workspaceModel.moduleManagerBridge.newModule.ms,1774316351371000000,1774316411348000000,0
workspaceModel.mutableEntityStorage.put.entity.ms,1774316351371000000,1774316411348000000,0
jps.reload.project.entities.ms,1774316351371000000,1774316411348000000,0
jps.apply.loaded.storage.ms,1774316351371000000,1774316411348000000,0
workspaceModel.moduleBridge.update.option.ms,1774316351371000000,1774316411348000000,0
jps.facet.change.listener.before.change.events.ms,1774316351371000000,1774316411348000000,0
workspaceModel.global.updates.ms,1774316351371000000,1774316411348000000,0
workspaceModel.moduleBridge.facet.initialization.ms,1774316351371000000,1774316411348000000,0
jps.artifact.entities.serializer.save.entities.ms,1774316351371000000,1774316411348000000,0
workspaceModel.delayed.project.synchronizer.sync.ms,1774316351371000000,1774316411348000000,0
workspaceModel.mutableEntityStorage.changeLog.addReplaceEventForNewParent.ms,1774316351371000000,1774316411348000000,0
workspaceModel.moduleManagerBridge.load.module.ms,1774316351371000000,1774316411348000000,0
jps.app.storage.content.reader.load.component.ms,1774316351371000000,1774316411348000000,0
jps.artifact.entities.serializer.load.entities.ms,1774316351371000000,1774316411348000000,0
workspaceModel.moduleBridgeLoader.loading.modules.ms,1774316351371000000,1774316411348000000,0
workspaceModel.global.updates.count,1774316351371000000,1774316411348000000,0
workspaceModel.orphan.listener.update.ms,1774316351371000000,1774316411348000000,0
workspaceModel.global.apply.state.to.project.ms,1774316351371000000,1774316411348000000,0
workspaceModel.mutableEntityStorage.has.same.entities.ms,1774316351371000000,1774316411348000000,0
workspaceModel.mutableEntityStorage.modify.entity.ms,1774316351371000000,1774316411348000000,0
workspaceModel.mutableEntityStorage.instances.count,1774316351371000000,1774316411348000000,0
jps.module.iml.entities.serializer.load.entities.ms,1774316351371000000,1774316411348000000,0
workspaceModel.mutableEntityStorage.mutable.ext.mapping.ms,1774316351371000000,1774316411348000000,0
workspaceModel.mutableEntityStorage.changeLog.addReplaceEventForRemovedChild.ms,1774316351371000000,1774316411348000000,0
workspaceModel.load.cache.metadata.from.file.ms,1774316351371000000,1774316411348000000,0
workspaceModel.moduleManagerBridge.create.module.instance.ms,1774316351371000000,1774316411348000000,0
workspaceModel.moduleManagerBridge.set.unloadedModules.ms,1774316351371000000,1774316411348000000,0
jps.library.entities.serializer.save.entities.ms,1774316351371000000,1774316411348000000,0
workspaceModel.do.save.caches.ms,1774316351371000000,1774316411348000000,0
jps.save.global.entities.ms,1774316351371000000,1774316411348000000,0
jps.global.initialize.library.bridges.ms,1774316351371000000,1774316411348000000,0
workspaceModel.mutableEntityStorage.collect.changes.ms,1774316351371000000,1774316411348000000,0
workspaceModel.mutableEntityStorage.resolve.ms,1774316351371000000,1774316411348000000,0
workspaceModel.moduleManagerBridge.get.modules.ms,1774316351371000000,1774316411348000000,0
workspaceModel.mutableEntityStorage.referrers.ms,1774316351371000000,1774316411348000000,0
jps.save.changed.project.entities.ms,1774316351371000000,1774316411348000000,0
workspaceModel.mutableEntityStorage.entities.by.source.ms,1774316351371000000,1774316411348000000,0
workspaceModel.mutableEntityStorage.apply.changes.from.ms,1774316351371000000,1774316411348000000,0
jps.module.dependency.index.workspace.model.listener.on.changed.ms,1774316351371000000,1774316411348000000,0
jps.project.serializers.save.ms,1774316351371000000,1774316411348000000,0
workspaceModel.mutableEntityStorage.changeLog.addReplaceEventForNewChild.ms,1774316351371000000,1774316411348000000,0
jps.facet.change.listener.init.bridge.ms,1774316351371000000,1774316411348000000,0
jps.load.initial.state.ms,1774316351371000000,1774316411348000000,0
cacheStateStorage.set.duration,1774316351371000000,1774316411348000000,0
cacheStateStorage.get.duration,1774316351371000000,1774316411348000000,0
cacheStateStorage.set.counter,1774316351371000000,1774316411348000000,0
cacheStateStorage.get.counter,1774316351371000000,1774316411348000000,0
AWTEventQueue.dispatchTimeTotalNS,1774316351371000000,1774316411348000000,79809128
FlushQueue.waitingTimeMaxNs,1774316351371000000,1774316411348000000,0
NonBlockingReadAction.failedExecutionsCount,1774316351371000000,1774316411348000000,0
AWTEventQueue.eventsDispatched,1774316351371000000,1774316411348000000,0
WriteAction.executionsCount,1774316351371000000,1774316411348000000,0
FlushQueue.executionTimeMaxNs,1774316351371000000,1774316411348000000,0
FlushQueue.executionTimeAvgNs,1774316351371000000,1774316411348000000,0.0
ReadAction.executionsCount,1774316351371000000,1774316411348000000,228962
FlushQueue.queueSizeAvg,1774316351371000000,1774316411348000000,0.0
FlushQueue.tasksExecuted,1774316351371000000,1774316411348000000,0
NonBlockingReadAction.finalizedExecutionsCount,1774316351371000000,1774316411348000000,4
NonBlockingReadAction.finalizedExecutionTimeUs,1774316351371000000,1774316411348000000,34313
AWTEventQueue.dispatchTime90PNs,1774316351371000000,1774316411348000000,0
AWTEventQueue.dispatchTimeAvgNs,1774316351371000000,1774316411348000000,0.0
FlushQueue.queueSizeMax,1774316351371000000,1774316411348000000,0
FlushQueue.executionTime90PNs,1774316351371000000,1774316411348000000,0
AWTEventQueue.dispatchTimeMaxNs,1774316351371000000,1774316411348000000,0
FlushQueue.queueSize90P,1774316351371000000,1774316411348000000,0
FlushQueue.waitingTime90PNs,1774316351371000000,1774316411348000000,0
FlushQueue.waitingTimeAvgNs,1774316351371000000,1774316411348000000,0.0
NonBlockingReadAction.failedExecutionTimeUs,1774316351371000000,1774316411348000000,0
JVM.totalTimeAtSafepointsMs,1774316351371000000,1774316411348000000,52
JVM.totalBytesAllocated,1774316351371000000,1774316411348000000,95139112
JVM.maxHeapBytes,1774316351371000000,1774316411348000000,2147483648
JVM.newThreadsCount,1774316351371000000,1774316411348000000,0
JVM.totalTimeToSafepointsMs,1774316351371000000,1774316411348000000,1
JVM.totalCpuTimeMs,1774316351371000000,1774316411348000000,1310
JVM.totalSafepointCount,1774316351371000000,1774316411348000000,4
JVM.totalDirectByteBuffersBytes,1774316351371000000,1774316411348000000,307312413
JVM.usedHeapBytes,1774316351371000000,1774316411348000000,521119504
JVM.GC.collections,1774316351371000000,1774316411348000000,1
JVM.threadCount,1774316351371000000,1774316411348000000,42
JVM.usedNativeBytes,1774316351371000000,1774316411348000000,453372176
JVM.maxThreadCount,1774316351371000000,1774316411348000000,125
OS.loadAverage,1774316351371000000,1774316411348000000,40.75634765625
JVM.GC.collectionTimesMs,1774316351371000000,1774316411348000000,52
writeAction.max.wait.ms,1774316351371000000,1774316411348000000,786
writeAction.count,1774316351371000000,1774316411348000000,0
DiskQueryRelay.taskWaitingTotalTimeUs,1774316351371000000,1774316411348000000,0
writeAction.wait.ms,1774316351371000000,1774316411348000000,0
writeAction.median.wait.ms,1774316351371000000,1774316411348000000,1200
DiskQueryRelay.tasksExecuted,1774316351371000000,1774316411348000000,0
DiskQueryRelay.tasksRequested,1774316351371000000,1774316411348000000,0
DiskQueryRelay.taskExecutionTotalTimeUs,1774316351371000000,1774316411348000000,0
Indexes.allKeys.lookups,1774316351371000000,1774316411348000000,0
IndexesFlusher.totalFlushesRetried,1774316351371000000,1774316411348000000,0
IndexesFlusher.totalFlushingTimeUs,1774316351371000000,1774316411348000000,322882
Indexes.allKeys.lookupDuration90PMs,1774316351371000000,1774316411348000000,0.0
Indexes.entries.lookupDuration90PMs,1774316351371000000,1774316411348000000,0.0
Indexing.writer_0.totalTimeSpentWritingMs,1774316351371000000,1774316411348000000,0
Indexing.cache.totalCacheAccesses,1774316351371000000,1774316411348000000,0
Indexes.allKeys.lookupDurationAvgMs,1774316351371000000,1774316411348000000,0.0
Indexing.cache.totalCacheMisses,1774316351371000000,1774316411348000000,0
Indexing.writesQueuedMax,1774316351371000000,1774316411348000000,0
Indexing.totalTimeIndexersSleptMs,1774316351371000000,1774316411348000000,0
Indexes.stubs.lookupDurationMaxMs,1774316351371000000,1774316411348000000,0.0
IndexesFlusher.totalFlushes,1774316351371000000,1774316411348000000,174
Indexing.cache.totalCacheEvicted,1774316351371000000,1774316411348000000,0
Indexes.allKeys.lookupDurationMaxMs,1774316351371000000,1774316411348000000,0.0
IndexesFlusher.totalContentionQuotaSpent,1774316351371000000,1774316411348000000,0
Indexing.writesQueuedMin,1774316351371000000,1774316411348000000,9223372036854775807
Indexing.writer_2.totalTimeSpentWritingMs,1774316351371000000,1774316411348000000,0
Indexes.stubs.lookupDuration90PMs,1774316351371000000,1774316411348000000,0.0
Indexes.stubs.lookups,1774316351371000000,1774316411348000000,0
Indexing.writer_1.totalTimeSpentWritingMs,1774316351371000000,1774316411348000000,0
Indexes.entries.lookupDurationMaxMs,1774316351371000000,1774316411348000000,0.0
Indexes.stubs.lookupDurationAvgMs,1774316351371000000,1774316411348000000,0.0
Indexing.writer_3.totalTimeSpentWritingMs,1774316351371000000,1774316411348000000,0
Indexes.entries.lookupDurationAvgMs,1774316351371000000,1774316411348000000,0.0
Indexes.entries.lookups,1774316351371000000,1774316411348000000,0
FilePageCacheLockFree.totalNativeBytesAllocated,1774316351371000000,1774316411348000000,0
DirectByteBufferAllocator.totalSizeOfBuffersAllocatedInBytes,1774316351371000000,1774316411348000000,305160192
FilePageCache.capacityInBytes,1774316351371000000,1774316411348000000,503316478
DirectByteBufferAllocator.totalSizeOfBuffersCachedInBytes,1774316351371000000,1774316411348000000,9437184
FilePageCacheLockFree.housekeeperTurnsDone,1774316351371000000,1774316411348000000,0
StreamlinedBlobStorage.totalLiveRecordsPayloadBytes,1774316351371000000,1774316411348000000,0
FileChannelInterruptsRetryer.totalRetriedAttempts,1774316351371000000,1774316411348000000,0
FilePageCache.uncachedFileAccess,1774316351371000000,1774316411348000000,0
StorageLockContext.competingThreads.max,1774316351371000000,1774316411348000000,0
DirectByteBufferAllocator.reclaimed,1774316351371000000,1774316411348000000,0
FilePageCache.pageLoadsAboveSizeThreshold,1774316351371000000,1774316411348000000,0
MappedFileStorage.storages,1774316351371000000,1774316411348000000,16
FilePageCacheLockFree.totalPagesAllocated,1774316351371000000,1774316411348000000,0
FilePageCacheLockFree.totalBytesWritten,1774316351371000000,1774316411348000000,0
FilePageCacheLockFree.totalPagesReclaimed,1774316351371000000,1774316411348000000,0
FilePageCache.disposedBuffers,1774316351371000000,1774316411348000000,0
FilePageCache.totalPageLoadsUs,1774316351371000000,1774316411348000000,0
StreamlinedBlobStorage.recordsRelocated,1774316351371000000,1774316411348000000,0
StreamlinedBlobStorage.recordsAllocated,1774316351371000000,1774316411348000000,0
FilePageCacheLockFree.housekeeperTurnsSkipped,1774316351371000000,1774316411348000000,0
FilePageCacheLockFree.totalPagesWriteMs,1774316351371000000,1774316411348000000,0
FilePageCacheLockFree.totalPagesRequested,1774316351371000000,1774316411348000000,0
FilePageCache.maxRegisteredFiles,1774316351371000000,1774316411348000000,547
FilePageCache.maxCacheSizeInBytes,1774316351371000000,1774316411348000000,305160192
FilePageCacheLockFree.totalPagesReadMs,1774316351371000000,1774316411348000000,0
FilePageCacheLockFree.totalBytesRequested,1774316351371000000,1774316411348000000,0
FilePageCacheLockFree.totalPageAllocationsWaited,1774316351371000000,1774316411348000000,0
DirectByteBufferAllocator.hits,1774316351371000000,1774316411348000000,0
FilePageCache.totalPageDisposalsUs,1774316351371000000,1774316411348000000,0
StorageLockContext.competingThreads.avg,1774316351371000000,1774316411348000000,0.0
FilePageCacheLockFree.totalPagesWritten,1774316351371000000,1774316411348000000,0
MappedFileStorage.totalBytesMapped,1774316351371000000,1774316411348000000,257163264
FilePageCacheLockFree.heapBytesInUse,1774316351371000000,1774316411348000000,0
MappedFileStorage.totalTimeSpentOnMappingUs,1774316351371000000,1774316411348000000,13885
FilePageCacheLockFree.nativeBytesInUse,1774316351371000000,1774316411348000000,0
DirectByteBufferAllocator.disposed,1774316351371000000,1774316411348000000,0
FilePageCacheLockFree.totalHeapBytesAllocated,1774316351371000000,1774316411348000000,0
StreamlinedBlobStorage.totalLiveRecordsCapacityBytes,1774316351371000000,1774316411348000000,0
MappedFileStorage.totalPagesMapped,1774316351371000000,1774316411348000000,22
FilePageCacheLockFree.totalPagesHandedOver,1774316351371000000,1774316411348000000,0
FilePageCacheLockFree.housekeeperTimeSpentMs,1774316351371000000,1774316411348000000,0
FilePageCacheLockFree.totalPagesRequestsMs,1774316351371000000,1774316411348000000,0
FilePageCacheLockFree.totalHeapBytesReclaimed,1774316351371000000,1774316411348000000,0
FilePageCache.pageLoads,1774316351371000000,1774316411348000000,0
FilePageCacheLockFree.totalBytesRead,1774316351371000000,1774316411348000000,0
FilePageCacheLockFree.totalNativeBytesReclaimed,1774316351371000000,1774316411348000000,0
DirectByteBufferAllocator.misses,1774316351371000000,1774316411348000000,0
FilePageCacheLockFree.totalClosedStoragesReclaimed,1774316351371000000,1774316411348000000,0
StreamlinedBlobStorage.recordsDeleted,1774316351371000000,1774316411348000000,0
StorageLockContext.competingThreads.90P,1774316351371000000,1774316411348000000,0
FilePageCache.pageHits,1774316351371000000,1774316411348000000,0
FilePageCache.pageFastCacheHits,1774316351371000000,1774316411348000000,0
compiler.ArtifactManagerBridge.initBridges.ms,1774316351371000000,1774316411348000000,0
compiler.ArtifactManagerBridge.commit.ms,1774316351371000000,1774316411348000000,0
compiler.ArtifactManagerBridge.getArtifactsByType.ms,1774316351371000000,1774316411348000000,0
compiler.ArtifactManagerBridge.getArtifacts.ms,1774316351371000000,1774316411348000000,0
compiler.ArtifactManagerBridge.dropMappings.ms,1774316351371000000,1774316411348000000,0
compiler.ArtifactVirtualFileListener.propertyChanged.ms,1774316351371000000,1774316411348000000,0
compiler.ArtifactManagerBridge.addArtifact.ms,1774316351371000000,1774316411348000000,0
compiler.ArtifactManagerBridge.findArtifact.ms,1774316351371000000,1774316411348000000,0
compiler.ArtifactVirtualFileListener.filePathChanged.ms,1774316351371000000,1774316411348000000,0
workspaceModel.workspaceFileIndexData.processFileSets.ms,1774316351371000000,1774316411348000000,0
workspaceModel.cachedValueWithParameters.calculated.count,1774316351371000000,1774316411348000000,0
workspaceModel.update.unloaded.entities.ms,1774316351371000000,1774316411348000000,0
workspaceModel.workspaceFileIndexData.instances.count,1774316351371000000,1774316411348000000,0
workspaceModel.cachedValueWithParameters.from.cache.count,1774316351371000000,1774316411348000000,0
workspaceModel.to.snapshot.ms,1774316351371000000,1774316411348000000,0
workspaceModel.workspaceFileIndexData.onEntitiesChanged.ms,1774316351371000000,1774316411348000000,0
workspaceModel.cachedValue.total.get.count,1774316351371000000,1774316411348000000,1
workspaceModel.on.changed.ms,1774316351371000000,1774316411348000000,0
workspaceModel.check.recursive.update.ms,1774316351371000000,1774316411348000000,0
workspaceModel.workspaceFileIndexData.markDirty.ms,1774316351371000000,1774316411348000000,0
workspaceModel.updates.ms,1774316351371000000,1774316411348000000,0
workspaceModel.workspaceFileIndexData.updateDirtyEntities.ms,1774316351371000000,1774316411348000000,0
workspaceModel.initializing.ms,1774316351371000000,1774316411348000000,0
workspaceModel.workspaceFileIndexData.visitFileSets.ms,1774316351371000000,1774316411348000000,0
workspaceModel.replace.project.model.ms,1774316351371000000,1774316411348000000,0
workspaceModel.cachedValueWithParameters.clear.count,1774316351371000000,1774316411348000000,0
workspaceModel.on.before.changed.ms,1774316351371000000,1774316411348000000,0
workspaceModel.init.bridges.ms,1774316351371000000,1774316411348000000,0
workspaceModel.collect.changes.ms,1774316351371000000,1774316411348000000,0
workspaceModel.updates.precise.ms,1774316351371000000,1774316411348000000,0
workspaceModel.cachedValue.clear.count,1774316351371000000,1774316411348000000,0
workspaceModel.workspaceFileIndexData.getFileInfo.ms,1774316351371000000,1774316411348000000,21
workspaceModel.workspaceFileIndexData.init.ms,1774316351371000000,1774316411348000000,0
workspaceModel.cachedValueWithParameters.total.get.count,1774316351371000000,1774316411348000000,0
workspaceModel.workspaceFileIndexContributor.registerFileSets.ms,1774316351371000000,1774316411348000000,0
workspaceModel.loading.from.cache.ms,1774316351371000000,1774316411348000000,0
workspaceModel.workspaceFileIndexData.getDirectoriesByPackageName.ms,1774316351371000000,1774316411348000000,0
workspaceModel.workspaceFileIndexData.getPackageName.ms,1774316351371000000,1774316411348000000,0
workspaceModel.loading.total.ms,1774316351371000000,1774316411348000000,0
workspaceModel.cachedValue.from.cache.count,1774316351371000000,1774316411348000000,1
workspaceModel.updates.count,1774316351371000000,1774316411348000000,0
workspaceModel.cachedValue.calculated.count,1774316351371000000,1774316411348000000,0
workspaceModel.entityStorageSnapshotImpl.instances.count,1774316351371000000,1774316411348000000,0
workspaceModel.full.replace.project.model.ms,1774316351371000000,1774316411348000000,0
workspaceModel.pre.handlers.ms,1774316351371000000,1774316411348000000,0
VFS.contentStorage.recordsStoredSize,1774316351371000000,1774316411348000000,0
VFS.contentStorage.recordsDeduplicated,1774316351371000000,1774316411348000000,0
VFS.fileByIdCache.hits,1774316351371000000,1774316411348000000,0
FileNameCache.queries,1774316351371000000,1774316411348000000,384
VFS.contentStorage.recordsReadSize,1774316351371000000,1774316411348000000,0
FileNameCache.totalMisses,1774316351371000000,1774316411348000000,0
VFS.invertedFileNameIndex.requests,1774316351371000000,1774316411348000000,0
VFS.contentStorage.recordsDecompressionTimeUs,1774316351371000000,1774316411348000000,0
VFS.contentStorage.recordsReadDecompressed,1774316351371000000,1774316411348000000,0
VFS.contentStorage.recordsStoredCompressed,1774316351371000000,1774316411348000000,0
VFS.fileByIdCache.misses,1774316351371000000,1774316411348000000,0
VFS.contentStorage.recordsUncompressedSize,1774316351371000000,1774316411348000000,0
VFS.fileChildByName,1774316351371000000,1774316411348000000,31
VFS.contentStorage.recordsStored,1774316351371000000,1774316411348000000,0
VFS.contentStorage.recordsRead,1774316351371000000,1774316411348000000,0
workspaceModel.moduleBridge.before.changed.ms,1774316411348000000,1774316471338000000,0
workspaceModel.moduleManagerBridge.new.nonPersistent.module.ms,1774316411348000000,1774316471338000000,0
workspaceModel.mutableEntityStorage.add.entity.ms,1774316411348000000,1774316471338000000,0
workspaceModel.moduleManagerBridge.load.all.modules.ms,1774316411348000000,1774316471338000000,0
jps.app.storage.content.writer.save.component.ms,1774316411348000000,1774316471338000000,0
jps.global.handle.before.change.events.ms,1774316411348000000,1774316471338000000,0
workspaceModel.moduleManagerBridge.build.module.graph.ms,1774316411348000000,1774316471338000000,0
workspaceModel.mutableEntityStorage.to.snapshot.ms,1774316411348000000,1774316471338000000,0
jps.module.iml.entities.serializer.save.entities.ms,1774316411348000000,1774316471338000000,0
workspaceModel.mutableEntityStorage.remove.entity.ms,1774316411348000000,1774316471338000000,0
jps.library.entities.serializer.load.entities.ms,1774316411348000000,1774316471338000000,0
workspaceModel.mutableEntityStorage.entities.ms,1774316411348000000,1774316471338000000,0
workspaceModel.save.cache.to.file.ms,1774316411348000000,1774316471338000000,0
jps.global.handle.changed.events.ms,1774316411348000000,1774316471338000000,0
jps.facet.change.listener.process.change.events.ms,1774316411348000000,1774316471338000000,0
jps.global.get.library.by.name.ms,1774316411348000000,1774316471338000000,0
workspaceModel.mutableEntityStorage.changeLog.addReplaceEventForRemovedParent.ms,1774316411348000000,1774316471338000000,0
workspaceModel.mutableEntityStorage.replace.by.source.ms,1774316411348000000,1774316471338000000,0
jps.project.serializers.load.ms,1774316411348000000,1774316471338000000,0
jps.global.get.libraries.ms,1774316411348000000,1774316471338000000,0
jps.load.project.to.empty.storage.ms,1774316411348000000,1774316471338000000,0
workspaceModel.mutableEntityStorage.mutable.vfurl.index.ms,1774316411348000000,1774316471338000000,0
workspaceModel.load.cache.from.file.ms,1774316411348000000,1774316471338000000,0
jps.storage.jps.conf.reader.load.component.ms,1774316411348000000,1774316471338000000,0
jps.global.initialize.library.bridges.after.loading.ms,1774316411348000000,1774316471338000000,0
workspaceModel.sync.entities.ms,1774316411348000000,1774316471338000000,0
jps.global.get.library.ms,1774316411348000000,1774316471338000000,0
workspaceModel.global.apply.state.to.project.builder.ms,1774316411348000000,1774316471338000000,0
workspaceModel.moduleManagerBridge.newModule.ms,1774316411348000000,1774316471338000000,0
workspaceModel.mutableEntityStorage.put.entity.ms,1774316411348000000,1774316471338000000,0
jps.reload.project.entities.ms,1774316411348000000,1774316471338000000,0
jps.apply.loaded.storage.ms,1774316411348000000,1774316471338000000,0
workspaceModel.moduleBridge.update.option.ms,1774316411348000000,1774316471338000000,0
jps.facet.change.listener.before.change.events.ms,1774316411348000000,1774316471338000000,0
workspaceModel.global.updates.ms,1774316411348000000,1774316471338000000,0
workspaceModel.moduleBridge.facet.initialization.ms,1774316411348000000,1774316471338000000,0
jps.artifact.entities.serializer.save.entities.ms,1774316411348000000,1774316471338000000,0
workspaceModel.delayed.project.synchronizer.sync.ms,1774316411348000000,1774316471338000000,0
workspaceModel.mutableEntityStorage.changeLog.addReplaceEventForNewParent.ms,1774316411348000000,1774316471338000000,0
workspaceModel.moduleManagerBridge.load.module.ms,1774316411348000000,1774316471338000000,0
jps.app.storage.content.reader.load.component.ms,1774316411348000000,1774316471338000000,0
jps.artifact.entities.serializer.load.entities.ms,1774316411348000000,1774316471338000000,0
workspaceModel.moduleBridgeLoader.loading.modules.ms,1774316411348000000,1774316471338000000,0
workspaceModel.global.updates.count,1774316411348000000,1774316471338000000,0
workspaceModel.orphan.listener.update.ms,1774316411348000000,1774316471338000000,0
workspaceModel.global.apply.state.to.project.ms,1774316411348000000,1774316471338000000,0
workspaceModel.mutableEntityStorage.has.same.entities.ms,1774316411348000000,1774316471338000000,0
workspaceModel.mutableEntityStorage.modify.entity.ms,1774316411348000000,1774316471338000000,0
workspaceModel.mutableEntityStorage.instances.count,1774316411348000000,1774316471338000000,0
jps.module.iml.entities.serializer.load.entities.ms,1774316411348000000,1774316471338000000,0
workspaceModel.mutableEntityStorage.mutable.ext.mapping.ms,1774316411348000000,1774316471338000000,0
workspaceModel.mutableEntityStorage.changeLog.addReplaceEventForRemovedChild.ms,1774316411348000000,1774316471338000000,0
workspaceModel.load.cache.metadata.from.file.ms,1774316411348000000,1774316471338000000,0
workspaceModel.moduleManagerBridge.create.module.instance.ms,1774316411348000000,1774316471338000000,0
workspaceModel.moduleManagerBridge.set.unloadedModules.ms,1774316411348000000,1774316471338000000,0
jps.library.entities.serializer.save.entities.ms,1774316411348000000,1774316471338000000,0
workspaceModel.do.save.caches.ms,1774316411348000000,1774316471338000000,0
jps.save.global.entities.ms,1774316411348000000,1774316471338000000,0
jps.global.initialize.library.bridges.ms,1774316411348000000,1774316471338000000,0
workspaceModel.mutableEntityStorage.collect.changes.ms,1774316411348000000,1774316471338000000,0
workspaceModel.mutableEntityStorage.resolve.ms,1774316411348000000,1774316471338000000,0
workspaceModel.moduleManagerBridge.get.modules.ms,1774316411348000000,1774316471338000000,0
workspaceModel.mutableEntityStorage.referrers.ms,1774316411348000000,1774316471338000000,0
jps.save.changed.project.entities.ms,1774316411348000000,1774316471338000000,0
workspaceModel.mutableEntityStorage.entities.by.source.ms,1774316411348000000,1774316471338000000,0
workspaceModel.mutableEntityStorage.apply.changes.from.ms,1774316411348000000,1774316471338000000,0
jps.module.dependency.index.workspace.model.listener.on.changed.ms,1774316411348000000,1774316471338000000,0
jps.project.serializers.save.ms,1774316411348000000,1774316471338000000,0
workspaceModel.mutableEntityStorage.changeLog.addReplaceEventForNewChild.ms,1774316411348000000,1774316471338000000,0
jps.facet.change.listener.init.bridge.ms,1774316411348000000,1774316471338000000,0
jps.load.initial.state.ms,1774316411348000000,1774316471338000000,0
cacheStateStorage.set.duration,1774316411348000000,1774316471338000000,0
cacheStateStorage.get.duration,1774316411348000000,1774316471338000000,0
cacheStateStorage.set.counter,1774316411348000000,1774316471338000000,0
cacheStateStorage.get.counter,1774316411348000000,1774316471338000000,0
AWTEventQueue.dispatchTimeTotalNS,1774316411348000000,1774316471338000000,88921004
FlushQueue.waitingTimeMaxNs,1774316411348000000,1774316471338000000,0
NonBlockingReadAction.failedExecutionsCount,1774316411348000000,1774316471338000000,0
AWTEventQueue.eventsDispatched,1774316411348000000,1774316471338000000,0
WriteAction.executionsCount,1774316411348000000,1774316471338000000,0
FlushQueue.executionTimeMaxNs,1774316411348000000,1774316471338000000,0
FlushQueue.executionTimeAvgNs,1774316411348000000,1774316471338000000,0.0
ReadAction.executionsCount,1774316411348000000,1774316471338000000,0
FlushQueue.queueSizeAvg,1774316411348000000,1774316471338000000,0.0
FlushQueue.tasksExecuted,1774316411348000000,1774316471338000000,0
NonBlockingReadAction.finalizedExecutionsCount,1774316411348000000,1774316471338000000,0
NonBlockingReadAction.finalizedExecutionTimeUs,1774316411348000000,1774316471338000000,0
AWTEventQueue.dispatchTime90PNs,1774316411348000000,1774316471338000000,0
AWTEventQueue.dispatchTimeAvgNs,1774316411348000000,1774316471338000000,0.0
FlushQueue.queueSizeMax,1774316411348000000,1774316471338000000,0
FlushQueue.executionTime90PNs,1774316411348000000,1774316471338000000,0
AWTEventQueue.dispatchTimeMaxNs,1774316411348000000,1774316471338000000,0
FlushQueue.queueSize90P,1774316411348000000,1774316471338000000,0
FlushQueue.waitingTime90PNs,1774316411348000000,1774316471338000000,0
FlushQueue.waitingTimeAvgNs,1774316411348000000,1774316471338000000,0.0
NonBlockingReadAction.failedExecutionTimeUs,1774316411348000000,1774316471338000000,0
JVM.totalTimeAtSafepointsMs,1774316411348000000,1774316471338000000,0
JVM.totalBytesAllocated,1774316411348000000,1774316471338000000,16992096
JVM.maxHeapBytes,1774316411348000000,1774316471338000000,2147483648
JVM.newThreadsCount,1774316411348000000,1774316471338000000,0
JVM.totalTimeToSafepointsMs,1774316411348000000,1774316471338000000,3
JVM.totalCpuTimeMs,1774316411348000000,1774316471338000000,910
JVM.totalSafepointCount,1774316411348000000,1774316471338000000,3
JVM.totalDirectByteBuffersBytes,1774316411348000000,1774316471338000000,307312413
JVM.usedHeapBytes,1774316411348000000,1774316471338000000,538945296
JVM.GC.collections,1774316411348000000,1774316471338000000,0
JVM.threadCount,1774316411348000000,1774316471338000000,42
JVM.usedNativeBytes,1774316411348000000,1774316471338000000,453431936
JVM.maxThreadCount,1774316411348000000,1774316471338000000,125
OS.loadAverage,1774316411348000000,1774316471338000000,46.74560546875
JVM.GC.collectionTimesMs,1774316411348000000,1774316471338000000,0
writeAction.max.wait.ms,1774316411348000000,1774316471338000000,786
writeAction.count,1774316411348000000,1774316471338000000,0
DiskQueryRelay.taskWaitingTotalTimeUs,1774316411348000000,1774316471338000000,0
writeAction.wait.ms,1774316411348000000,1774316471338000000,0
writeAction.median.wait.ms,1774316411348000000,1774316471338000000,1200
DiskQueryRelay.tasksExecuted,1774316411348000000,1774316471338000000,0
DiskQueryRelay.tasksRequested,1774316411348000000,1774316471338000000,0
DiskQueryRelay.taskExecutionTotalTimeUs,1774316411348000000,1774316471338000000,0
Indexes.allKeys.lookups,1774316411348000000,1774316471338000000,0
IndexesFlusher.totalFlushesRetried,1774316411348000000,1774316471338000000,0
IndexesFlusher.totalFlushingTimeUs,1774316411348000000,1774316471338000000,273690
Indexes.allKeys.lookupDuration90PMs,1774316411348000000,1774316471338000000,0.0
Indexes.entries.lookupDuration90PMs,1774316411348000000,1774316471338000000,0.0
Indexing.writer_0.totalTimeSpentWritingMs,1774316411348000000,1774316471338000000,0
Indexing.cache.totalCacheAccesses,1774316411348000000,1774316471338000000,0
Indexes.allKeys.lookupDurationAvgMs,1774316411348000000,1774316471338000000,0.0
Indexing.cache.totalCacheMisses,1774316411348000000,1774316471338000000,0
Indexing.writesQueuedMax,1774316411348000000,1774316471338000000,0
Indexing.totalTimeIndexersSleptMs,1774316411348000000,1774316471338000000,0
Indexes.stubs.lookupDurationMaxMs,1774316411348000000,1774316471338000000,0.0
IndexesFlusher.totalFlushes,1774316411348000000,1774316471338000000,173
Indexing.cache.totalCacheEvicted,1774316411348000000,1774316471338000000,0
Indexes.allKeys.lookupDurationMaxMs,1774316411348000000,1774316471338000000,0.0
IndexesFlusher.totalContentionQuotaSpent,1774316411348000000,1774316471338000000,0
Indexing.writesQueuedMin,1774316411348000000,1774316471338000000,9223372036854775807
Indexing.writer_2.totalTimeSpentWritingMs,1774316411348000000,1774316471338000000,0
Indexes.stubs.lookupDuration90PMs,1774316411348000000,1774316471338000000,0.0
Indexes.stubs.lookups,1774316411348000000,1774316471338000000,0
Indexing.writer_1.totalTimeSpentWritingMs,1774316411348000000,1774316471338000000,0
Indexes.entries.lookupDurationMaxMs,1774316411348000000,1774316471338000000,0.0
Indexes.stubs.lookupDurationAvgMs,1774316411348000000,1774316471338000000,0.0
Indexing.writer_3.totalTimeSpentWritingMs,1774316411348000000,1774316471338000000,0
Indexes.entries.lookupDurationAvgMs,1774316411348000000,1774316471338000000,0.0
Indexes.entries.lookups,1774316411348000000,1774316471338000000,0
FilePageCacheLockFree.totalNativeBytesAllocated,1774316411348000000,1774316471338000000,0
DirectByteBufferAllocator.totalSizeOfBuffersAllocatedInBytes,1774316411348000000,1774316471338000000,305160192
FilePageCache.capacityInBytes,1774316411348000000,1774316471338000000,503316478
DirectByteBufferAllocator.totalSizeOfBuffersCachedInBytes,1774316411348000000,1774316471338000000,9437184
FilePageCacheLockFree.housekeeperTurnsDone,1774316411348000000,1774316471338000000,0
StreamlinedBlobStorage.totalLiveRecordsPayloadBytes,1774316411348000000,1774316471338000000,0
FileChannelInterruptsRetryer.totalRetriedAttempts,1774316411348000000,1774316471338000000,0
FilePageCache.uncachedFileAccess,1774316411348000000,1774316471338000000,0
StorageLockContext.competingThreads.max,1774316411348000000,1774316471338000000,0
DirectByteBufferAllocator.reclaimed,1774316411348000000,1774316471338000000,0
FilePageCache.pageLoadsAboveSizeThreshold,1774316411348000000,1774316471338000000,0
MappedFileStorage.storages,1774316411348000000,1774316471338000000,16
FilePageCacheLockFree.totalPagesAllocated,1774316411348000000,1774316471338000000,0
FilePageCacheLockFree.totalBytesWritten,1774316411348000000,1774316471338000000,0
FilePageCacheLockFree.totalPagesReclaimed,1774316411348000000,1774316471338000000,0
FilePageCache.disposedBuffers,1774316411348000000,1774316471338000000,0
FilePageCache.totalPageLoadsUs,1774316411348000000,1774316471338000000,0
StreamlinedBlobStorage.recordsRelocated,1774316411348000000,1774316471338000000,0
StreamlinedBlobStorage.recordsAllocated,1774316411348000000,1774316471338000000,0
FilePageCacheLockFree.housekeeperTurnsSkipped,1774316411348000000,1774316471338000000,0
FilePageCacheLockFree.totalPagesWriteMs,1774316411348000000,1774316471338000000,0
FilePageCacheLockFree.totalPagesRequested,1774316411348000000,1774316471338000000,0
FilePageCache.maxRegisteredFiles,1774316411348000000,1774316471338000000,547
FilePageCache.maxCacheSizeInBytes,1774316411348000000,1774316471338000000,305160192
FilePageCacheLockFree.totalPagesReadMs,1774316411348000000,1774316471338000000,0
FilePageCacheLockFree.totalBytesRequested,1774316411348000000,1774316471338000000,0
FilePageCacheLockFree.totalPageAllocationsWaited,1774316411348000000,1774316471338000000,0
DirectByteBufferAllocator.hits,1774316411348000000,1774316471338000000,0
FilePageCache.totalPageDisposalsUs,1774316411348000000,1774316471338000000,0
StorageLockContext.competingThreads.avg,1774316411348000000,1774316471338000000,0.0
FilePageCacheLockFree.totalPagesWritten,1774316411348000000,1774316471338000000,0
MappedFileStorage.totalBytesMapped,1774316411348000000,1774316471338000000,257163264
FilePageCacheLockFree.heapBytesInUse,1774316411348000000,1774316471338000000,0
MappedFileStorage.totalTimeSpentOnMappingUs,1774316411348000000,1774316471338000000,13885
FilePageCacheLockFree.nativeBytesInUse,1774316411348000000,1774316471338000000,0
DirectByteBufferAllocator.disposed,1774316411348000000,1774316471338000000,0
FilePageCacheLockFree.totalHeapBytesAllocated,1774316411348000000,1774316471338000000,0
StreamlinedBlobStorage.totalLiveRecordsCapacityBytes,1774316411348000000,1774316471338000000,0
MappedFileStorage.totalPagesMapped,1774316411348000000,1774316471338000000,22
FilePageCacheLockFree.totalPagesHandedOver,1774316411348000000,1774316471338000000,0
FilePageCacheLockFree.housekeeperTimeSpentMs,1774316411348000000,1774316471338000000,0
FilePageCacheLockFree.totalPagesRequestsMs,1774316411348000000,1774316471338000000,0
FilePageCacheLockFree.totalHeapBytesReclaimed,1774316411348000000,1774316471338000000,0
FilePageCache.pageLoads,1774316411348000000,1774316471338000000,0
FilePageCacheLockFree.totalBytesRead,1774316411348000000,1774316471338000000,0
FilePageCacheLockFree.totalNativeBytesReclaimed,1774316411348000000,1774316471338000000,0
DirectByteBufferAllocator.misses,1774316411348000000,1774316471338000000,0
FilePageCacheLockFree.totalClosedStoragesReclaimed,1774316411348000000,1774316471338000000,0
StreamlinedBlobStorage.recordsDeleted,1774316411348000000,1774316471338000000,0
StorageLockContext.competingThreads.90P,1774316411348000000,1774316471338000000,0
FilePageCache.pageHits,1774316411348000000,1774316471338000000,0
FilePageCache.pageFastCacheHits,1774316411348000000,1774316471338000000,0
compiler.ArtifactManagerBridge.initBridges.ms,1774316411348000000,1774316471338000000,0
compiler.ArtifactManagerBridge.commit.ms,1774316411348000000,1774316471338000000,0
compiler.ArtifactManagerBridge.getArtifactsByType.ms,1774316411348000000,1774316471338000000,0
compiler.ArtifactManagerBridge.getArtifacts.ms,1774316411348000000,1774316471338000000,0
compiler.ArtifactManagerBridge.dropMappings.ms,1774316411348000000,1774316471338000000,0
compiler.ArtifactVirtualFileListener.propertyChanged.ms,1774316411348000000,1774316471338000000,0
compiler.ArtifactManagerBridge.addArtifact.ms,1774316411348000000,1774316471338000000,0
compiler.ArtifactManagerBridge.findArtifact.ms,1774316411348000000,1774316471338000000,0
compiler.ArtifactVirtualFileListener.filePathChanged.ms,1774316411348000000,1774316471338000000,0
workspaceModel.workspaceFileIndexData.processFileSets.ms,1774316411348000000,1774316471338000000,0
workspaceModel.cachedValueWithParameters.calculated.count,1774316411348000000,1774316471338000000,0
workspaceModel.update.unloaded.entities.ms,1774316411348000000,1774316471338000000,0
workspaceModel.workspaceFileIndexData.instances.count,1774316411348000000,1774316471338000000,0
workspaceModel.cachedValueWithParameters.from.cache.count,1774316411348000000,1774316471338000000,0
workspaceModel.to.snapshot.ms,1774316411348000000,1774316471338000000,0
workspaceModel.workspaceFileIndexData.onEntitiesChanged.ms,1774316411348000000,1774316471338000000,0
workspaceModel.cachedValue.total.get.count,1774316411348000000,1774316471338000000,0
workspaceModel.on.changed.ms,1774316411348000000,1774316471338000000,0
workspaceModel.check.recursive.update.ms,1774316411348000000,1774316471338000000,0
workspaceModel.workspaceFileIndexData.markDirty.ms,1774316411348000000,1774316471338000000,0
workspaceModel.updates.ms,1774316411348000000,1774316471338000000,0
workspaceModel.workspaceFileIndexData.updateDirtyEntities.ms,1774316411348000000,1774316471338000000,0
workspaceModel.initializing.ms,1774316411348000000,1774316471338000000,0
workspaceModel.workspaceFileIndexData.visitFileSets.ms,1774316411348000000,1774316471338000000,0
workspaceModel.replace.project.model.ms,1774316411348000000,1774316471338000000,0
workspaceModel.cachedValueWithParameters.clear.count,1774316411348000000,1774316471338000000,0
workspaceModel.on.before.changed.ms,1774316411348000000,1774316471338000000,0
workspaceModel.init.bridges.ms,1774316411348000000,1774316471338000000,0
workspaceModel.collect.changes.ms,1774316411348000000,1774316471338000000,0
workspaceModel.updates.precise.ms,1774316411348000000,1774316471338000000,0
workspaceModel.cachedValue.clear.count,1774316411348000000,1774316471338000000,0
workspaceModel.workspaceFileIndexData.getFileInfo.ms,1774316411348000000,1774316471338000000,0
workspaceModel.workspaceFileIndexData.init.ms,1774316411348000000,1774316471338000000,0
workspaceModel.cachedValueWithParameters.total.get.count,1774316411348000000,1774316471338000000,0
workspaceModel.workspaceFileIndexContributor.registerFileSets.ms,1774316411348000000,1774316471338000000,0
workspaceModel.loading.from.cache.ms,1774316411348000000,1774316471338000000,0
workspaceModel.workspaceFileIndexData.getDirectoriesByPackageName.ms,1774316411348000000,1774316471338000000,0
workspaceModel.workspaceFileIndexData.getPackageName.ms,1774316411348000000,1774316471338000000,0
workspaceModel.loading.total.ms,1774316411348000000,1774316471338000000,0
workspaceModel.cachedValue.from.cache.count,1774316411348000000,1774316471338000000,0
workspaceModel.updates.count,1774316411348000000,1774316471338000000,0
workspaceModel.cachedValue.calculated.count,1774316411348000000,1774316471338000000,0
workspaceModel.entityStorageSnapshotImpl.instances.count,1774316411348000000,1774316471338000000,0
workspaceModel.full.replace.project.model.ms,1774316411348000000,1774316471338000000,0
workspaceModel.pre.handlers.ms,1774316411348000000,1774316471338000000,0
VFS.contentStorage.recordsStoredSize,1774316411348000000,1774316471338000000,0
VFS.contentStorage.recordsDeduplicated,1774316411348000000,1774316471338000000,0
VFS.fileByIdCache.hits,1774316411348000000,1774316471338000000,0
FileNameCache.queries,1774316411348000000,1774316471338000000,0
VFS.contentStorage.recordsReadSize,1774316411348000000,1774316471338000000,0
FileNameCache.totalMisses,1774316411348000000,1774316471338000000,0
VFS.invertedFileNameIndex.requests,1774316411348000000,1774316471338000000,0
VFS.contentStorage.recordsDecompressionTimeUs,1774316411348000000,1774316471338000000,0
VFS.contentStorage.recordsReadDecompressed,1774316411348000000,1774316471338000000,0
VFS.contentStorage.recordsStoredCompressed,1774316411348000000,1774316471338000000,0
VFS.fileByIdCache.misses,1774316411348000000,1774316471338000000,0
VFS.contentStorage.recordsUncompressedSize,1774316411348000000,1774316471338000000,0
VFS.fileChildByName,1774316411348000000,1774316471338000000,0
VFS.contentStorage.recordsStored,1774316411348000000,1774316471338000000,0
VFS.contentStorage.recordsRead,1774316411348000000,1774316471338000000,0
workspaceModel.moduleBridge.before.changed.ms,1774316471338000000,1774316531349000000,0
workspaceModel.moduleManagerBridge.new.nonPersistent.module.ms,1774316471338000000,1774316531349000000,0
workspaceModel.mutableEntityStorage.add.entity.ms,1774316471338000000,1774316531349000000,0
workspaceModel.moduleManagerBridge.load.all.modules.ms,1774316471338000000,1774316531349000000,0
jps.app.storage.content.writer.save.component.ms,1774316471338000000,1774316531349000000,0
jps.global.handle.before.change.events.ms,1774316471338000000,1774316531349000000,0
workspaceModel.moduleManagerBridge.build.module.graph.ms,1774316471338000000,1774316531349000000,0
workspaceModel.mutableEntityStorage.to.snapshot.ms,1774316471338000000,1774316531349000000,0
jps.module.iml.entities.serializer.save.entities.ms,1774316471338000000,1774316531349000000,0
workspaceModel.mutableEntityStorage.remove.entity.ms,1774316471338000000,1774316531349000000,0
jps.library.entities.serializer.load.entities.ms,1774316471338000000,1774316531349000000,0
workspaceModel.mutableEntityStorage.entities.ms,1774316471338000000,1774316531349000000,0
workspaceModel.save.cache.to.file.ms,1774316471338000000,1774316531349000000,0
jps.global.handle.changed.events.ms,1774316471338000000,1774316531349000000,0
jps.facet.change.listener.process.change.events.ms,1774316471338000000,1774316531349000000,0
jps.global.get.library.by.name.ms,1774316471338000000,1774316531349000000,0
workspaceModel.mutableEntityStorage.changeLog.addReplaceEventForRemovedParent.ms,1774316471338000000,1774316531349000000,0
workspaceModel.mutableEntityStorage.replace.by.source.ms,1774316471338000000,1774316531349000000,0
jps.project.serializers.load.ms,1774316471338000000,1774316531349000000,0
jps.global.get.libraries.ms,1774316471338000000,1774316531349000000,0
jps.load.project.to.empty.storage.ms,1774316471338000000,1774316531349000000,0
workspaceModel.mutableEntityStorage.mutable.vfurl.index.ms,1774316471338000000,1774316531349000000,0
workspaceModel.load.cache.from.file.ms,1774316471338000000,1774316531349000000,0
jps.storage.jps.conf.reader.load.component.ms,1774316471338000000,1774316531349000000,0
jps.global.initialize.library.bridges.after.loading.ms,1774316471338000000,1774316531349000000,0
workspaceModel.sync.entities.ms,1774316471338000000,1774316531349000000,0
jps.global.get.library.ms,1774316471338000000,1774316531349000000,0
workspaceModel.global.apply.state.to.project.builder.ms,1774316471338000000,1774316531349000000,0
workspaceModel.moduleManagerBridge.newModule.ms,1774316471338000000,1774316531349000000,0
workspaceModel.mutableEntityStorage.put.entity.ms,1774316471338000000,1774316531349000000,0
jps.reload.project.entities.ms,1774316471338000000,1774316531349000000,0
jps.apply.loaded.storage.ms,1774316471338000000,1774316531349000000,0
workspaceModel.moduleBridge.update.option.ms,1774316471338000000,1774316531349000000,0
jps.facet.change.listener.before.change.events.ms,1774316471338000000,1774316531349000000,0
workspaceModel.global.updates.ms,1774316471338000000,1774316531349000000,0
workspaceModel.moduleBridge.facet.initialization.ms,1774316471338000000,1774316531349000000,0
jps.artifact.entities.serializer.save.entities.ms,1774316471338000000,1774316531349000000,0
workspaceModel.delayed.project.synchronizer.sync.ms,1774316471338000000,1774316531349000000,0
workspaceModel.mutableEntityStorage.changeLog.addReplaceEventForNewParent.ms,1774316471338000000,1774316531349000000,0
workspaceModel.moduleManagerBridge.load.module.ms,1774316471338000000,1774316531349000000,0
jps.app.storage.content.reader.load.component.ms,1774316471338000000,1774316531349000000,0
jps.artifact.entities.serializer.load.entities.ms,1774316471338000000,1774316531349000000,0
workspaceModel.moduleBridgeLoader.loading.modules.ms,1774316471338000000,1774316531349000000,0
workspaceModel.global.updates.count,1774316471338000000,1774316531349000000,0
workspaceModel.orphan.listener.update.ms,1774316471338000000,1774316531349000000,0
workspaceModel.global.apply.state.to.project.ms,1774316471338000000,1774316531349000000,0
workspaceModel.mutableEntityStorage.has.same.entities.ms,1774316471338000000,1774316531349000000,0
workspaceModel.mutableEntityStorage.modify.entity.ms,1774316471338000000,1774316531349000000,0
workspaceModel.mutableEntityStorage.instances.count,1774316471338000000,1774316531349000000,0
jps.module.iml.entities.serializer.load.entities.ms,1774316471338000000,1774316531349000000,0
workspaceModel.mutableEntityStorage.mutable.ext.mapping.ms,1774316471338000000,1774316531349000000,0
workspaceModel.mutableEntityStorage.changeLog.addReplaceEventForRemovedChild.ms,1774316471338000000,1774316531349000000,0
workspaceModel.load.cache.metadata.from.file.ms,1774316471338000000,1774316531349000000,0
workspaceModel.moduleManagerBridge.create.module.instance.ms,1774316471338000000,1774316531349000000,0
workspaceModel.moduleManagerBridge.set.unloadedModules.ms,1774316471338000000,1774316531349000000,0
jps.library.entities.serializer.save.entities.ms,1774316471338000000,1774316531349000000,0
workspaceModel.do.save.caches.ms,1774316471338000000,1774316531349000000,0
jps.save.global.entities.ms,1774316471338000000,1774316531349000000,0
jps.global.initialize.library.bridges.ms,1774316471338000000,1774316531349000000,0
workspaceModel.mutableEntityStorage.collect.changes.ms,1774316471338000000,1774316531349000000,0
workspaceModel.mutableEntityStorage.resolve.ms,1774316471338000000,1774316531349000000,0
workspaceModel.moduleManagerBridge.get.modules.ms,1774316471338000000,1774316531349000000,0
workspaceModel.mutableEntityStorage.referrers.ms,1774316471338000000,1774316531349000000,0
jps.save.changed.project.entities.ms,1774316471338000000,1774316531349000000,0
workspaceModel.mutableEntityStorage.entities.by.source.ms,1774316471338000000,1774316531349000000,0
workspaceModel.mutableEntityStorage.apply.changes.from.ms,1774316471338000000,1774316531349000000,0
jps.module.dependency.index.workspace.model.listener.on.changed.ms,1774316471338000000,1774316531349000000,0
jps.project.serializers.save.ms,1774316471338000000,1774316531349000000,0
workspaceModel.mutableEntityStorage.changeLog.addReplaceEventForNewChild.ms,1774316471338000000,1774316531349000000,0
jps.facet.change.listener.init.bridge.ms,1774316471338000000,1774316531349000000,0
jps.load.initial.state.ms,1774316471338000000,1774316531349000000,0
cacheStateStorage.set.duration,1774316471338000000,1774316531349000000,0
cacheStateStorage.get.duration,1774316471338000000,1774316531349000000,0
cacheStateStorage.set.counter,1774316471338000000,1774316531349000000,0
cacheStateStorage.get.counter,1774316471338000000,1774316531349000000,0
AWTEventQueue.dispatchTimeTotalNS,1774316471338000000,1774316531349000000,68718035
FlushQueue.waitingTimeMaxNs,1774316471338000000,1774316531349000000,0
NonBlockingReadAction.failedExecutionsCount,1774316471338000000,1774316531349000000,0
AWTEventQueue.eventsDispatched,1774316471338000000,1774316531349000000,0
WriteAction.executionsCount,1774316471338000000,1774316531349000000,0
FlushQueue.executionTimeMaxNs,1774316471338000000,1774316531349000000,0
FlushQueue.executionTimeAvgNs,1774316471338000000,1774316531349000000,0.0
ReadAction.executionsCount,1774316471338000000,1774316531349000000,0
FlushQueue.queueSizeAvg,1774316471338000000,1774316531349000000,0.0
FlushQueue.tasksExecuted,1774316471338000000,1774316531349000000,0
NonBlockingReadAction.finalizedExecutionsCount,1774316471338000000,1774316531349000000,0
NonBlockingReadAction.finalizedExecutionTimeUs,1774316471338000000,1774316531349000000,0
AWTEventQueue.dispatchTime90PNs,1774316471338000000,1774316531349000000,0
AWTEventQueue.dispatchTimeAvgNs,1774316471338000000,1774316531349000000,0.0
FlushQueue.queueSizeMax,1774316471338000000,1774316531349000000,0
FlushQueue.executionTime90PNs,1774316471338000000,1774316531349000000,0
AWTEventQueue.dispatchTimeMaxNs,1774316471338000000,1774316531349000000,0
FlushQueue.queueSize90P,1774316471338000000,1774316531349000000,0
FlushQueue.waitingTime90PNs,1774316471338000000,1774316531349000000,0
FlushQueue.waitingTimeAvgNs,1774316471338000000,1774316531349000000,0.0
NonBlockingReadAction.failedExecutionTimeUs,1774316471338000000,1774316531349000000,0
JVM.totalTimeAtSafepointsMs,1774316471338000000,1774316531349000000,0
JVM.totalBytesAllocated,1774316471338000000,1774316531349000000,16833648
JVM.maxHeapBytes,1774316471338000000,1774316531349000000,2147483648
JVM.newThreadsCount,1774316471338000000,1774316531349000000,0
JVM.totalTimeToSafepointsMs,1774316471338000000,1774316531349000000,0
JVM.totalCpuTimeMs,1774316471338000000,1774316531349000000,1043
JVM.totalSafepointCount,1774316471338000000,1774316531349000000,1
JVM.totalDirectByteBuffersBytes,1774316471338000000,1774316531349000000,307312413
JVM.usedHeapBytes,1774316471338000000,1774316531349000000,555722512
JVM.GC.collections,1774316471338000000,1774316531349000000,0
JVM.threadCount,1774316471338000000,1774316531349000000,42
JVM.usedNativeBytes,1774316471338000000,1774316531349000000,453549648
JVM.maxThreadCount,1774316471338000000,1774316531349000000,125
OS.loadAverage,1774316471338000000,1774316531349000000,52.2939453125
JVM.GC.collectionTimesMs,1774316471338000000,1774316531349000000,0
writeAction.max.wait.ms,1774316471338000000,1774316531349000000,786
writeAction.count,1774316471338000000,1774316531349000000,0
DiskQueryRelay.taskWaitingTotalTimeUs,1774316471338000000,1774316531349000000,0
writeAction.wait.ms,1774316471338000000,1774316531349000000,0
writeAction.median.wait.ms,1774316471338000000,1774316531349000000,1200
DiskQueryRelay.tasksExecuted,1774316471338000000,1774316531349000000,0
DiskQueryRelay.tasksRequested,1774316471338000000,1774316531349000000,0
DiskQueryRelay.taskExecutionTotalTimeUs,1774316471338000000,1774316531349000000,0
Indexes.allKeys.lookups,1774316471338000000,1774316531349000000,0
IndexesFlusher.totalFlushesRetried,1774316471338000000,1774316531349000000,0
IndexesFlusher.totalFlushingTimeUs,1774316471338000000,1774316531349000000,335156
Indexes.allKeys.lookupDuration90PMs,1774316471338000000,1774316531349000000,0.0
Indexes.entries.lookupDuration90PMs,1774316471338000000,1774316531349000000,0.0
Indexing.writer_0.totalTimeSpentWritingMs,1774316471338000000,1774316531349000000,0
Indexing.cache.totalCacheAccesses,1774316471338000000,1774316531349000000,0
Indexes.allKeys.lookupDurationAvgMs,1774316471338000000,1774316531349000000,0.0
Indexing.cache.totalCacheMisses,1774316471338000000,1774316531349000000,0
Indexing.writesQueuedMax,1774316471338000000,1774316531349000000,0
Indexing.totalTimeIndexersSleptMs,1774316471338000000,1774316531349000000,0
Indexes.stubs.lookupDurationMaxMs,1774316471338000000,1774316531349000000,0.0
IndexesFlusher.totalFlushes,1774316471338000000,1774316531349000000,172
Indexing.cache.totalCacheEvicted,1774316471338000000,1774316531349000000,0
Indexes.allKeys.lookupDurationMaxMs,1774316471338000000,1774316531349000000,0.0
IndexesFlusher.totalContentionQuotaSpent,1774316471338000000,1774316531349000000,0
Indexing.writesQueuedMin,1774316471338000000,1774316531349000000,9223372036854775807
Indexing.writer_2.totalTimeSpentWritingMs,1774316471338000000,1774316531349000000,0
Indexes.stubs.lookupDuration90PMs,1774316471338000000,1774316531349000000,0.0
Indexes.stubs.lookups,1774316471338000000,1774316531349000000,0
Indexing.writer_1.totalTimeSpentWritingMs,1774316471338000000,1774316531349000000,0
Indexes.entries.lookupDurationMaxMs,1774316471338000000,1774316531349000000,0.0
Indexes.stubs.lookupDurationAvgMs,1774316471338000000,1774316531349000000,0.0
Indexing.writer_3.totalTimeSpentWritingMs,1774316471338000000,1774316531349000000,0
Indexes.entries.lookupDurationAvgMs,1774316471338000000,1774316531349000000,0.0
Indexes.entries.lookups,1774316471338000000,1774316531349000000,0
FilePageCacheLockFree.totalNativeBytesAllocated,1774316471338000000,1774316531349000000,0
DirectByteBufferAllocator.totalSizeOfBuffersAllocatedInBytes,1774316471338000000,1774316531349000000,305160192
FilePageCache.capacityInBytes,1774316471338000000,1774316531349000000,503316478
DirectByteBufferAllocator.totalSizeOfBuffersCachedInBytes,1774316471338000000,1774316531349000000,9437184
FilePageCacheLockFree.housekeeperTurnsDone,1774316471338000000,1774316531349000000,0
StreamlinedBlobStorage.totalLiveRecordsPayloadBytes,1774316471338000000,1774316531349000000,0
FileChannelInterruptsRetryer.totalRetriedAttempts,1774316471338000000,1774316531349000000,0
FilePageCache.uncachedFileAccess,1774316471338000000,1774316531349000000,0
StorageLockContext.competingThreads.max,1774316471338000000,1774316531349000000,0
DirectByteBufferAllocator.reclaimed,1774316471338000000,1774316531349000000,0
FilePageCache.pageLoadsAboveSizeThreshold,1774316471338000000,1774316531349000000,0
MappedFileStorage.storages,1774316471338000000,1774316531349000000,16
FilePageCacheLockFree.totalPagesAllocated,1774316471338000000,1774316531349000000,0
FilePageCacheLockFree.totalBytesWritten,1774316471338000000,1774316531349000000,0
FilePageCacheLockFree.totalPagesReclaimed,1774316471338000000,1774316531349000000,0
FilePageCache.disposedBuffers,1774316471338000000,1774316531349000000,0
FilePageCache.totalPageLoadsUs,1774316471338000000,1774316531349000000,0
StreamlinedBlobStorage.recordsRelocated,1774316471338000000,1774316531349000000,0
StreamlinedBlobStorage.recordsAllocated,1774316471338000000,1774316531349000000,0
FilePageCacheLockFree.housekeeperTurnsSkipped,1774316471338000000,1774316531349000000,0
FilePageCacheLockFree.totalPagesWriteMs,1774316471338000000,1774316531349000000,0
FilePageCacheLockFree.totalPagesRequested,1774316471338000000,1774316531349000000,0
FilePageCache.maxRegisteredFiles,1774316471338000000,1774316531349000000,547
FilePageCache.maxCacheSizeInBytes,1774316471338000000,1774316531349000000,305160192
FilePageCacheLockFree.totalPagesReadMs,1774316471338000000,1774316531349000000,0
FilePageCacheLockFree.totalBytesRequested,1774316471338000000,1774316531349000000,0
FilePageCacheLockFree.totalPageAllocationsWaited,1774316471338000000,1774316531349000000,0
DirectByteBufferAllocator.hits,1774316471338000000,1774316531349000000,0
FilePageCache.totalPageDisposalsUs,1774316471338000000,1774316531349000000,0
StorageLockContext.competingThreads.avg,1774316471338000000,1774316531349000000,0.0
FilePageCacheLockFree.totalPagesWritten,1774316471338000000,1774316531349000000,0
MappedFileStorage.totalBytesMapped,1774316471338000000,1774316531349000000,257163264
FilePageCacheLockFree.heapBytesInUse,1774316471338000000,1774316531349000000,0
MappedFileStorage.totalTimeSpentOnMappingUs,1774316471338000000,1774316531349000000,13885
FilePageCacheLockFree.nativeBytesInUse,1774316471338000000,1774316531349000000,0
DirectByteBufferAllocator.disposed,1774316471338000000,1774316531349000000,0
FilePageCacheLockFree.totalHeapBytesAllocated,1774316471338000000,1774316531349000000,0
StreamlinedBlobStorage.totalLiveRecordsCapacityBytes,1774316471338000000,1774316531349000000,0
MappedFileStorage.totalPagesMapped,1774316471338000000,1774316531349000000,22
FilePageCacheLockFree.totalPagesHandedOver,1774316471338000000,1774316531349000000,0
FilePageCacheLockFree.housekeeperTimeSpentMs,1774316471338000000,1774316531349000000,0
FilePageCacheLockFree.totalPagesRequestsMs,1774316471338000000,1774316531349000000,0
FilePageCacheLockFree.totalHeapBytesReclaimed,1774316471338000000,1774316531349000000,0
FilePageCache.pageLoads,1774316471338000000,1774316531349000000,0
FilePageCacheLockFree.totalBytesRead,1774316471338000000,1774316531349000000,0
FilePageCacheLockFree.totalNativeBytesReclaimed,1774316471338000000,1774316531349000000,0
DirectByteBufferAllocator.misses,1774316471338000000,1774316531349000000,0
FilePageCacheLockFree.totalClosedStoragesReclaimed,1774316471338000000,1774316531349000000,0
StreamlinedBlobStorage.recordsDeleted,1774316471338000000,1774316531349000000,0
StorageLockContext.competingThreads.90P,1774316471338000000,1774316531349000000,0
FilePageCache.pageHits,1774316471338000000,1774316531349000000,0
FilePageCache.pageFastCacheHits,1774316471338000000,1774316531349000000,0
compiler.ArtifactManagerBridge.initBridges.ms,1774316471338000000,1774316531349000000,0
compiler.ArtifactManagerBridge.commit.ms,1774316471338000000,1774316531349000000,0
compiler.ArtifactManagerBridge.getArtifactsByType.ms,1774316471338000000,1774316531349000000,0
compiler.ArtifactManagerBridge.getArtifacts.ms,1774316471338000000,1774316531349000000,0
compiler.ArtifactManagerBridge.dropMappings.ms,1774316471338000000,1774316531349000000,0
compiler.ArtifactVirtualFileListener.propertyChanged.ms,1774316471338000000,1774316531349000000,0
compiler.ArtifactManagerBridge.addArtifact.ms,1774316471338000000,1774316531349000000,0
compiler.ArtifactManagerBridge.findArtifact.ms,1774316471338000000,1774316531349000000,0
compiler.ArtifactVirtualFileListener.filePathChanged.ms,1774316471338000000,1774316531349000000,0
workspaceModel.workspaceFileIndexData.processFileSets.ms,1774316471338000000,1774316531349000000,0
workspaceModel.cachedValueWithParameters.calculated.count,1774316471338000000,1774316531349000000,0
workspaceModel.update.unloaded.entities.ms,1774316471338000000,1774316531349000000,0
workspaceModel.workspaceFileIndexData.instances.count,1774316471338000000,1774316531349000000,0
workspaceModel.cachedValueWithParameters.from.cache.count,1774316471338000000,1774316531349000000,0
workspaceModel.to.snapshot.ms,1774316471338000000,1774316531349000000,0
workspaceModel.workspaceFileIndexData.onEntitiesChanged.ms,1774316471338000000,1774316531349000000,0
workspaceModel.cachedValue.total.get.count,1774316471338000000,1774316531349000000,0
workspaceModel.on.changed.ms,1774316471338000000,1774316531349000000,0
workspaceModel.check.recursive.update.ms,1774316471338000000,1774316531349000000,0
workspaceModel.workspaceFileIndexData.markDirty.ms,1774316471338000000,1774316531349000000,0
workspaceModel.updates.ms,1774316471338000000,1774316531349000000,0
workspaceModel.workspaceFileIndexData.updateDirtyEntities.ms,1774316471338000000,1774316531349000000,0
workspaceModel.initializing.ms,1774316471338000000,1774316531349000000,0
workspaceModel.workspaceFileIndexData.visitFileSets.ms,1774316471338000000,1774316531349000000,0
workspaceModel.replace.project.model.ms,1774316471338000000,1774316531349000000,0
workspaceModel.cachedValueWithParameters.clear.count,1774316471338000000,1774316531349000000,0
workspaceModel.on.before.changed.ms,1774316471338000000,1774316531349000000,0
workspaceModel.init.bridges.ms,1774316471338000000,1774316531349000000,0
workspaceModel.collect.changes.ms,1774316471338000000,1774316531349000000,0
workspaceModel.updates.precise.ms,1774316471338000000,1774316531349000000,0
workspaceModel.cachedValue.clear.count,1774316471338000000,1774316531349000000,0
workspaceModel.workspaceFileIndexData.getFileInfo.ms,1774316471338000000,1774316531349000000,0
workspaceModel.workspaceFileIndexData.init.ms,1774316471338000000,1774316531349000000,0
workspaceModel.cachedValueWithParameters.total.get.count,1774316471338000000,1774316531349000000,0
workspaceModel.workspaceFileIndexContributor.registerFileSets.ms,1774316471338000000,1774316531349000000,0
workspaceModel.loading.from.cache.ms,1774316471338000000,1774316531349000000,0
workspaceModel.workspaceFileIndexData.getDirectoriesByPackageName.ms,1774316471338000000,1774316531349000000,0
workspaceModel.workspaceFileIndexData.getPackageName.ms,1774316471338000000,1774316531349000000,0
workspaceModel.loading.total.ms,1774316471338000000,1774316531349000000,0
workspaceModel.cachedValue.from.cache.count,1774316471338000000,1774316531349000000,0
workspaceModel.updates.count,1774316471338000000,1774316531349000000,0
workspaceModel.cachedValue.calculated.count,1774316471338000000,1774316531349000000,0
workspaceModel.entityStorageSnapshotImpl.instances.count,1774316471338000000,1774316531349000000,0
workspaceModel.full.replace.project.model.ms,1774316471338000000,1774316531349000000,0
workspaceModel.pre.handlers.ms,1774316471338000000,1774316531349000000,0
VFS.contentStorage.recordsStoredSize,1774316471338000000,1774316531349000000,0
VFS.contentStorage.recordsDeduplicated,1774316471338000000,1774316531349000000,0
VFS.fileByIdCache.hits,1774316471338000000,1774316531349000000,0
FileNameCache.queries,1774316471338000000,1774316531349000000,0
VFS.contentStorage.recordsReadSize,1774316471338000000,1774316531349000000,0
FileNameCache.totalMisses,1774316471338000000,1774316531349000000,0
VFS.invertedFileNameIndex.requests,1774316471338000000,1774316531349000000,0
VFS.contentStorage.recordsDecompressionTimeUs,1774316471338000000,1774316531349000000,0
VFS.contentStorage.recordsReadDecompressed,1774316471338000000,1774316531349000000,0
VFS.contentStorage.recordsStoredCompressed,1774316471338000000,1774316531349000000,0
VFS.fileByIdCache.misses,1774316471338000000,1774316531349000000,0
VFS.contentStorage.recordsUncompressedSize,1774316471338000000,1774316531349000000,0
VFS.fileChildByName,1774316471338000000,1774316531349000000,0
VFS.contentStorage.recordsStored,1774316471338000000,1774316531349000000,0
VFS.contentStorage.recordsRead,1774316471338000000,1774316531349000000,0
workspaceModel.moduleBridge.before.changed.ms,1774316531349000000,1774316591359000000,0
workspaceModel.moduleManagerBridge.new.nonPersistent.module.ms,1774316531349000000,1774316591359000000,0
workspaceModel.mutableEntityStorage.add.entity.ms,1774316531349000000,1774316591359000000,0
workspaceModel.moduleManagerBridge.load.all.modules.ms,1774316531349000000,1774316591359000000,0
jps.app.storage.content.writer.save.component.ms,1774316531349000000,1774316591359000000,0
jps.global.handle.before.change.events.ms,1774316531349000000,1774316591359000000,0
workspaceModel.moduleManagerBridge.build.module.graph.ms,1774316531349000000,1774316591359000000,0
workspaceModel.mutableEntityStorage.to.snapshot.ms,1774316531349000000,1774316591359000000,0
jps.module.iml.entities.serializer.save.entities.ms,1774316531349000000,1774316591359000000,0
workspaceModel.mutableEntityStorage.remove.entity.ms,1774316531349000000,1774316591359000000,0
jps.library.entities.serializer.load.entities.ms,1774316531349000000,1774316591359000000,0
workspaceModel.mutableEntityStorage.entities.ms,1774316531349000000,1774316591359000000,0
workspaceModel.save.cache.to.file.ms,1774316531349000000,1774316591359000000,0
jps.global.handle.changed.events.ms,1774316531349000000,1774316591359000000,0
jps.facet.change.listener.process.change.events.ms,1774316531349000000,1774316591359000000,0
jps.global.get.library.by.name.ms,1774316531349000000,1774316591359000000,0
workspaceModel.mutableEntityStorage.changeLog.addReplaceEventForRemovedParent.ms,1774316531349000000,1774316591359000000,0
workspaceModel.mutableEntityStorage.replace.by.source.ms,1774316531349000000,1774316591359000000,0
jps.project.serializers.load.ms,1774316531349000000,1774316591359000000,0
jps.global.get.libraries.ms,1774316531349000000,1774316591359000000,0
jps.load.project.to.empty.storage.ms,1774316531349000000,1774316591359000000,0
workspaceModel.mutableEntityStorage.mutable.vfurl.index.ms,1774316531349000000,1774316591359000000,0
workspaceModel.load.cache.from.file.ms,1774316531349000000,1774316591359000000,0
jps.storage.jps.conf.reader.load.component.ms,1774316531349000000,1774316591359000000,0
jps.global.initialize.library.bridges.after.loading.ms,1774316531349000000,1774316591359000000,0
workspaceModel.sync.entities.ms,1774316531349000000,1774316591359000000,0
jps.global.get.library.ms,1774316531349000000,1774316591359000000,0
workspaceModel.global.apply.state.to.project.builder.ms,1774316531349000000,1774316591359000000,0
workspaceModel.moduleManagerBridge.newModule.ms,1774316531349000000,1774316591359000000,0
workspaceModel.mutableEntityStorage.put.entity.ms,1774316531349000000,1774316591359000000,0
jps.reload.project.entities.ms,1774316531349000000,1774316591359000000,0
jps.apply.loaded.storage.ms,1774316531349000000,1774316591359000000,0
workspaceModel.moduleBridge.update.option.ms,1774316531349000000,1774316591359000000,0
jps.facet.change.listener.before.change.events.ms,1774316531349000000,1774316591359000000,0
workspaceModel.global.updates.ms,1774316531349000000,1774316591359000000,0
workspaceModel.moduleBridge.facet.initialization.ms,1774316531349000000,1774316591359000000,0
jps.artifact.entities.serializer.save.entities.ms,1774316531349000000,1774316591359000000,0
workspaceModel.delayed.project.synchronizer.sync.ms,1774316531349000000,1774316591359000000,0
workspaceModel.mutableEntityStorage.changeLog.addReplaceEventForNewParent.ms,1774316531349000000,1774316591359000000,0
workspaceModel.moduleManagerBridge.load.module.ms,1774316531349000000,1774316591359000000,0
jps.app.storage.content.reader.load.component.ms,1774316531349000000,1774316591359000000,0
jps.artifact.entities.serializer.load.entities.ms,1774316531349000000,1774316591359000000,0
workspaceModel.moduleBridgeLoader.loading.modules.ms,1774316531349000000,1774316591359000000,0
workspaceModel.global.updates.count,1774316531349000000,1774316591359000000,0
workspaceModel.orphan.listener.update.ms,1774316531349000000,1774316591359000000,0
workspaceModel.global.apply.state.to.project.ms,1774316531349000000,1774316591359000000,0
workspaceModel.mutableEntityStorage.has.same.entities.ms,1774316531349000000,1774316591359000000,0
workspaceModel.mutableEntityStorage.modify.entity.ms,1774316531349000000,1774316591359000000,0
workspaceModel.mutableEntityStorage.instances.count,1774316531349000000,1774316591359000000,0
jps.module.iml.entities.serializer.load.entities.ms,1774316531349000000,1774316591359000000,0
workspaceModel.mutableEntityStorage.mutable.ext.mapping.ms,1774316531349000000,1774316591359000000,0
workspaceModel.mutableEntityStorage.changeLog.addReplaceEventForRemovedChild.ms,1774316531349000000,1774316591359000000,0
workspaceModel.load.cache.metadata.from.file.ms,1774316531349000000,1774316591359000000,0
workspaceModel.moduleManagerBridge.create.module.instance.ms,1774316531349000000,1774316591359000000,0
workspaceModel.moduleManagerBridge.set.unloadedModules.ms,1774316531349000000,1774316591359000000,0
jps.library.entities.serializer.save.entities.ms,1774316531349000000,1774316591359000000,0
workspaceModel.do.save.caches.ms,1774316531349000000,1774316591359000000,0
jps.save.global.entities.ms,1774316531349000000,1774316591359000000,0
jps.global.initialize.library.bridges.ms,1774316531349000000,1774316591359000000,0
workspaceModel.mutableEntityStorage.collect.changes.ms,1774316531349000000,1774316591359000000,0
workspaceModel.mutableEntityStorage.resolve.ms,1774316531349000000,1774316591359000000,0
workspaceModel.moduleManagerBridge.get.modules.ms,1774316531349000000,1774316591359000000,0
workspaceModel.mutableEntityStorage.referrers.ms,1774316531349000000,1774316591359000000,0
jps.save.changed.project.entities.ms,1774316531349000000,1774316591359000000,0
workspaceModel.mutableEntityStorage.entities.by.source.ms,1774316531349000000,1774316591359000000,0
workspaceModel.mutableEntityStorage.apply.changes.from.ms,1774316531349000000,1774316591359000000,0
jps.module.dependency.index.workspace.model.listener.on.changed.ms,1774316531349000000,1774316591359000000,0
jps.project.serializers.save.ms,1774316531349000000,1774316591359000000,0
workspaceModel.mutableEntityStorage.changeLog.addReplaceEventForNewChild.ms,1774316531349000000,1774316591359000000,0
jps.facet.change.listener.init.bridge.ms,1774316531349000000,1774316591359000000,0
jps.load.initial.state.ms,1774316531349000000,1774316591359000000,0
cacheStateStorage.set.duration,1774316531349000000,1774316591359000000,0
cacheStateStorage.get.duration,1774316531349000000,1774316591359000000,0
cacheStateStorage.set.counter,1774316531349000000,1774316591359000000,0
cacheStateStorage.get.counter,1774316531349000000,1774316591359000000,0
AWTEventQueue.dispatchTimeTotalNS,1774316531349000000,1774316591359000000,63204000
FlushQueue.waitingTimeMaxNs,1774316531349000000,1774316591359000000,0
NonBlockingReadAction.failedExecutionsCount,1774316531349000000,1774316591359000000,0
AWTEventQueue.eventsDispatched,1774316531349000000,1774316591359000000,0
WriteAction.executionsCount,1774316531349000000,1774316591359000000,0
FlushQueue.executionTimeMaxNs,1774316531349000000,1774316591359000000,0
FlushQueue.executionTimeAvgNs,1774316531349000000,1774316591359000000,0.0
ReadAction.executionsCount,1774316531349000000,1774316591359000000,0
FlushQueue.queueSizeAvg,1774316531349000000,1774316591359000000,0.0
FlushQueue.tasksExecuted,1774316531349000000,1774316591359000000,0
NonBlockingReadAction.finalizedExecutionsCount,1774316531349000000,1774316591359000000,0
NonBlockingReadAction.finalizedExecutionTimeUs,1774316531349000000,1774316591359000000,0
AWTEventQueue.dispatchTime90PNs,1774316531349000000,1774316591359000000,0
AWTEventQueue.dispatchTimeAvgNs,1774316531349000000,1774316591359000000,0.0
FlushQueue.queueSizeMax,1774316531349000000,1774316591359000000,0
FlushQueue.executionTime90PNs,1774316531349000000,1774316591359000000,0
AWTEventQueue.dispatchTimeMaxNs,1774316531349000000,1774316591359000000,0
FlushQueue.queueSize90P,1774316531349000000,1774316591359000000,0
FlushQueue.waitingTime90PNs,1774316531349000000,1774316591359000000,0
FlushQueue.waitingTimeAvgNs,1774316531349000000,1774316591359000000,0.0
NonBlockingReadAction.failedExecutionTimeUs,1774316531349000000,1774316591359000000,0
JVM.totalTimeAtSafepointsMs,1774316531349000000,1774316591359000000,0
JVM.totalBytesAllocated,1774316531349000000,1774316591359000000,16926192
JVM.maxHeapBytes,1774316531349000000,1774316591359000000,2147483648
JVM.newThreadsCount,1774316531349000000,1774316591359000000,0
JVM.totalTimeToSafepointsMs,1774316531349000000,1774316591359000000,1
JVM.totalCpuTimeMs,1774316531349000000,1774316591359000000,1135
JVM.totalSafepointCount,1774316531349000000,1774316591359000000,5
JVM.totalDirectByteBuffersBytes,1774316531349000000,1774316591359000000,307312413
JVM.usedHeapBytes,1774316531349000000,1774316591359000000,572499728
JVM.GC.collections,1774316531349000000,1774316591359000000,0
JVM.threadCount,1774316531349000000,1774316591359000000,42
JVM.usedNativeBytes,1774316531349000000,1774316591359000000,453739560
JVM.maxThreadCount,1774316531349000000,1774316591359000000,125
OS.loadAverage,1774316531349000000,1774316591359000000,41.72802734375
JVM.GC.collectionTimesMs,1774316531349000000,1774316591359000000,0
writeAction.max.wait.ms,1774316531349000000,1774316591359000000,786
writeAction.count,1774316531349000000,1774316591359000000,0
DiskQueryRelay.taskWaitingTotalTimeUs,1774316531349000000,1774316591359000000,0
writeAction.wait.ms,1774316531349000000,1774316591359000000,0
writeAction.median.wait.ms,1774316531349000000,1774316591359000000,1200
DiskQueryRelay.tasksExecuted,1774316531349000000,1774316591359000000,0
DiskQueryRelay.tasksRequested,1774316531349000000,1774316591359000000,0
DiskQueryRelay.taskExecutionTotalTimeUs,1774316531349000000,1774316591359000000,0
Indexes.allKeys.lookups,1774316531349000000,1774316591359000000,0
IndexesFlusher.totalFlushesRetried,1774316531349000000,1774316591359000000,0
IndexesFlusher.totalFlushingTimeUs,1774316531349000000,1774316591359000000,283869
Indexes.allKeys.lookupDuration90PMs,1774316531349000000,1774316591359000000,0.0
Indexes.entries.lookupDuration90PMs,1774316531349000000,1774316591359000000,0.0
Indexing.writer_0.totalTimeSpentWritingMs,1774316531349000000,1774316591359000000,0
Indexing.cache.totalCacheAccesses,1774316531349000000,1774316591359000000,0
Indexes.allKeys.lookupDurationAvgMs,1774316531349000000,1774316591359000000,0.0
Indexing.cache.totalCacheMisses,1774316531349000000,1774316591359000000,0
Indexing.writesQueuedMax,1774316531349000000,1774316591359000000,0
Indexing.totalTimeIndexersSleptMs,1774316531349000000,1774316591359000000,0
Indexes.stubs.lookupDurationMaxMs,1774316531349000000,1774316591359000000,0.0
IndexesFlusher.totalFlushes,1774316531349000000,1774316591359000000,174
Indexing.cache.totalCacheEvicted,1774316531349000000,1774316591359000000,0
Indexes.allKeys.lookupDurationMaxMs,1774316531349000000,1774316591359000000,0.0
IndexesFlusher.totalContentionQuotaSpent,1774316531349000000,1774316591359000000,0
Indexing.writesQueuedMin,1774316531349000000,1774316591359000000,9223372036854775807
Indexing.writer_2.totalTimeSpentWritingMs,1774316531349000000,1774316591359000000,0
Indexes.stubs.lookupDuration90PMs,1774316531349000000,1774316591359000000,0.0
Indexes.stubs.lookups,1774316531349000000,1774316591359000000,0
Indexing.writer_1.totalTimeSpentWritingMs,1774316531349000000,1774316591359000000,0
Indexes.entries.lookupDurationMaxMs,1774316531349000000,1774316591359000000,0.0
Indexes.stubs.lookupDurationAvgMs,1774316531349000000,1774316591359000000,0.0
Indexing.writer_3.totalTimeSpentWritingMs,1774316531349000000,1774316591359000000,0
Indexes.entries.lookupDurationAvgMs,1774316531349000000,1774316591359000000,0.0
Indexes.entries.lookups,1774316531349000000,1774316591359000000,0
FilePageCacheLockFree.totalNativeBytesAllocated,1774316531349000000,1774316591359000000,0
DirectByteBufferAllocator.totalSizeOfBuffersAllocatedInBytes,1774316531349000000,1774316591359000000,305160192
FilePageCache.capacityInBytes,1774316531349000000,1774316591359000000,503316478
DirectByteBufferAllocator.totalSizeOfBuffersCachedInBytes,1774316531349000000,1774316591359000000,9437184
FilePageCacheLockFree.housekeeperTurnsDone,1774316531349000000,1774316591359000000,0
StreamlinedBlobStorage.totalLiveRecordsPayloadBytes,1774316531349000000,1774316591359000000,0
FileChannelInterruptsRetryer.totalRetriedAttempts,1774316531349000000,1774316591359000000,0
FilePageCache.uncachedFileAccess,1774316531349000000,1774316591359000000,0
StorageLockContext.competingThreads.max,1774316531349000000,1774316591359000000,0
DirectByteBufferAllocator.reclaimed,1774316531349000000,1774316591359000000,0
FilePageCache.pageLoadsAboveSizeThreshold,1774316531349000000,1774316591359000000,0
MappedFileStorage.storages,1774316531349000000,1774316591359000000,16
FilePageCacheLockFree.totalPagesAllocated,1774316531349000000,1774316591359000000,0
FilePageCacheLockFree.totalBytesWritten,1774316531349000000,1774316591359000000,0
FilePageCacheLockFree.totalPagesReclaimed,1774316531349000000,1774316591359000000,0
FilePageCache.disposedBuffers,1774316531349000000,1774316591359000000,0
FilePageCache.totalPageLoadsUs,1774316531349000000,1774316591359000000,0
StreamlinedBlobStorage.recordsRelocated,1774316531349000000,1774316591359000000,0
StreamlinedBlobStorage.recordsAllocated,1774316531349000000,1774316591359000000,0
FilePageCacheLockFree.housekeeperTurnsSkipped,1774316531349000000,1774316591359000000,0
FilePageCacheLockFree.totalPagesWriteMs,1774316531349000000,1774316591359000000,0
FilePageCacheLockFree.totalPagesRequested,1774316531349000000,1774316591359000000,0
FilePageCache.maxRegisteredFiles,1774316531349000000,1774316591359000000,547
FilePageCache.maxCacheSizeInBytes,1774316531349000000,1774316591359000000,305160192
FilePageCacheLockFree.totalPagesReadMs,1774316531349000000,1774316591359000000,0
FilePageCacheLockFree.totalBytesRequested,1774316531349000000,1774316591359000000,0
FilePageCacheLockFree.totalPageAllocationsWaited,1774316531349000000,1774316591359000000,0
DirectByteBufferAllocator.hits,1774316531349000000,1774316591359000000,0
FilePageCache.totalPageDisposalsUs,1774316531349000000,1774316591359000000,0
StorageLockContext.competingThreads.avg,1774316531349000000,1774316591359000000,0.0
FilePageCacheLockFree.totalPagesWritten,1774316531349000000,1774316591359000000,0
MappedFileStorage.totalBytesMapped,1774316531349000000,1774316591359000000,257163264
FilePageCacheLockFree.heapBytesInUse,1774316531349000000,1774316591359000000,0
MappedFileStorage.totalTimeSpentOnMappingUs,1774316531349000000,1774316591359000000,13885
FilePageCacheLockFree.nativeBytesInUse,1774316531349000000,1774316591359000000,0
DirectByteBufferAllocator.disposed,1774316531349000000,1774316591359000000,0
FilePageCacheLockFree.totalHeapBytesAllocated,1774316531349000000,1774316591359000000,0
StreamlinedBlobStorage.totalLiveRecordsCapacityBytes,1774316531349000000,1774316591359000000,0
MappedFileStorage.totalPagesMapped,1774316531349000000,1774316591359000000,22
FilePageCacheLockFree.totalPagesHandedOver,1774316531349000000,1774316591359000000,0
FilePageCacheLockFree.housekeeperTimeSpentMs,1774316531349000000,1774316591359000000,0
FilePageCacheLockFree.totalPagesRequestsMs,1774316531349000000,1774316591359000000,0
FilePageCacheLockFree.totalHeapBytesReclaimed,1774316531349000000,1774316591359000000,0
FilePageCache.pageLoads,1774316531349000000,1774316591359000000,0
FilePageCacheLockFree.totalBytesRead,1774316531349000000,1774316591359000000,0
FilePageCacheLockFree.totalNativeBytesReclaimed,1774316531349000000,1774316591359000000,0
DirectByteBufferAllocator.misses,1774316531349000000,1774316591359000000,0
FilePageCacheLockFree.totalClosedStoragesReclaimed,1774316531349000000,1774316591359000000,0
StreamlinedBlobStorage.recordsDeleted,1774316531349000000,1774316591359000000,0
StorageLockContext.competingThreads.90P,1774316531349000000,1774316591359000000,0
FilePageCache.pageHits,1774316531349000000,1774316591359000000,0
FilePageCache.pageFastCacheHits,1774316531349000000,1774316591359000000,0
compiler.ArtifactManagerBridge.initBridges.ms,1774316531349000000,1774316591359000000,0
compiler.ArtifactManagerBridge.commit.ms,1774316531349000000,1774316591359000000,0
compiler.ArtifactManagerBridge.getArtifactsByType.ms,1774316531349000000,1774316591359000000,0
compiler.ArtifactManagerBridge.getArtifacts.ms,1774316531349000000,1774316591359000000,0
compiler.ArtifactManagerBridge.dropMappings.ms,1774316531349000000,1774316591359000000,0
compiler.ArtifactVirtualFileListener.propertyChanged.ms,1774316531349000000,1774316591359000000,0
compiler.ArtifactManagerBridge.addArtifact.ms,1774316531349000000,1774316591359000000,0
compiler.ArtifactManagerBridge.findArtifact.ms,1774316531349000000,1774316591359000000,0
compiler.ArtifactVirtualFileListener.filePathChanged.ms,1774316531349000000,1774316591359000000,0
workspaceModel.workspaceFileIndexData.processFileSets.ms,1774316531349000000,1774316591359000000,0
workspaceModel.cachedValueWithParameters.calculated.count,1774316531349000000,1774316591359000000,0
workspaceModel.update.unloaded.entities.ms,1774316531349000000,1774316591359000000,0
workspaceModel.workspaceFileIndexData.instances.count,1774316531349000000,1774316591359000000,0
workspaceModel.cachedValueWithParameters.from.cache.count,1774316531349000000,1774316591359000000,0
workspaceModel.to.snapshot.ms,1774316531349000000,1774316591359000000,0
workspaceModel.workspaceFileIndexData.onEntitiesChanged.ms,1774316531349000000,1774316591359000000,0
workspaceModel.cachedValue.total.get.count,1774316531349000000,1774316591359000000,0
workspaceModel.on.changed.ms,1774316531349000000,1774316591359000000,0
workspaceModel.check.recursive.update.ms,1774316531349000000,1774316591359000000,0
workspaceModel.workspaceFileIndexData.markDirty.ms,1774316531349000000,1774316591359000000,0
workspaceModel.updates.ms,1774316531349000000,1774316591359000000,0
workspaceModel.workspaceFileIndexData.updateDirtyEntities.ms,1774316531349000000,1774316591359000000,0
workspaceModel.initializing.ms,1774316531349000000,1774316591359000000,0
workspaceModel.workspaceFileIndexData.visitFileSets.ms,1774316531349000000,1774316591359000000,0
workspaceModel.replace.project.model.ms,1774316531349000000,1774316591359000000,0
workspaceModel.cachedValueWithParameters.clear.count,1774316531349000000,1774316591359000000,0
workspaceModel.on.before.changed.ms,1774316531349000000,1774316591359000000,0
workspaceModel.init.bridges.ms,1774316531349000000,1774316591359000000,0
workspaceModel.collect.changes.ms,1774316531349000000,1774316591359000000,0
workspaceModel.updates.precise.ms,1774316531349000000,1774316591359000000,0
workspaceModel.cachedValue.clear.count,1774316531349000000,1774316591359000000,0
workspaceModel.workspaceFileIndexData.getFileInfo.ms,1774316531349000000,1774316591359000000,0
workspaceModel.workspaceFileIndexData.init.ms,1774316531349000000,1774316591359000000,0
workspaceModel.cachedValueWithParameters.total.get.count,1774316531349000000,1774316591359000000,0
workspaceModel.workspaceFileIndexContributor.registerFileSets.ms,1774316531349000000,1774316591359000000,0
workspaceModel.loading.from.cache.ms,1774316531349000000,1774316591359000000,0
workspaceModel.workspaceFileIndexData.getDirectoriesByPackageName.ms,1774316531349000000,1774316591359000000,0
workspaceModel.workspaceFileIndexData.getPackageName.ms,1774316531349000000,1774316591359000000,0
workspaceModel.loading.total.ms,1774316531349000000,1774316591359000000,0
workspaceModel.cachedValue.from.cache.count,1774316531349000000,1774316591359000000,0
workspaceModel.updates.count,1774316531349000000,1774316591359000000,0
workspaceModel.cachedValue.calculated.count,1774316531349000000,1774316591359000000,0
workspaceModel.entityStorageSnapshotImpl.instances.count,1774316531349000000,1774316591359000000,0
workspaceModel.full.replace.project.model.ms,1774316531349000000,1774316591359000000,0
workspaceModel.pre.handlers.ms,1774316531349000000,1774316591359000000,0
VFS.contentStorage.recordsStoredSize,1774316531349000000,1774316591359000000,0
VFS.contentStorage.recordsDeduplicated,1774316531349000000,1774316591359000000,0
VFS.fileByIdCache.hits,1774316531349000000,1774316591359000000,0
FileNameCache.queries,1774316531349000000,1774316591359000000,0
VFS.contentStorage.recordsReadSize,1774316531349000000,1774316591359000000,0
FileNameCache.totalMisses,1774316531349000000,1774316591359000000,0
VFS.invertedFileNameIndex.requests,1774316531349000000,1774316591359000000,0
VFS.contentStorage.recordsDecompressionTimeUs,1774316531349000000,1774316591359000000,0
VFS.contentStorage.recordsReadDecompressed,1774316531349000000,1774316591359000000,0
VFS.contentStorage.recordsStoredCompressed,1774316531349000000,1774316591359000000,0
VFS.fileByIdCache.misses,1774316531349000000,1774316591359000000,0
VFS.contentStorage.recordsUncompressedSize,1774316531349000000,1774316591359000000,0
VFS.fileChildByName,1774316531349000000,1774316591359000000,0
VFS.contentStorage.recordsStored,1774316531349000000,1774316591359000000,0
VFS.contentStorage.recordsRead,1774316531349000000,1774316591359000000,0
workspaceModel.moduleBridge.before.changed.ms,1774316591359000000,1774316651347000000,0
workspaceModel.moduleManagerBridge.new.nonPersistent.module.ms,1774316591359000000,1774316651347000000,0
workspaceModel.mutableEntityStorage.add.entity.ms,1774316591359000000,1774316651347000000,0
workspaceModel.moduleManagerBridge.load.all.modules.ms,1774316591359000000,1774316651347000000,0
jps.app.storage.content.writer.save.component.ms,1774316591359000000,1774316651347000000,0
jps.global.handle.before.change.events.ms,1774316591359000000,1774316651347000000,0
workspaceModel.moduleManagerBridge.build.module.graph.ms,1774316591359000000,1774316651347000000,0
workspaceModel.mutableEntityStorage.to.snapshot.ms,1774316591359000000,1774316651347000000,0
jps.module.iml.entities.serializer.save.entities.ms,1774316591359000000,1774316651347000000,0
workspaceModel.mutableEntityStorage.remove.entity.ms,1774316591359000000,1774316651347000000,0
jps.library.entities.serializer.load.entities.ms,1774316591359000000,1774316651347000000,0
workspaceModel.mutableEntityStorage.entities.ms,1774316591359000000,1774316651347000000,0
workspaceModel.save.cache.to.file.ms,1774316591359000000,1774316651347000000,0
jps.global.handle.changed.events.ms,1774316591359000000,1774316651347000000,0
jps.facet.change.listener.process.change.events.ms,1774316591359000000,1774316651347000000,0
jps.global.get.library.by.name.ms,1774316591359000000,1774316651347000000,0
workspaceModel.mutableEntityStorage.changeLog.addReplaceEventForRemovedParent.ms,1774316591359000000,1774316651347000000,0
workspaceModel.mutableEntityStorage.replace.by.source.ms,1774316591359000000,1774316651347000000,0
jps.project.serializers.load.ms,1774316591359000000,1774316651347000000,0
jps.global.get.libraries.ms,1774316591359000000,1774316651347000000,0
jps.load.project.to.empty.storage.ms,1774316591359000000,1774316651347000000,0
workspaceModel.mutableEntityStorage.mutable.vfurl.index.ms,1774316591359000000,1774316651347000000,0
workspaceModel.load.cache.from.file.ms,1774316591359000000,1774316651347000000,0
jps.storage.jps.conf.reader.load.component.ms,1774316591359000000,1774316651347000000,0
jps.global.initialize.library.bridges.after.loading.ms,1774316591359000000,1774316651347000000,0
workspaceModel.sync.entities.ms,1774316591359000000,1774316651347000000,0
jps.global.get.library.ms,1774316591359000000,1774316651347000000,0
workspaceModel.global.apply.state.to.project.builder.ms,1774316591359000000,1774316651347000000,0
workspaceModel.moduleManagerBridge.newModule.ms,1774316591359000000,1774316651347000000,0
workspaceModel.mutableEntityStorage.put.entity.ms,1774316591359000000,1774316651347000000,0
jps.reload.project.entities.ms,1774316591359000000,1774316651347000000,0
jps.apply.loaded.storage.ms,1774316591359000000,1774316651347000000,0
workspaceModel.moduleBridge.update.option.ms,1774316591359000000,1774316651347000000,0
jps.facet.change.listener.before.change.events.ms,1774316591359000000,1774316651347000000,0
workspaceModel.global.updates.ms,1774316591359000000,1774316651347000000,0
workspaceModel.moduleBridge.facet.initialization.ms,1774316591359000000,1774316651347000000,0
jps.artifact.entities.serializer.save.entities.ms,1774316591359000000,1774316651347000000,0
workspaceModel.delayed.project.synchronizer.sync.ms,1774316591359000000,1774316651347000000,0
workspaceModel.mutableEntityStorage.changeLog.addReplaceEventForNewParent.ms,1774316591359000000,1774316651347000000,0
workspaceModel.moduleManagerBridge.load.module.ms,1774316591359000000,1774316651347000000,0
jps.app.storage.content.reader.load.component.ms,1774316591359000000,1774316651347000000,0
jps.artifact.entities.serializer.load.entities.ms,1774316591359000000,1774316651347000000,0
workspaceModel.moduleBridgeLoader.loading.modules.ms,1774316591359000000,1774316651347000000,0
workspaceModel.global.updates.count,1774316591359000000,1774316651347000000,0
workspaceModel.orphan.listener.update.ms,1774316591359000000,1774316651347000000,0
workspaceModel.global.apply.state.to.project.ms,1774316591359000000,1774316651347000000,0
workspaceModel.mutableEntityStorage.has.same.entities.ms,1774316591359000000,1774316651347000000,0
workspaceModel.mutableEntityStorage.modify.entity.ms,1774316591359000000,1774316651347000000,0
workspaceModel.mutableEntityStorage.instances.count,1774316591359000000,1774316651347000000,0
jps.module.iml.entities.serializer.load.entities.ms,1774316591359000000,1774316651347000000,0
workspaceModel.mutableEntityStorage.mutable.ext.mapping.ms,1774316591359000000,1774316651347000000,0
workspaceModel.mutableEntityStorage.changeLog.addReplaceEventForRemovedChild.ms,1774316591359000000,1774316651347000000,0
workspaceModel.load.cache.metadata.from.file.ms,1774316591359000000,1774316651347000000,0
workspaceModel.moduleManagerBridge.create.module.instance.ms,1774316591359000000,1774316651347000000,0
workspaceModel.moduleManagerBridge.set.unloadedModules.ms,1774316591359000000,1774316651347000000,0
jps.library.entities.serializer.save.entities.ms,1774316591359000000,1774316651347000000,0
workspaceModel.do.save.caches.ms,1774316591359000000,1774316651347000000,0
jps.save.global.entities.ms,1774316591359000000,1774316651347000000,0
jps.global.initialize.library.bridges.ms,1774316591359000000,1774316651347000000,0
workspaceModel.mutableEntityStorage.collect.changes.ms,1774316591359000000,1774316651347000000,0
workspaceModel.mutableEntityStorage.resolve.ms,1774316591359000000,1774316651347000000,0
workspaceModel.moduleManagerBridge.get.modules.ms,1774316591359000000,1774316651347000000,0
workspaceModel.mutableEntityStorage.referrers.ms,1774316591359000000,1774316651347000000,0
jps.save.changed.project.entities.ms,1774316591359000000,1774316651347000000,0
workspaceModel.mutableEntityStorage.entities.by.source.ms,1774316591359000000,1774316651347000000,0
workspaceModel.mutableEntityStorage.apply.changes.from.ms,1774316591359000000,1774316651347000000,0
jps.module.dependency.index.workspace.model.listener.on.changed.ms,1774316591359000000,1774316651347000000,0
jps.project.serializers.save.ms,1774316591359000000,1774316651347000000,0
workspaceModel.mutableEntityStorage.changeLog.addReplaceEventForNewChild.ms,1774316591359000000,1774316651347000000,0
jps.facet.change.listener.init.bridge.ms,1774316591359000000,1774316651347000000,0
jps.load.initial.state.ms,1774316591359000000,1774316651347000000,0
cacheStateStorage.set.duration,1774316591359000000,1774316651347000000,0
cacheStateStorage.get.duration,1774316591359000000,1774316651347000000,0
cacheStateStorage.set.counter,1774316591359000000,1774316651347000000,0
cacheStateStorage.get.counter,1774316591359000000,1774316651347000000,0
AWTEventQueue.dispatchTimeTotalNS,1774316591359000000,1774316651347000000,70685182
FlushQueue.waitingTimeMaxNs,1774316591359000000,1774316651347000000,0
NonBlockingReadAction.failedExecutionsCount,1774316591359000000,1774316651347000000,0
AWTEventQueue.eventsDispatched,1774316591359000000,1774316651347000000,0
WriteAction.executionsCount,1774316591359000000,1774316651347000000,0
FlushQueue.executionTimeMaxNs,1774316591359000000,1774316651347000000,0
FlushQueue.executionTimeAvgNs,1774316591359000000,1774316651347000000,0.0
ReadAction.executionsCount,1774316591359000000,1774316651347000000,0
FlushQueue.queueSizeAvg,1774316591359000000,1774316651347000000,0.0
FlushQueue.tasksExecuted,1774316591359000000,1774316651347000000,0
NonBlockingReadAction.finalizedExecutionsCount,1774316591359000000,1774316651347000000,0
NonBlockingReadAction.finalizedExecutionTimeUs,1774316591359000000,1774316651347000000,0
AWTEventQueue.dispatchTime90PNs,1774316591359000000,1774316651347000000,0
AWTEventQueue.dispatchTimeAvgNs,1774316591359000000,1774316651347000000,0.0
FlushQueue.queueSizeMax,1774316591359000000,1774316651347000000,0
FlushQueue.executionTime90PNs,1774316591359000000,1774316651347000000,0
AWTEventQueue.dispatchTimeMaxNs,1774316591359000000,1774316651347000000,0
FlushQueue.queueSize90P,1774316591359000000,1774316651347000000,0
FlushQueue.waitingTime90PNs,1774316591359000000,1774316651347000000,0
FlushQueue.waitingTimeAvgNs,1774316591359000000,1774316651347000000,0.0
NonBlockingReadAction.failedExecutionTimeUs,1774316591359000000,1774316651347000000,0
JVM.totalTimeAtSafepointsMs,1774316591359000000,1774316651347000000,0
JVM.totalBytesAllocated,1774316591359000000,1774316651347000000,17013752
JVM.maxHeapBytes,1774316591359000000,1774316651347000000,2147483648
JVM.newThreadsCount,1774316591359000000,1774316651347000000,0
JVM.totalTimeToSafepointsMs,1774316591359000000,1774316651347000000,0
JVM.totalCpuTimeMs,1774316591359000000,1774316651347000000,963
JVM.totalSafepointCount,1774316591359000000,1774316651347000000,1
JVM.totalDirectByteBuffersBytes,1774316591359000000,1774316651347000000,307312413
JVM.usedHeapBytes,1774316591359000000,1774316651347000000,590325520
JVM.GC.collections,1774316591359000000,1774316651347000000,0
JVM.threadCount,1774316591359000000,1774316651347000000,42
JVM.usedNativeBytes,1774316591359000000,1774316651347000000,453849344
JVM.maxThreadCount,1774316591359000000,1774316651347000000,125
OS.loadAverage,1774316591359000000,1774316651347000000,46.173828125
JVM.GC.collectionTimesMs,1774316591359000000,1774316651347000000,0
writeAction.max.wait.ms,1774316591359000000,1774316651347000000,786
writeAction.count,1774316591359000000,1774316651347000000,0
DiskQueryRelay.taskWaitingTotalTimeUs,1774316591359000000,1774316651347000000,0
writeAction.wait.ms,1774316591359000000,1774316651347000000,0
writeAction.median.wait.ms,1774316591359000000,1774316651347000000,1200
DiskQueryRelay.tasksExecuted,1774316591359000000,1774316651347000000,0
DiskQueryRelay.tasksRequested,1774316591359000000,1774316651347000000,0
DiskQueryRelay.taskExecutionTotalTimeUs,1774316591359000000,1774316651347000000,0
Indexes.allKeys.lookups,1774316591359000000,1774316651347000000,0
IndexesFlusher.totalFlushesRetried,1774316591359000000,1774316651347000000,0
IndexesFlusher.totalFlushingTimeUs,1774316591359000000,1774316651347000000,316767
Indexes.allKeys.lookupDuration90PMs,1774316591359000000,1774316651347000000,0.0
Indexes.entries.lookupDuration90PMs,1774316591359000000,1774316651347000000,0.0
Indexing.writer_0.totalTimeSpentWritingMs,1774316591359000000,1774316651347000000,0
Indexing.cache.totalCacheAccesses,1774316591359000000,1774316651347000000,0
Indexes.allKeys.lookupDurationAvgMs,1774316591359000000,1774316651347000000,0.0
Indexing.cache.totalCacheMisses,1774316591359000000,1774316651347000000,0
Indexing.writesQueuedMax,1774316591359000000,1774316651347000000,0
Indexing.totalTimeIndexersSleptMs,1774316591359000000,1774316651347000000,0
Indexes.stubs.lookupDurationMaxMs,1774316591359000000,1774316651347000000,0.0
IndexesFlusher.totalFlushes,1774316591359000000,1774316651347000000,172
Indexing.cache.totalCacheEvicted,1774316591359000000,1774316651347000000,0
Indexes.allKeys.lookupDurationMaxMs,1774316591359000000,1774316651347000000,0.0
IndexesFlusher.totalContentionQuotaSpent,1774316591359000000,1774316651347000000,0
Indexing.writesQueuedMin,1774316591359000000,1774316651347000000,9223372036854775807
Indexing.writer_2.totalTimeSpentWritingMs,1774316591359000000,1774316651347000000,0
Indexes.stubs.lookupDuration90PMs,1774316591359000000,1774316651347000000,0.0
Indexes.stubs.lookups,1774316591359000000,1774316651347000000,0
Indexing.writer_1.totalTimeSpentWritingMs,1774316591359000000,1774316651347000000,0
Indexes.entries.lookupDurationMaxMs,1774316591359000000,1774316651347000000,0.0
Indexes.stubs.lookupDurationAvgMs,1774316591359000000,1774316651347000000,0.0
Indexing.writer_3.totalTimeSpentWritingMs,1774316591359000000,1774316651347000000,0
Indexes.entries.lookupDurationAvgMs,1774316591359000000,1774316651347000000,0.0
Indexes.entries.lookups,1774316591359000000,1774316651347000000,0
FilePageCacheLockFree.totalNativeBytesAllocated,1774316591359000000,1774316651347000000,0
DirectByteBufferAllocator.totalSizeOfBuffersAllocatedInBytes,1774316591359000000,1774316651347000000,305160192
FilePageCache.capacityInBytes,1774316591359000000,1774316651347000000,503316478
DirectByteBufferAllocator.totalSizeOfBuffersCachedInBytes,1774316591359000000,1774316651347000000,9437184
FilePageCacheLockFree.housekeeperTurnsDone,1774316591359000000,1774316651347000000,0
StreamlinedBlobStorage.totalLiveRecordsPayloadBytes,1774316591359000000,1774316651347000000,0
FileChannelInterruptsRetryer.totalRetriedAttempts,1774316591359000000,1774316651347000000,0
FilePageCache.uncachedFileAccess,1774316591359000000,1774316651347000000,0
StorageLockContext.competingThreads.max,1774316591359000000,1774316651347000000,0
DirectByteBufferAllocator.reclaimed,1774316591359000000,1774316651347000000,0
FilePageCache.pageLoadsAboveSizeThreshold,1774316591359000000,1774316651347000000,0
MappedFileStorage.storages,1774316591359000000,1774316651347000000,16
FilePageCacheLockFree.totalPagesAllocated,1774316591359000000,1774316651347000000,0
FilePageCacheLockFree.totalBytesWritten,1774316591359000000,1774316651347000000,0
FilePageCacheLockFree.totalPagesReclaimed,1774316591359000000,1774316651347000000,0
FilePageCache.disposedBuffers,1774316591359000000,1774316651347000000,0
FilePageCache.totalPageLoadsUs,1774316591359000000,1774316651347000000,0
StreamlinedBlobStorage.recordsRelocated,1774316591359000000,1774316651347000000,0
StreamlinedBlobStorage.recordsAllocated,1774316591359000000,1774316651347000000,0
FilePageCacheLockFree.housekeeperTurnsSkipped,1774316591359000000,1774316651347000000,0
FilePageCacheLockFree.totalPagesWriteMs,1774316591359000000,1774316651347000000,0
FilePageCacheLockFree.totalPagesRequested,1774316591359000000,1774316651347000000,0
FilePageCache.maxRegisteredFiles,1774316591359000000,1774316651347000000,547
FilePageCache.maxCacheSizeInBytes,1774316591359000000,1774316651347000000,305160192
FilePageCacheLockFree.totalPagesReadMs,1774316591359000000,1774316651347000000,0
FilePageCacheLockFree.totalBytesRequested,1774316591359000000,1774316651347000000,0
FilePageCacheLockFree.totalPageAllocationsWaited,1774316591359000000,1774316651347000000,0
DirectByteBufferAllocator.hits,1774316591359000000,1774316651347000000,0
FilePageCache.totalPageDisposalsUs,1774316591359000000,1774316651347000000,0
StorageLockContext.competingThreads.avg,1774316591359000000,1774316651347000000,0.0
FilePageCacheLockFree.totalPagesWritten,1774316591359000000,1774316651347000000,0
MappedFileStorage.totalBytesMapped,1774316591359000000,1774316651347000000,257163264
FilePageCacheLockFree.heapBytesInUse,1774316591359000000,1774316651347000000,0
MappedFileStorage.totalTimeSpentOnMappingUs,1774316591359000000,1774316651347000000,13885
FilePageCacheLockFree.nativeBytesInUse,1774316591359000000,1774316651347000000,0
DirectByteBufferAllocator.disposed,1774316591359000000,1774316651347000000,0
FilePageCacheLockFree.totalHeapBytesAllocated,1774316591359000000,1774316651347000000,0
StreamlinedBlobStorage.totalLiveRecordsCapacityBytes,1774316591359000000,1774316651347000000,0
MappedFileStorage.totalPagesMapped,1774316591359000000,1774316651347000000,22
FilePageCacheLockFree.totalPagesHandedOver,1774316591359000000,1774316651347000000,0
FilePageCacheLockFree.housekeeperTimeSpentMs,1774316591359000000,1774316651347000000,0
FilePageCacheLockFree.totalPagesRequestsMs,1774316591359000000,1774316651347000000,0
FilePageCacheLockFree.totalHeapBytesReclaimed,1774316591359000000,1774316651347000000,0
FilePageCache.pageLoads,1774316591359000000,1774316651347000000,0
FilePageCacheLockFree.totalBytesRead,1774316591359000000,1774316651347000000,0
FilePageCacheLockFree.totalNativeBytesReclaimed,1774316591359000000,1774316651347000000,0
DirectByteBufferAllocator.misses,1774316591359000000,1774316651347000000,0
FilePageCacheLockFree.totalClosedStoragesReclaimed,1774316591359000000,1774316651347000000,0
StreamlinedBlobStorage.recordsDeleted,1774316591359000000,1774316651347000000,0
StorageLockContext.competingThreads.90P,1774316591359000000,1774316651347000000,0
FilePageCache.pageHits,1774316591359000000,1774316651347000000,0
FilePageCache.pageFastCacheHits,1774316591359000000,1774316651347000000,0
compiler.ArtifactManagerBridge.initBridges.ms,1774316591359000000,1774316651347000000,0
compiler.ArtifactManagerBridge.commit.ms,1774316591359000000,1774316651347000000,0
compiler.ArtifactManagerBridge.getArtifactsByType.ms,1774316591359000000,1774316651347000000,0
compiler.ArtifactManagerBridge.getArtifacts.ms,1774316591359000000,1774316651347000000,0
compiler.ArtifactManagerBridge.dropMappings.ms,1774316591359000000,1774316651347000000,0
compiler.ArtifactVirtualFileListener.propertyChanged.ms,1774316591359000000,1774316651347000000,0
compiler.ArtifactManagerBridge.addArtifact.ms,1774316591359000000,1774316651347000000,0
compiler.ArtifactManagerBridge.findArtifact.ms,1774316591359000000,1774316651347000000,0
compiler.ArtifactVirtualFileListener.filePathChanged.ms,1774316591359000000,1774316651347000000,0
workspaceModel.workspaceFileIndexData.processFileSets.ms,1774316591359000000,1774316651347000000,0
workspaceModel.cachedValueWithParameters.calculated.count,1774316591359000000,1774316651347000000,0
workspaceModel.update.unloaded.entities.ms,1774316591359000000,1774316651347000000,0
workspaceModel.workspaceFileIndexData.instances.count,1774316591359000000,1774316651347000000,0
workspaceModel.cachedValueWithParameters.from.cache.count,1774316591359000000,1774316651347000000,0
workspaceModel.to.snapshot.ms,1774316591359000000,1774316651347000000,0
workspaceModel.workspaceFileIndexData.onEntitiesChanged.ms,1774316591359000000,1774316651347000000,0
workspaceModel.cachedValue.total.get.count,1774316591359000000,1774316651347000000,0
workspaceModel.on.changed.ms,1774316591359000000,1774316651347000000,0
workspaceModel.check.recursive.update.ms,1774316591359000000,1774316651347000000,0
workspaceModel.workspaceFileIndexData.markDirty.ms,1774316591359000000,1774316651347000000,0
workspaceModel.updates.ms,1774316591359000000,1774316651347000000,0
workspaceModel.workspaceFileIndexData.updateDirtyEntities.ms,1774316591359000000,1774316651347000000,0
workspaceModel.initializing.ms,1774316591359000000,1774316651347000000,0
workspaceModel.workspaceFileIndexData.visitFileSets.ms,1774316591359000000,1774316651347000000,0
workspaceModel.replace.project.model.ms,1774316591359000000,1774316651347000000,0
workspaceModel.cachedValueWithParameters.clear.count,1774316591359000000,1774316651347000000,0
workspaceModel.on.before.changed.ms,1774316591359000000,1774316651347000000,0
workspaceModel.init.bridges.ms,1774316591359000000,1774316651347000000,0
workspaceModel.collect.changes.ms,1774316591359000000,1774316651347000000,0
workspaceModel.updates.precise.ms,1774316591359000000,1774316651347000000,0
workspaceModel.cachedValue.clear.count,1774316591359000000,1774316651347000000,0
workspaceModel.workspaceFileIndexData.getFileInfo.ms,1774316591359000000,1774316651347000000,0
workspaceModel.workspaceFileIndexData.init.ms,1774316591359000000,1774316651347000000,0
workspaceModel.cachedValueWithParameters.total.get.count,1774316591359000000,1774316651347000000,0
workspaceModel.workspaceFileIndexContributor.registerFileSets.ms,1774316591359000000,1774316651347000000,0
workspaceModel.loading.from.cache.ms,1774316591359000000,1774316651347000000,0
workspaceModel.workspaceFileIndexData.getDirectoriesByPackageName.ms,1774316591359000000,1774316651347000000,0
workspaceModel.workspaceFileIndexData.getPackageName.ms,1774316591359000000,1774316651347000000,0
workspaceModel.loading.total.ms,1774316591359000000,1774316651347000000,0
workspaceModel.cachedValue.from.cache.count,1774316591359000000,1774316651347000000,0
workspaceModel.updates.count,1774316591359000000,1774316651347000000,0
workspaceModel.cachedValue.calculated.count,1774316591359000000,1774316651347000000,0
workspaceModel.entityStorageSnapshotImpl.instances.count,1774316591359000000,1774316651347000000,0
workspaceModel.full.replace.project.model.ms,1774316591359000000,1774316651347000000,0
workspaceModel.pre.handlers.ms,1774316591359000000,1774316651347000000,0
VFS.contentStorage.recordsStoredSize,1774316591359000000,1774316651347000000,0
VFS.contentStorage.recordsDeduplicated,1774316591359000000,1774316651347000000,0
VFS.fileByIdCache.hits,1774316591359000000,1774316651347000000,0
FileNameCache.queries,1774316591359000000,1774316651347000000,0
VFS.contentStorage.recordsReadSize,1774316591359000000,1774316651347000000,0
FileNameCache.totalMisses,1774316591359000000,1774316651347000000,0
VFS.invertedFileNameIndex.requests,1774316591359000000,1774316651347000000,0
VFS.contentStorage.recordsDecompressionTimeUs,1774316591359000000,1774316651347000000,0
VFS.contentStorage.recordsReadDecompressed,1774316591359000000,1774316651347000000,0
VFS.contentStorage.recordsStoredCompressed,1774316591359000000,1774316651347000000,0
VFS.fileByIdCache.misses,1774316591359000000,1774316651347000000,0
VFS.contentStorage.recordsUncompressedSize,1774316591359000000,1774316651347000000,0
VFS.fileChildByName,1774316591359000000,1774316651347000000,0
VFS.contentStorage.recordsStored,1774316591359000000,1774316651347000000,0
VFS.contentStorage.recordsRead,1774316591359000000,1774316651347000000,0
workspaceModel.moduleBridge.before.changed.ms,1774316651347000000,1774316711344000000,0
workspaceModel.moduleManagerBridge.new.nonPersistent.module.ms,1774316651347000000,1774316711344000000,0
workspaceModel.mutableEntityStorage.add.entity.ms,1774316651347000000,1774316711344000000,0
workspaceModel.moduleManagerBridge.load.all.modules.ms,1774316651347000000,1774316711344000000,0
jps.app.storage.content.writer.save.component.ms,1774316651347000000,1774316711344000000,0
jps.global.handle.before.change.events.ms,1774316651347000000,1774316711344000000,0
workspaceModel.moduleManagerBridge.build.module.graph.ms,1774316651347000000,1774316711344000000,0
workspaceModel.mutableEntityStorage.to.snapshot.ms,1774316651347000000,1774316711344000000,0
jps.module.iml.entities.serializer.save.entities.ms,1774316651347000000,1774316711344000000,0
workspaceModel.mutableEntityStorage.remove.entity.ms,1774316651347000000,1774316711344000000,0
jps.library.entities.serializer.load.entities.ms,1774316651347000000,1774316711344000000,0
workspaceModel.mutableEntityStorage.entities.ms,1774316651347000000,1774316711344000000,0
workspaceModel.save.cache.to.file.ms,1774316651347000000,1774316711344000000,0
jps.global.handle.changed.events.ms,1774316651347000000,1774316711344000000,0
jps.facet.change.listener.process.change.events.ms,1774316651347000000,1774316711344000000,0
jps.global.get.library.by.name.ms,1774316651347000000,1774316711344000000,0
workspaceModel.mutableEntityStorage.changeLog.addReplaceEventForRemovedParent.ms,1774316651347000000,1774316711344000000,0
workspaceModel.mutableEntityStorage.replace.by.source.ms,1774316651347000000,1774316711344000000,0
jps.project.serializers.load.ms,1774316651347000000,1774316711344000000,0
jps.global.get.libraries.ms,1774316651347000000,1774316711344000000,1
jps.load.project.to.empty.storage.ms,1774316651347000000,1774316711344000000,0
workspaceModel.mutableEntityStorage.mutable.vfurl.index.ms,1774316651347000000,1774316711344000000,0
workspaceModel.load.cache.from.file.ms,1774316651347000000,1774316711344000000,0
jps.storage.jps.conf.reader.load.component.ms,1774316651347000000,1774316711344000000,0
jps.global.initialize.library.bridges.after.loading.ms,1774316651347000000,1774316711344000000,0
workspaceModel.sync.entities.ms,1774316651347000000,1774316711344000000,0
jps.global.get.library.ms,1774316651347000000,1774316711344000000,0
workspaceModel.global.apply.state.to.project.builder.ms,1774316651347000000,1774316711344000000,0
workspaceModel.moduleManagerBridge.newModule.ms,1774316651347000000,1774316711344000000,0
workspaceModel.mutableEntityStorage.put.entity.ms,1774316651347000000,1774316711344000000,0
jps.reload.project.entities.ms,1774316651347000000,1774316711344000000,0
jps.apply.loaded.storage.ms,1774316651347000000,1774316711344000000,0
workspaceModel.moduleBridge.update.option.ms,1774316651347000000,1774316711344000000,0
jps.facet.change.listener.before.change.events.ms,1774316651347000000,1774316711344000000,0
workspaceModel.global.updates.ms,1774316651347000000,1774316711344000000,0
workspaceModel.moduleBridge.facet.initialization.ms,1774316651347000000,1774316711344000000,0
jps.artifact.entities.serializer.save.entities.ms,1774316651347000000,1774316711344000000,0
workspaceModel.delayed.project.synchronizer.sync.ms,1774316651347000000,1774316711344000000,0
workspaceModel.mutableEntityStorage.changeLog.addReplaceEventForNewParent.ms,1774316651347000000,1774316711344000000,0
workspaceModel.moduleManagerBridge.load.module.ms,1774316651347000000,1774316711344000000,0
jps.app.storage.content.reader.load.component.ms,1774316651347000000,1774316711344000000,0
jps.artifact.entities.serializer.load.entities.ms,1774316651347000000,1774316711344000000,0
workspaceModel.moduleBridgeLoader.loading.modules.ms,1774316651347000000,1774316711344000000,0
workspaceModel.global.updates.count,1774316651347000000,1774316711344000000,0
workspaceModel.orphan.listener.update.ms,1774316651347000000,1774316711344000000,0
workspaceModel.global.apply.state.to.project.ms,1774316651347000000,1774316711344000000,0
workspaceModel.mutableEntityStorage.has.same.entities.ms,1774316651347000000,1774316711344000000,0
workspaceModel.mutableEntityStorage.modify.entity.ms,1774316651347000000,1774316711344000000,0
workspaceModel.mutableEntityStorage.instances.count,1774316651347000000,1774316711344000000,0
jps.module.iml.entities.serializer.load.entities.ms,1774316651347000000,1774316711344000000,0
workspaceModel.mutableEntityStorage.mutable.ext.mapping.ms,1774316651347000000,1774316711344000000,0
workspaceModel.mutableEntityStorage.changeLog.addReplaceEventForRemovedChild.ms,1774316651347000000,1774316711344000000,0
workspaceModel.load.cache.metadata.from.file.ms,1774316651347000000,1774316711344000000,0
workspaceModel.moduleManagerBridge.create.module.instance.ms,1774316651347000000,1774316711344000000,0
workspaceModel.moduleManagerBridge.set.unloadedModules.ms,1774316651347000000,1774316711344000000,0
jps.library.entities.serializer.save.entities.ms,1774316651347000000,1774316711344000000,0
workspaceModel.do.save.caches.ms,1774316651347000000,1774316711344000000,0
jps.save.global.entities.ms,1774316651347000000,1774316711344000000,0
jps.global.initialize.library.bridges.ms,1774316651347000000,1774316711344000000,0
workspaceModel.mutableEntityStorage.collect.changes.ms,1774316651347000000,1774316711344000000,0
workspaceModel.mutableEntityStorage.resolve.ms,1774316651347000000,1774316711344000000,0
workspaceModel.moduleManagerBridge.get.modules.ms,1774316651347000000,1774316711344000000,0
workspaceModel.mutableEntityStorage.referrers.ms,1774316651347000000,1774316711344000000,0
jps.save.changed.project.entities.ms,1774316651347000000,1774316711344000000,0
workspaceModel.mutableEntityStorage.entities.by.source.ms,1774316651347000000,1774316711344000000,0
workspaceModel.mutableEntityStorage.apply.changes.from.ms,1774316651347000000,1774316711344000000,0
jps.module.dependency.index.workspace.model.listener.on.changed.ms,1774316651347000000,1774316711344000000,0
jps.project.serializers.save.ms,1774316651347000000,1774316711344000000,0
workspaceModel.mutableEntityStorage.changeLog.addReplaceEventForNewChild.ms,1774316651347000000,1774316711344000000,0
jps.facet.change.listener.init.bridge.ms,1774316651347000000,1774316711344000000,0
jps.load.initial.state.ms,1774316651347000000,1774316711344000000,0
cacheStateStorage.set.duration,1774316651347000000,1774316711344000000,0
cacheStateStorage.get.duration,1774316651347000000,1774316711344000000,0
cacheStateStorage.set.counter,1774316651347000000,1774316711344000000,0
cacheStateStorage.get.counter,1774316651347000000,1774316711344000000,0
AWTEventQueue.dispatchTimeTotalNS,1774316651347000000,1774316711344000000,77958756
FlushQueue.waitingTimeMaxNs,1774316651347000000,1774316711344000000,0
NonBlockingReadAction.failedExecutionsCount,1774316651347000000,1774316711344000000,0
AWTEventQueue.eventsDispatched,1774316651347000000,1774316711344000000,0
WriteAction.executionsCount,1774316651347000000,1774316711344000000,0
FlushQueue.executionTimeMaxNs,1774316651347000000,1774316711344000000,0
FlushQueue.executionTimeAvgNs,1774316651347000000,1774316711344000000,0.0
ReadAction.executionsCount,1774316651347000000,1774316711344000000,228963
FlushQueue.queueSizeAvg,1774316651347000000,1774316711344000000,0.0
FlushQueue.tasksExecuted,1774316651347000000,1774316711344000000,0
NonBlockingReadAction.finalizedExecutionsCount,1774316651347000000,1774316711344000000,4
NonBlockingReadAction.finalizedExecutionTimeUs,1774316651347000000,1774316711344000000,23120
AWTEventQueue.dispatchTime90PNs,1774316651347000000,1774316711344000000,0
AWTEventQueue.dispatchTimeAvgNs,1774316651347000000,1774316711344000000,0.0
FlushQueue.queueSizeMax,1774316651347000000,1774316711344000000,0
FlushQueue.executionTime90PNs,1774316651347000000,1774316711344000000,0
AWTEventQueue.dispatchTimeMaxNs,1774316651347000000,1774316711344000000,0
FlushQueue.queueSize90P,1774316651347000000,1774316711344000000,0
FlushQueue.waitingTime90PNs,1774316651347000000,1774316711344000000,0
FlushQueue.waitingTimeAvgNs,1774316651347000000,1774316711344000000,0.0
NonBlockingReadAction.failedExecutionTimeUs,1774316651347000000,1774316711344000000,0
JVM.totalTimeAtSafepointsMs,1774316651347000000,1774316711344000000,1
JVM.totalBytesAllocated,1774316651347000000,1774316711344000000,95197840
JVM.maxHeapBytes,1774316651347000000,1774316711344000000,2147483648
JVM.newThreadsCount,1774316651347000000,1774316711344000000,3
JVM.totalTimeToSafepointsMs,1774316651347000000,1774316711344000000,0
JVM.totalCpuTimeMs,1774316651347000000,1774316711344000000,1242
JVM.totalSafepointCount,1774316651347000000,1774316711344000000,5
JVM.totalDirectByteBuffersBytes,1774316651347000000,1774316711344000000,307312413
JVM.usedHeapBytes,1774316651347000000,1774316711344000000,686794512
JVM.GC.collections,1774316651347000000,1774316711344000000,0
JVM.threadCount,1774316651347000000,1774316711344000000,42
JVM.usedNativeBytes,1774316651347000000,1774316711344000000,454033840
JVM.maxThreadCount,1774316651347000000,1774316711344000000,125
OS.loadAverage,1774316651347000000,1774316711344000000,44.75732421875
JVM.GC.collectionTimesMs,1774316651347000000,1774316711344000000,0
writeAction.max.wait.ms,1774316651347000000,1774316711344000000,786
writeAction.count,1774316651347000000,1774316711344000000,0
DiskQueryRelay.taskWaitingTotalTimeUs,1774316651347000000,1774316711344000000,0
writeAction.wait.ms,1774316651347000000,1774316711344000000,0
writeAction.median.wait.ms,1774316651347000000,1774316711344000000,1200
DiskQueryRelay.tasksExecuted,1774316651347000000,1774316711344000000,0
DiskQueryRelay.tasksRequested,1774316651347000000,1774316711344000000,0
DiskQueryRelay.taskExecutionTotalTimeUs,1774316651347000000,1774316711344000000,0
Indexes.allKeys.lookups,1774316651347000000,1774316711344000000,0
IndexesFlusher.totalFlushesRetried,1774316651347000000,1774316711344000000,0
IndexesFlusher.totalFlushingTimeUs,1774316651347000000,1774316711344000000,267765
Indexes.allKeys.lookupDuration90PMs,1774316651347000000,1774316711344000000,0.0
Indexes.entries.lookupDuration90PMs,1774316651347000000,1774316711344000000,0.0
Indexing.writer_0.totalTimeSpentWritingMs,1774316651347000000,1774316711344000000,0
Indexing.cache.totalCacheAccesses,1774316651347000000,1774316711344000000,0
Indexes.allKeys.lookupDurationAvgMs,1774316651347000000,1774316711344000000,0.0
Indexing.cache.totalCacheMisses,1774316651347000000,1774316711344000000,0
Indexing.writesQueuedMax,1774316651347000000,1774316711344000000,0
Indexing.totalTimeIndexersSleptMs,1774316651347000000,1774316711344000000,0
Indexes.stubs.lookupDurationMaxMs,1774316651347000000,1774316711344000000,0.0
IndexesFlusher.totalFlushes,1774316651347000000,1774316711344000000,173
Indexing.cache.totalCacheEvicted,1774316651347000000,1774316711344000000,0
Indexes.allKeys.lookupDurationMaxMs,1774316651347000000,1774316711344000000,0.0
IndexesFlusher.totalContentionQuotaSpent,1774316651347000000,1774316711344000000,0
Indexing.writesQueuedMin,1774316651347000000,1774316711344000000,9223372036854775807
Indexing.writer_2.totalTimeSpentWritingMs,1774316651347000000,1774316711344000000,0
Indexes.stubs.lookupDuration90PMs,1774316651347000000,1774316711344000000,0.0
Indexes.stubs.lookups,1774316651347000000,1774316711344000000,0
Indexing.writer_1.totalTimeSpentWritingMs,1774316651347000000,1774316711344000000,0
Indexes.entries.lookupDurationMaxMs,1774316651347000000,1774316711344000000,0.0
Indexes.stubs.lookupDurationAvgMs,1774316651347000000,1774316711344000000,0.0
Indexing.writer_3.totalTimeSpentWritingMs,1774316651347000000,1774316711344000000,0
Indexes.entries.lookupDurationAvgMs,1774316651347000000,1774316711344000000,0.0
Indexes.entries.lookups,1774316651347000000,1774316711344000000,0
FilePageCacheLockFree.totalNativeBytesAllocated,1774316651347000000,1774316711344000000,0
DirectByteBufferAllocator.totalSizeOfBuffersAllocatedInBytes,1774316651347000000,1774316711344000000,305160192
FilePageCache.capacityInBytes,1774316651347000000,1774316711344000000,503316478
DirectByteBufferAllocator.totalSizeOfBuffersCachedInBytes,1774316651347000000,1774316711344000000,9437184
FilePageCacheLockFree.housekeeperTurnsDone,1774316651347000000,1774316711344000000,0
StreamlinedBlobStorage.totalLiveRecordsPayloadBytes,1774316651347000000,1774316711344000000,0
FileChannelInterruptsRetryer.totalRetriedAttempts,1774316651347000000,1774316711344000000,0
FilePageCache.uncachedFileAccess,1774316651347000000,1774316711344000000,0
StorageLockContext.competingThreads.max,1774316651347000000,1774316711344000000,0
DirectByteBufferAllocator.reclaimed,1774316651347000000,1774316711344000000,0
FilePageCache.pageLoadsAboveSizeThreshold,1774316651347000000,1774316711344000000,0
MappedFileStorage.storages,1774316651347000000,1774316711344000000,16
FilePageCacheLockFree.totalPagesAllocated,1774316651347000000,1774316711344000000,0
FilePageCacheLockFree.totalBytesWritten,1774316651347000000,1774316711344000000,0
FilePageCacheLockFree.totalPagesReclaimed,1774316651347000000,1774316711344000000,0
FilePageCache.disposedBuffers,1774316651347000000,1774316711344000000,0
FilePageCache.totalPageLoadsUs,1774316651347000000,1774316711344000000,0
StreamlinedBlobStorage.recordsRelocated,1774316651347000000,1774316711344000000,0
StreamlinedBlobStorage.recordsAllocated,1774316651347000000,1774316711344000000,0
FilePageCacheLockFree.housekeeperTurnsSkipped,1774316651347000000,1774316711344000000,0
FilePageCacheLockFree.totalPagesWriteMs,1774316651347000000,1774316711344000000,0
FilePageCacheLockFree.totalPagesRequested,1774316651347000000,1774316711344000000,0
FilePageCache.maxRegisteredFiles,1774316651347000000,1774316711344000000,547
FilePageCache.maxCacheSizeInBytes,1774316651347000000,1774316711344000000,305160192
FilePageCacheLockFree.totalPagesReadMs,1774316651347000000,1774316711344000000,0
FilePageCacheLockFree.totalBytesRequested,1774316651347000000,1774316711344000000,0
FilePageCacheLockFree.totalPageAllocationsWaited,1774316651347000000,1774316711344000000,0
DirectByteBufferAllocator.hits,1774316651347000000,1774316711344000000,0
FilePageCache.totalPageDisposalsUs,1774316651347000000,1774316711344000000,0
StorageLockContext.competingThreads.avg,1774316651347000000,1774316711344000000,0.0
FilePageCacheLockFree.totalPagesWritten,1774316651347000000,1774316711344000000,0
MappedFileStorage.totalBytesMapped,1774316651347000000,1774316711344000000,257163264
FilePageCacheLockFree.heapBytesInUse,1774316651347000000,1774316711344000000,0
MappedFileStorage.totalTimeSpentOnMappingUs,1774316651347000000,1774316711344000000,13885
FilePageCacheLockFree.nativeBytesInUse,1774316651347000000,1774316711344000000,0
DirectByteBufferAllocator.disposed,1774316651347000000,1774316711344000000,0
FilePageCacheLockFree.totalHeapBytesAllocated,1774316651347000000,1774316711344000000,0
StreamlinedBlobStorage.totalLiveRecordsCapacityBytes,1774316651347000000,1774316711344000000,0
MappedFileStorage.totalPagesMapped,1774316651347000000,1774316711344000000,22
FilePageCacheLockFree.totalPagesHandedOver,1774316651347000000,1774316711344000000,0
FilePageCacheLockFree.housekeeperTimeSpentMs,1774316651347000000,1774316711344000000,0
FilePageCacheLockFree.totalPagesRequestsMs,1774316651347000000,1774316711344000000,0
FilePageCacheLockFree.totalHeapBytesReclaimed,1774316651347000000,1774316711344000000,0
FilePageCache.pageLoads,1774316651347000000,1774316711344000000,0
FilePageCacheLockFree.totalBytesRead,1774316651347000000,1774316711344000000,0
FilePageCacheLockFree.totalNativeBytesReclaimed,1774316651347000000,1774316711344000000,0
DirectByteBufferAllocator.misses,1774316651347000000,1774316711344000000,0
FilePageCacheLockFree.totalClosedStoragesReclaimed,1774316651347000000,1774316711344000000,0
StreamlinedBlobStorage.recordsDeleted,1774316651347000000,1774316711344000000,0
StorageLockContext.competingThreads.90P,1774316651347000000,1774316711344000000,0
FilePageCache.pageHits,1774316651347000000,1774316711344000000,0
FilePageCache.pageFastCacheHits,1774316651347000000,1774316711344000000,0
compiler.ArtifactManagerBridge.initBridges.ms,1774316651347000000,1774316711344000000,0
compiler.ArtifactManagerBridge.commit.ms,1774316651347000000,1774316711344000000,0
compiler.ArtifactManagerBridge.getArtifactsByType.ms,1774316651347000000,1774316711344000000,0
compiler.ArtifactManagerBridge.getArtifacts.ms,1774316651347000000,1774316711344000000,0
compiler.ArtifactManagerBridge.dropMappings.ms,1774316651347000000,1774316711344000000,0
compiler.ArtifactVirtualFileListener.propertyChanged.ms,1774316651347000000,1774316711344000000,0
compiler.ArtifactManagerBridge.addArtifact.ms,1774316651347000000,1774316711344000000,0
compiler.ArtifactManagerBridge.findArtifact.ms,1774316651347000000,1774316711344000000,0
compiler.ArtifactVirtualFileListener.filePathChanged.ms,1774316651347000000,1774316711344000000,0
workspaceModel.workspaceFileIndexData.processFileSets.ms,1774316651347000000,1774316711344000000,0
workspaceModel.cachedValueWithParameters.calculated.count,1774316651347000000,1774316711344000000,0
workspaceModel.update.unloaded.entities.ms,1774316651347000000,1774316711344000000,0
workspaceModel.workspaceFileIndexData.instances.count,1774316651347000000,1774316711344000000,0
workspaceModel.cachedValueWithParameters.from.cache.count,1774316651347000000,1774316711344000000,0
workspaceModel.to.snapshot.ms,1774316651347000000,1774316711344000000,0
workspaceModel.workspaceFileIndexData.onEntitiesChanged.ms,1774316651347000000,1774316711344000000,0
workspaceModel.cachedValue.total.get.count,1774316651347000000,1774316711344000000,1
workspaceModel.on.changed.ms,1774316651347000000,1774316711344000000,0
workspaceModel.check.recursive.update.ms,1774316651347000000,1774316711344000000,0
workspaceModel.workspaceFileIndexData.markDirty.ms,1774316651347000000,1774316711344000000,0
workspaceModel.updates.ms,1774316651347000000,1774316711344000000,0
workspaceModel.workspaceFileIndexData.updateDirtyEntities.ms,1774316651347000000,1774316711344000000,0
workspaceModel.initializing.ms,1774316651347000000,1774316711344000000,0
workspaceModel.workspaceFileIndexData.visitFileSets.ms,1774316651347000000,1774316711344000000,2
workspaceModel.replace.project.model.ms,1774316651347000000,1774316711344000000,0
workspaceModel.cachedValueWithParameters.clear.count,1774316651347000000,1774316711344000000,0
workspaceModel.on.before.changed.ms,1774316651347000000,1774316711344000000,0
workspaceModel.init.bridges.ms,1774316651347000000,1774316711344000000,0
workspaceModel.collect.changes.ms,1774316651347000000,1774316711344000000,0
workspaceModel.updates.precise.ms,1774316651347000000,1774316711344000000,0
workspaceModel.cachedValue.clear.count,1774316651347000000,1774316711344000000,0
workspaceModel.workspaceFileIndexData.getFileInfo.ms,1774316651347000000,1774316711344000000,21
workspaceModel.workspaceFileIndexData.init.ms,1774316651347000000,1774316711344000000,0
workspaceModel.cachedValueWithParameters.total.get.count,1774316651347000000,1774316711344000000,0
workspaceModel.workspaceFileIndexContributor.registerFileSets.ms,1774316651347000000,1774316711344000000,0
workspaceModel.loading.from.cache.ms,1774316651347000000,1774316711344000000,0
workspaceModel.workspaceFileIndexData.getDirectoriesByPackageName.ms,1774316651347000000,1774316711344000000,0
workspaceModel.workspaceFileIndexData.getPackageName.ms,1774316651347000000,1774316711344000000,0
workspaceModel.loading.total.ms,1774316651347000000,1774316711344000000,0
workspaceModel.cachedValue.from.cache.count,1774316651347000000,1774316711344000000,1
workspaceModel.updates.count,1774316651347000000,1774316711344000000,0
workspaceModel.cachedValue.calculated.count,1774316651347000000,1774316711344000000,0
workspaceModel.entityStorageSnapshotImpl.instances.count,1774316651347000000,1774316711344000000,0
workspaceModel.full.replace.project.model.ms,1774316651347000000,1774316711344000000,0
workspaceModel.pre.handlers.ms,1774316651347000000,1774316711344000000,0
VFS.contentStorage.recordsStoredSize,1774316651347000000,1774316711344000000,0
VFS.contentStorage.recordsDeduplicated,1774316651347000000,1774316711344000000,0
VFS.fileByIdCache.hits,1774316651347000000,1774316711344000000,0
FileNameCache.queries,1774316651347000000,1774316711344000000,384
VFS.contentStorage.recordsReadSize,1774316651347000000,1774316711344000000,0
FileNameCache.totalMisses,1774316651347000000,1774316711344000000,0
VFS.invertedFileNameIndex.requests,1774316651347000000,1774316711344000000,0
VFS.contentStorage.recordsDecompressionTimeUs,1774316651347000000,1774316711344000000,0
VFS.contentStorage.recordsReadDecompressed,1774316651347000000,1774316711344000000,0
VFS.contentStorage.recordsStoredCompressed,1774316651347000000,1774316711344000000,0
VFS.fileByIdCache.misses,1774316651347000000,1774316711344000000,0
VFS.contentStorage.recordsUncompressedSize,1774316651347000000,1774316711344000000,0
VFS.fileChildByName,1774316651347000000,1774316711344000000,31
VFS.contentStorage.recordsStored,1774316651347000000,1774316711344000000,0
VFS.contentStorage.recordsRead,1774316651347000000,1774316711344000000,0
workspaceModel.moduleBridge.before.changed.ms,1774316711344000000,1774316771376000000,0
workspaceModel.moduleManagerBridge.new.nonPersistent.module.ms,1774316711344000000,1774316771376000000,0
workspaceModel.mutableEntityStorage.add.entity.ms,1774316711344000000,1774316771376000000,0
workspaceModel.moduleManagerBridge.load.all.modules.ms,1774316711344000000,1774316771376000000,0
jps.app.storage.content.writer.save.component.ms,1774316711344000000,1774316771376000000,0
jps.global.handle.before.change.events.ms,1774316711344000000,1774316771376000000,0
workspaceModel.moduleManagerBridge.build.module.graph.ms,1774316711344000000,1774316771376000000,0
workspaceModel.mutableEntityStorage.to.snapshot.ms,1774316711344000000,1774316771376000000,0
jps.module.iml.entities.serializer.save.entities.ms,1774316711344000000,1774316771376000000,0
workspaceModel.mutableEntityStorage.remove.entity.ms,1774316711344000000,1774316771376000000,0
jps.library.entities.serializer.load.entities.ms,1774316711344000000,1774316771376000000,0
workspaceModel.mutableEntityStorage.entities.ms,1774316711344000000,1774316771376000000,0
workspaceModel.save.cache.to.file.ms,1774316711344000000,1774316771376000000,0
jps.global.handle.changed.events.ms,1774316711344000000,1774316771376000000,0
jps.facet.change.listener.process.change.events.ms,1774316711344000000,1774316771376000000,0
jps.global.get.library.by.name.ms,1774316711344000000,1774316771376000000,0
workspaceModel.mutableEntityStorage.changeLog.addReplaceEventForRemovedParent.ms,1774316711344000000,1774316771376000000,0
workspaceModel.mutableEntityStorage.replace.by.source.ms,1774316711344000000,1774316771376000000,0
jps.project.serializers.load.ms,1774316711344000000,1774316771376000000,0
jps.global.get.libraries.ms,1774316711344000000,1774316771376000000,0
jps.load.project.to.empty.storage.ms,1774316711344000000,1774316771376000000,0
workspaceModel.mutableEntityStorage.mutable.vfurl.index.ms,1774316711344000000,1774316771376000000,0
workspaceModel.load.cache.from.file.ms,1774316711344000000,1774316771376000000,0
jps.storage.jps.conf.reader.load.component.ms,1774316711344000000,1774316771376000000,0
jps.global.initialize.library.bridges.after.loading.ms,1774316711344000000,1774316771376000000,0
workspaceModel.sync.entities.ms,1774316711344000000,1774316771376000000,0
jps.global.get.library.ms,1774316711344000000,1774316771376000000,0
workspaceModel.global.apply.state.to.project.builder.ms,1774316711344000000,1774316771376000000,0
workspaceModel.moduleManagerBridge.newModule.ms,1774316711344000000,1774316771376000000,0
workspaceModel.mutableEntityStorage.put.entity.ms,1774316711344000000,1774316771376000000,0
jps.reload.project.entities.ms,1774316711344000000,1774316771376000000,0
jps.apply.loaded.storage.ms,1774316711344000000,1774316771376000000,0
workspaceModel.moduleBridge.update.option.ms,1774316711344000000,1774316771376000000,0
jps.facet.change.listener.before.change.events.ms,1774316711344000000,1774316771376000000,0
workspaceModel.global.updates.ms,1774316711344000000,1774316771376000000,0
workspaceModel.moduleBridge.facet.initialization.ms,1774316711344000000,1774316771376000000,0
jps.artifact.entities.serializer.save.entities.ms,1774316711344000000,1774316771376000000,0
workspaceModel.delayed.project.synchronizer.sync.ms,1774316711344000000,1774316771376000000,0
workspaceModel.mutableEntityStorage.changeLog.addReplaceEventForNewParent.ms,1774316711344000000,1774316771376000000,0
workspaceModel.moduleManagerBridge.load.module.ms,1774316711344000000,1774316771376000000,0
jps.app.storage.content.reader.load.component.ms,1774316711344000000,1774316771376000000,0
jps.artifact.entities.serializer.load.entities.ms,1774316711344000000,1774316771376000000,0
workspaceModel.moduleBridgeLoader.loading.modules.ms,1774316711344000000,1774316771376000000,0
workspaceModel.global.updates.count,1774316711344000000,1774316771376000000,0
workspaceModel.orphan.listener.update.ms,1774316711344000000,1774316771376000000,0
workspaceModel.global.apply.state.to.project.ms,1774316711344000000,1774316771376000000,0
workspaceModel.mutableEntityStorage.has.same.entities.ms,1774316711344000000,1774316771376000000,0
workspaceModel.mutableEntityStorage.modify.entity.ms,1774316711344000000,1774316771376000000,0
workspaceModel.mutableEntityStorage.instances.count,1774316711344000000,1774316771376000000,0
jps.module.iml.entities.serializer.load.entities.ms,1774316711344000000,1774316771376000000,0
workspaceModel.mutableEntityStorage.mutable.ext.mapping.ms,1774316711344000000,1774316771376000000,0
workspaceModel.mutableEntityStorage.changeLog.addReplaceEventForRemovedChild.ms,1774316711344000000,1774316771376000000,0
workspaceModel.load.cache.metadata.from.file.ms,1774316711344000000,1774316771376000000,0
workspaceModel.moduleManagerBridge.create.module.instance.ms,1774316711344000000,1774316771376000000,0
workspaceModel.moduleManagerBridge.set.unloadedModules.ms,1774316711344000000,1774316771376000000,0
jps.library.entities.serializer.save.entities.ms,1774316711344000000,1774316771376000000,0
workspaceModel.do.save.caches.ms,1774316711344000000,1774316771376000000,0
jps.save.global.entities.ms,1774316711344000000,1774316771376000000,0
jps.global.initialize.library.bridges.ms,1774316711344000000,1774316771376000000,0
workspaceModel.mutableEntityStorage.collect.changes.ms,1774316711344000000,1774316771376000000,0
workspaceModel.mutableEntityStorage.resolve.ms,1774316711344000000,1774316771376000000,0
workspaceModel.moduleManagerBridge.get.modules.ms,1774316711344000000,1774316771376000000,0
workspaceModel.mutableEntityStorage.referrers.ms,1774316711344000000,1774316771376000000,0
jps.save.changed.project.entities.ms,1774316711344000000,1774316771376000000,0
workspaceModel.mutableEntityStorage.entities.by.source.ms,1774316711344000000,1774316771376000000,0
workspaceModel.mutableEntityStorage.apply.changes.from.ms,1774316711344000000,1774316771376000000,0
jps.module.dependency.index.workspace.model.listener.on.changed.ms,1774316711344000000,1774316771376000000,0
jps.project.serializers.save.ms,1774316711344000000,1774316771376000000,0
workspaceModel.mutableEntityStorage.changeLog.addReplaceEventForNewChild.ms,1774316711344000000,1774316771376000000,0
jps.facet.change.listener.init.bridge.ms,1774316711344000000,1774316771376000000,0
jps.load.initial.state.ms,1774316711344000000,1774316771376000000,0
cacheStateStorage.set.duration,1774316711344000000,1774316771376000000,0
cacheStateStorage.get.duration,1774316711344000000,1774316771376000000,0
cacheStateStorage.set.counter,1774316711344000000,1774316771376000000,0
cacheStateStorage.get.counter,1774316711344000000,1774316771376000000,0
AWTEventQueue.dispatchTimeTotalNS,1774316711344000000,1774316771376000000,71334334
FlushQueue.waitingTimeMaxNs,1774316711344000000,1774316771376000000,0
NonBlockingReadAction.failedExecutionsCount,1774316711344000000,1774316771376000000,0
AWTEventQueue.eventsDispatched,1774316711344000000,1774316771376000000,0
WriteAction.executionsCount,1774316711344000000,1774316771376000000,0
FlushQueue.executionTimeMaxNs,1774316711344000000,1774316771376000000,0
FlushQueue.executionTimeAvgNs,1774316711344000000,1774316771376000000,0.0
ReadAction.executionsCount,1774316711344000000,1774316771376000000,0
FlushQueue.queueSizeAvg,1774316711344000000,1774316771376000000,0.0
FlushQueue.tasksExecuted,1774316711344000000,1774316771376000000,0
NonBlockingReadAction.finalizedExecutionsCount,1774316711344000000,1774316771376000000,0
NonBlockingReadAction.finalizedExecutionTimeUs,1774316711344000000,1774316771376000000,0
AWTEventQueue.dispatchTime90PNs,1774316711344000000,1774316771376000000,0
AWTEventQueue.dispatchTimeAvgNs,1774316711344000000,1774316771376000000,0.0
FlushQueue.queueSizeMax,1774316711344000000,1774316771376000000,0
FlushQueue.executionTime90PNs,1774316711344000000,1774316771376000000,0
AWTEventQueue.dispatchTimeMaxNs,1774316711344000000,1774316771376000000,0
FlushQueue.queueSize90P,1774316711344000000,1774316771376000000,0
FlushQueue.waitingTime90PNs,1774316711344000000,1774316771376000000,0
FlushQueue.waitingTimeAvgNs,1774316711344000000,1774316771376000000,0.0
NonBlockingReadAction.failedExecutionTimeUs,1774316711344000000,1774316771376000000,0
JVM.totalTimeAtSafepointsMs,1774316711344000000,1774316771376000000,133
JVM.totalBytesAllocated,1774316711344000000,1774316771376000000,49929032
JVM.maxHeapBytes,1774316711344000000,1774316771376000000,2147483648
JVM.newThreadsCount,1774316711344000000,1774316771376000000,15
JVM.totalTimeToSafepointsMs,1774316711344000000,1774316771376000000,2
JVM.totalCpuTimeMs,1774316711344000000,1774316771376000000,2580
JVM.totalSafepointCount,1774316711344000000,1774316771376000000,14
JVM.totalDirectByteBuffersBytes,1774316711344000000,1774316771376000000,307438478
JVM.usedHeapBytes,1774316711344000000,1774316771376000000,463424712
JVM.GC.collections,1774316711344000000,1774316771376000000,4
JVM.threadCount,1774316711344000000,1774316771376000000,54
JVM.usedNativeBytes,1774316711344000000,1774316771376000000,407849760
JVM.maxThreadCount,1774316711344000000,1774316771376000000,125
OS.loadAverage,1774316711344000000,1774316771376000000,43.4248046875
JVM.GC.collectionTimesMs,1774316711344000000,1774316771376000000,132
writeAction.max.wait.ms,1774316711344000000,1774316771376000000,786
writeAction.count,1774316711344000000,1774316771376000000,0
DiskQueryRelay.taskWaitingTotalTimeUs,1774316711344000000,1774316771376000000,0
writeAction.wait.ms,1774316711344000000,1774316771376000000,0
writeAction.median.wait.ms,1774316711344000000,1774316771376000000,1200
DiskQueryRelay.tasksExecuted,1774316711344000000,1774316771376000000,0
DiskQueryRelay.tasksRequested,1774316711344000000,1774316771376000000,0
DiskQueryRelay.taskExecutionTotalTimeUs,1774316711344000000,1774316771376000000,0
Indexes.allKeys.lookups,1774316711344000000,1774316771376000000,0
IndexesFlusher.totalFlushesRetried,1774316711344000000,1774316771376000000,0
IndexesFlusher.totalFlushingTimeUs,1774316711344000000,1774316771376000000,268898
Indexes.allKeys.lookupDuration90PMs,1774316711344000000,1774316771376000000,0.0
Indexes.entries.lookupDuration90PMs,1774316711344000000,1774316771376000000,0.0
Indexing.writer_0.totalTimeSpentWritingMs,1774316711344000000,1774316771376000000,0
Indexing.cache.totalCacheAccesses,1774316711344000000,1774316771376000000,0
Indexes.allKeys.lookupDurationAvgMs,1774316711344000000,1774316771376000000,0.0
Indexing.cache.totalCacheMisses,1774316711344000000,1774316771376000000,0
Indexing.writesQueuedMax,1774316711344000000,1774316771376000000,0
Indexing.totalTimeIndexersSleptMs,1774316711344000000,1774316771376000000,0
Indexes.stubs.lookupDurationMaxMs,1774316711344000000,1774316771376000000,0.0
IndexesFlusher.totalFlushes,1774316711344000000,1774316771376000000,174
Indexing.cache.totalCacheEvicted,1774316711344000000,1774316771376000000,0
Indexes.allKeys.lookupDurationMaxMs,1774316711344000000,1774316771376000000,0.0
IndexesFlusher.totalContentionQuotaSpent,1774316711344000000,1774316771376000000,0
Indexing.writesQueuedMin,1774316711344000000,1774316771376000000,9223372036854775807
Indexing.writer_2.totalTimeSpentWritingMs,1774316711344000000,1774316771376000000,0
Indexes.stubs.lookupDuration90PMs,1774316711344000000,1774316771376000000,0.0
Indexes.stubs.lookups,1774316711344000000,1774316771376000000,0
Indexing.writer_1.totalTimeSpentWritingMs,1774316711344000000,1774316771376000000,0
Indexes.entries.lookupDurationMaxMs,1774316711344000000,1774316771376000000,0.0
Indexes.stubs.lookupDurationAvgMs,1774316711344000000,1774316771376000000,0.0
Indexing.writer_3.totalTimeSpentWritingMs,1774316711344000000,1774316771376000000,0
Indexes.entries.lookupDurationAvgMs,1774316711344000000,1774316771376000000,0.0
Indexes.entries.lookups,1774316711344000000,1774316771376000000,0
FilePageCacheLockFree.totalNativeBytesAllocated,1774316711344000000,1774316771376000000,0
DirectByteBufferAllocator.totalSizeOfBuffersAllocatedInBytes,1774316711344000000,1774316771376000000,305160192
FilePageCache.capacityInBytes,1774316711344000000,1774316771376000000,503316478
DirectByteBufferAllocator.totalSizeOfBuffersCachedInBytes,1774316711344000000,1774316771376000000,9437184
FilePageCacheLockFree.housekeeperTurnsDone,1774316711344000000,1774316771376000000,0
StreamlinedBlobStorage.totalLiveRecordsPayloadBytes,1774316711344000000,1774316771376000000,0
FileChannelInterruptsRetryer.totalRetriedAttempts,1774316711344000000,1774316771376000000,0
FilePageCache.uncachedFileAccess,1774316711344000000,1774316771376000000,0
StorageLockContext.competingThreads.max,1774316711344000000,1774316771376000000,0
DirectByteBufferAllocator.reclaimed,1774316711344000000,1774316771376000000,0
FilePageCache.pageLoadsAboveSizeThreshold,1774316711344000000,1774316771376000000,0
MappedFileStorage.storages,1774316711344000000,1774316771376000000,16
FilePageCacheLockFree.totalPagesAllocated,1774316711344000000,1774316771376000000,0
FilePageCacheLockFree.totalBytesWritten,1774316711344000000,1774316771376000000,0
FilePageCacheLockFree.totalPagesReclaimed,1774316711344000000,1774316771376000000,0
FilePageCache.disposedBuffers,1774316711344000000,1774316771376000000,0
FilePageCache.totalPageLoadsUs,1774316711344000000,1774316771376000000,0
StreamlinedBlobStorage.recordsRelocated,1774316711344000000,1774316771376000000,0
StreamlinedBlobStorage.recordsAllocated,1774316711344000000,1774316771376000000,0
FilePageCacheLockFree.housekeeperTurnsSkipped,1774316711344000000,1774316771376000000,0
FilePageCacheLockFree.totalPagesWriteMs,1774316711344000000,1774316771376000000,0
FilePageCacheLockFree.totalPagesRequested,1774316711344000000,1774316771376000000,0
FilePageCache.maxRegisteredFiles,1774316711344000000,1774316771376000000,547
FilePageCache.maxCacheSizeInBytes,1774316711344000000,1774316771376000000,305160192
FilePageCacheLockFree.totalPagesReadMs,1774316711344000000,1774316771376000000,0
FilePageCacheLockFree.totalBytesRequested,1774316711344000000,1774316771376000000,0
FilePageCacheLockFree.totalPageAllocationsWaited,1774316711344000000,1774316771376000000,0
DirectByteBufferAllocator.hits,1774316711344000000,1774316771376000000,0
FilePageCache.totalPageDisposalsUs,1774316711344000000,1774316771376000000,0
StorageLockContext.competingThreads.avg,1774316711344000000,1774316771376000000,0.0
FilePageCacheLockFree.totalPagesWritten,1774316711344000000,1774316771376000000,0
MappedFileStorage.totalBytesMapped,1774316711344000000,1774316771376000000,257163264
FilePageCacheLockFree.heapBytesInUse,1774316711344000000,1774316771376000000,0
MappedFileStorage.totalTimeSpentOnMappingUs,1774316711344000000,1774316771376000000,13885
FilePageCacheLockFree.nativeBytesInUse,1774316711344000000,1774316771376000000,0
DirectByteBufferAllocator.disposed,1774316711344000000,1774316771376000000,0
FilePageCacheLockFree.totalHeapBytesAllocated,1774316711344000000,1774316771376000000,0
StreamlinedBlobStorage.totalLiveRecordsCapacityBytes,1774316711344000000,1774316771376000000,0
MappedFileStorage.totalPagesMapped,1774316711344000000,1774316771376000000,22
FilePageCacheLockFree.totalPagesHandedOver,1774316711344000000,1774316771376000000,0
FilePageCacheLockFree.housekeeperTimeSpentMs,1774316711344000000,1774316771376000000,0
FilePageCacheLockFree.totalPagesRequestsMs,1774316711344000000,1774316771376000000,0
FilePageCacheLockFree.totalHeapBytesReclaimed,1774316711344000000,1774316771376000000,0
FilePageCache.pageLoads,1774316711344000000,1774316771376000000,0
FilePageCacheLockFree.totalBytesRead,1774316711344000000,1774316771376000000,0
FilePageCacheLockFree.totalNativeBytesReclaimed,1774316711344000000,1774316771376000000,0
DirectByteBufferAllocator.misses,1774316711344000000,1774316771376000000,0
FilePageCacheLockFree.totalClosedStoragesReclaimed,1774316711344000000,1774316771376000000,0
StreamlinedBlobStorage.recordsDeleted,1774316711344000000,1774316771376000000,0
StorageLockContext.competingThreads.90P,1774316711344000000,1774316771376000000,0
FilePageCache.pageHits,1774316711344000000,1774316771376000000,0
FilePageCache.pageFastCacheHits,1774316711344000000,1774316771376000000,0
compiler.ArtifactManagerBridge.initBridges.ms,1774316711344000000,1774316771376000000,0
compiler.ArtifactManagerBridge.commit.ms,1774316711344000000,1774316771376000000,0
compiler.ArtifactManagerBridge.getArtifactsByType.ms,1774316711344000000,1774316771376000000,0
compiler.ArtifactManagerBridge.getArtifacts.ms,1774316711344000000,1774316771376000000,0
compiler.ArtifactManagerBridge.dropMappings.ms,1774316711344000000,1774316771376000000,0
compiler.ArtifactVirtualFileListener.propertyChanged.ms,1774316711344000000,1774316771376000000,0
compiler.ArtifactManagerBridge.addArtifact.ms,1774316711344000000,1774316771376000000,0
compiler.ArtifactManagerBridge.findArtifact.ms,1774316711344000000,1774316771376000000,0
compiler.ArtifactVirtualFileListener.filePathChanged.ms,1774316711344000000,1774316771376000000,0
workspaceModel.workspaceFileIndexData.processFileSets.ms,1774316711344000000,1774316771376000000,0
workspaceModel.cachedValueWithParameters.calculated.count,1774316711344000000,1774316771376000000,0
workspaceModel.update.unloaded.entities.ms,1774316711344000000,1774316771376000000,0
workspaceModel.workspaceFileIndexData.instances.count,1774316711344000000,1774316771376000000,0
workspaceModel.cachedValueWithParameters.from.cache.count,1774316711344000000,1774316771376000000,0
workspaceModel.to.snapshot.ms,1774316711344000000,1774316771376000000,0
workspaceModel.workspaceFileIndexData.onEntitiesChanged.ms,1774316711344000000,1774316771376000000,0
workspaceModel.cachedValue.total.get.count,1774316711344000000,1774316771376000000,0
workspaceModel.on.changed.ms,1774316711344000000,1774316771376000000,0
workspaceModel.check.recursive.update.ms,1774316711344000000,1774316771376000000,0
workspaceModel.workspaceFileIndexData.markDirty.ms,1774316711344000000,1774316771376000000,0
workspaceModel.updates.ms,1774316711344000000,1774316771376000000,0
workspaceModel.workspaceFileIndexData.updateDirtyEntities.ms,1774316711344000000,1774316771376000000,0
workspaceModel.initializing.ms,1774316711344000000,1774316771376000000,0
workspaceModel.workspaceFileIndexData.visitFileSets.ms,1774316711344000000,1774316771376000000,0
workspaceModel.replace.project.model.ms,1774316711344000000,1774316771376000000,0
workspaceModel.cachedValueWithParameters.clear.count,1774316711344000000,1774316771376000000,0
workspaceModel.on.before.changed.ms,1774316711344000000,1774316771376000000,0
workspaceModel.init.bridges.ms,1774316711344000000,1774316771376000000,0
workspaceModel.collect.changes.ms,1774316711344000000,1774316771376000000,0
workspaceModel.updates.precise.ms,1774316711344000000,1774316771376000000,0
workspaceModel.cachedValue.clear.count,1774316711344000000,1774316771376000000,0
workspaceModel.workspaceFileIndexData.getFileInfo.ms,1774316711344000000,1774316771376000000,0
workspaceModel.workspaceFileIndexData.init.ms,1774316711344000000,1774316771376000000,0
workspaceModel.cachedValueWithParameters.total.get.count,1774316711344000000,1774316771376000000,0
workspaceModel.workspaceFileIndexContributor.registerFileSets.ms,1774316711344000000,1774316771376000000,0
workspaceModel.loading.from.cache.ms,1774316711344000000,1774316771376000000,0
workspaceModel.workspaceFileIndexData.getDirectoriesByPackageName.ms,1774316711344000000,1774316771376000000,0
workspaceModel.workspaceFileIndexData.getPackageName.ms,1774316711344000000,1774316771376000000,0
workspaceModel.loading.total.ms,1774316711344000000,1774316771376000000,0
workspaceModel.cachedValue.from.cache.count,1774316711344000000,1774316771376000000,0
workspaceModel.updates.count,1774316711344000000,1774316771376000000,0
workspaceModel.cachedValue.calculated.count,1774316711344000000,1774316771376000000,0
workspaceModel.entityStorageSnapshotImpl.instances.count,1774316711344000000,1774316771376000000,0
workspaceModel.full.replace.project.model.ms,1774316711344000000,1774316771376000000,0
workspaceModel.pre.handlers.ms,1774316711344000000,1774316771376000000,0
VFS.contentStorage.recordsStoredSize,1774316711344000000,1774316771376000000,0
VFS.contentStorage.recordsDeduplicated,1774316711344000000,1774316771376000000,0
VFS.fileByIdCache.hits,1774316711344000000,1774316771376000000,0
FileNameCache.queries,1774316711344000000,1774316771376000000,0
VFS.contentStorage.recordsReadSize,1774316711344000000,1774316771376000000,0
FileNameCache.totalMisses,1774316711344000000,1774316771376000000,0
VFS.invertedFileNameIndex.requests,1774316711344000000,1774316771376000000,0
VFS.contentStorage.recordsDecompressionTimeUs,1774316711344000000,1774316771376000000,0
VFS.contentStorage.recordsReadDecompressed,1774316711344000000,1774316771376000000,0
VFS.contentStorage.recordsStoredCompressed,1774316711344000000,1774316771376000000,0
VFS.fileByIdCache.misses,1774316711344000000,1774316771376000000,0
VFS.contentStorage.recordsUncompressedSize,1774316711344000000,1774316771376000000,0
VFS.fileChildByName,1774316711344000000,1774316771376000000,0
VFS.contentStorage.recordsStored,1774316711344000000,1774316771376000000,0
VFS.contentStorage.recordsRead,1774316711344000000,1774316771376000000,0
workspaceModel.moduleBridge.before.changed.ms,1774316771376000000,1774316831350000000,0
workspaceModel.moduleManagerBridge.new.nonPersistent.module.ms,1774316771376000000,1774316831350000000,0
workspaceModel.mutableEntityStorage.add.entity.ms,1774316771376000000,1774316831350000000,0
workspaceModel.moduleManagerBridge.load.all.modules.ms,1774316771376000000,1774316831350000000,0
jps.app.storage.content.writer.save.component.ms,1774316771376000000,1774316831350000000,0
jps.global.handle.before.change.events.ms,1774316771376000000,1774316831350000000,0
workspaceModel.moduleManagerBridge.build.module.graph.ms,1774316771376000000,1774316831350000000,0
workspaceModel.mutableEntityStorage.to.snapshot.ms,1774316771376000000,1774316831350000000,0
jps.module.iml.entities.serializer.save.entities.ms,1774316771376000000,1774316831350000000,0
workspaceModel.mutableEntityStorage.remove.entity.ms,1774316771376000000,1774316831350000000,0
jps.library.entities.serializer.load.entities.ms,1774316771376000000,1774316831350000000,0
workspaceModel.mutableEntityStorage.entities.ms,1774316771376000000,1774316831350000000,0
workspaceModel.save.cache.to.file.ms,1774316771376000000,1774316831350000000,0
jps.global.handle.changed.events.ms,1774316771376000000,1774316831350000000,0
jps.facet.change.listener.process.change.events.ms,1774316771376000000,1774316831350000000,0
jps.global.get.library.by.name.ms,1774316771376000000,1774316831350000000,0
workspaceModel.mutableEntityStorage.changeLog.addReplaceEventForRemovedParent.ms,1774316771376000000,1774316831350000000,0
workspaceModel.mutableEntityStorage.replace.by.source.ms,1774316771376000000,1774316831350000000,0
jps.project.serializers.load.ms,1774316771376000000,1774316831350000000,0
jps.global.get.libraries.ms,1774316771376000000,1774316831350000000,0
jps.load.project.to.empty.storage.ms,1774316771376000000,1774316831350000000,0
workspaceModel.mutableEntityStorage.mutable.vfurl.index.ms,1774316771376000000,1774316831350000000,0
workspaceModel.load.cache.from.file.ms,1774316771376000000,1774316831350000000,0
jps.storage.jps.conf.reader.load.component.ms,1774316771376000000,1774316831350000000,0
jps.global.initialize.library.bridges.after.loading.ms,1774316771376000000,1774316831350000000,0
workspaceModel.sync.entities.ms,1774316771376000000,1774316831350000000,0
jps.global.get.library.ms,1774316771376000000,1774316831350000000,0
workspaceModel.global.apply.state.to.project.builder.ms,1774316771376000000,1774316831350000000,0
workspaceModel.moduleManagerBridge.newModule.ms,1774316771376000000,1774316831350000000,0
workspaceModel.mutableEntityStorage.put.entity.ms,1774316771376000000,1774316831350000000,0
jps.reload.project.entities.ms,1774316771376000000,1774316831350000000,0
jps.apply.loaded.storage.ms,1774316771376000000,1774316831350000000,0
workspaceModel.moduleBridge.update.option.ms,1774316771376000000,1774316831350000000,0
jps.facet.change.listener.before.change.events.ms,1774316771376000000,1774316831350000000,0
workspaceModel.global.updates.ms,1774316771376000000,1774316831350000000,0
workspaceModel.moduleBridge.facet.initialization.ms,1774316771376000000,1774316831350000000,0
jps.artifact.entities.serializer.save.entities.ms,1774316771376000000,1774316831350000000,0
workspaceModel.delayed.project.synchronizer.sync.ms,1774316771376000000,1774316831350000000,0
workspaceModel.mutableEntityStorage.changeLog.addReplaceEventForNewParent.ms,1774316771376000000,1774316831350000000,0
workspaceModel.moduleManagerBridge.load.module.ms,1774316771376000000,1774316831350000000,0
jps.app.storage.content.reader.load.component.ms,1774316771376000000,1774316831350000000,0
jps.artifact.entities.serializer.load.entities.ms,1774316771376000000,1774316831350000000,0
workspaceModel.moduleBridgeLoader.loading.modules.ms,1774316771376000000,1774316831350000000,0
workspaceModel.global.updates.count,1774316771376000000,1774316831350000000,0
workspaceModel.orphan.listener.update.ms,1774316771376000000,1774316831350000000,0
workspaceModel.global.apply.state.to.project.ms,1774316771376000000,1774316831350000000,0
workspaceModel.mutableEntityStorage.has.same.entities.ms,1774316771376000000,1774316831350000000,0
workspaceModel.mutableEntityStorage.modify.entity.ms,1774316771376000000,1774316831350000000,0
workspaceModel.mutableEntityStorage.instances.count,1774316771376000000,1774316831350000000,0
jps.module.iml.entities.serializer.load.entities.ms,1774316771376000000,1774316831350000000,0
workspaceModel.mutableEntityStorage.mutable.ext.mapping.ms,1774316771376000000,1774316831350000000,0
workspaceModel.mutableEntityStorage.changeLog.addReplaceEventForRemovedChild.ms,1774316771376000000,1774316831350000000,0
workspaceModel.load.cache.metadata.from.file.ms,1774316771376000000,1774316831350000000,0
workspaceModel.moduleManagerBridge.create.module.instance.ms,1774316771376000000,1774316831350000000,0
workspaceModel.moduleManagerBridge.set.unloadedModules.ms,1774316771376000000,1774316831350000000,0
jps.library.entities.serializer.save.entities.ms,1774316771376000000,1774316831350000000,0
workspaceModel.do.save.caches.ms,1774316771376000000,1774316831350000000,0
jps.save.global.entities.ms,1774316771376000000,1774316831350000000,0
jps.global.initialize.library.bridges.ms,1774316771376000000,1774316831350000000,0
workspaceModel.mutableEntityStorage.collect.changes.ms,1774316771376000000,1774316831350000000,0
workspaceModel.mutableEntityStorage.resolve.ms,1774316771376000000,1774316831350000000,0
workspaceModel.moduleManagerBridge.get.modules.ms,1774316771376000000,1774316831350000000,0
workspaceModel.mutableEntityStorage.referrers.ms,1774316771376000000,1774316831350000000,0
jps.save.changed.project.entities.ms,1774316771376000000,1774316831350000000,0
workspaceModel.mutableEntityStorage.entities.by.source.ms,1774316771376000000,1774316831350000000,0
workspaceModel.mutableEntityStorage.apply.changes.from.ms,1774316771376000000,1774316831350000000,0
jps.module.dependency.index.workspace.model.listener.on.changed.ms,1774316771376000000,1774316831350000000,0
jps.project.serializers.save.ms,1774316771376000000,1774316831350000000,0
workspaceModel.mutableEntityStorage.changeLog.addReplaceEventForNewChild.ms,1774316771376000000,1774316831350000000,0
jps.facet.change.listener.init.bridge.ms,1774316771376000000,1774316831350000000,0
jps.load.initial.state.ms,1774316771376000000,1774316831350000000,0
cacheStateStorage.set.duration,1774316771376000000,1774316831350000000,0
cacheStateStorage.get.duration,1774316771376000000,1774316831350000000,0
cacheStateStorage.set.counter,1774316771376000000,1774316831350000000,0
cacheStateStorage.get.counter,1774316771376000000,1774316831350000000,0
AWTEventQueue.dispatchTimeTotalNS,1774316771376000000,1774316831350000000,75496334
FlushQueue.waitingTimeMaxNs,1774316771376000000,1774316831350000000,0
NonBlockingReadAction.failedExecutionsCount,1774316771376000000,1774316831350000000,0
AWTEventQueue.eventsDispatched,1774316771376000000,1774316831350000000,0
WriteAction.executionsCount,1774316771376000000,1774316831350000000,0
FlushQueue.executionTimeMaxNs,1774316771376000000,1774316831350000000,0
FlushQueue.executionTimeAvgNs,1774316771376000000,1774316831350000000,0.0
ReadAction.executionsCount,1774316771376000000,1774316831350000000,0
FlushQueue.queueSizeAvg,1774316771376000000,1774316831350000000,0.0
FlushQueue.tasksExecuted,1774316771376000000,1774316831350000000,0
NonBlockingReadAction.finalizedExecutionsCount,1774316771376000000,1774316831350000000,0
NonBlockingReadAction.finalizedExecutionTimeUs,1774316771376000000,1774316831350000000,0
AWTEventQueue.dispatchTime90PNs,1774316771376000000,1774316831350000000,0
AWTEventQueue.dispatchTimeAvgNs,1774316771376000000,1774316831350000000,0.0
FlushQueue.queueSizeMax,1774316771376000000,1774316831350000000,0
FlushQueue.executionTime90PNs,1774316771376000000,1774316831350000000,0
AWTEventQueue.dispatchTimeMaxNs,1774316771376000000,1774316831350000000,0
FlushQueue.queueSize90P,1774316771376000000,1774316831350000000,0
FlushQueue.waitingTime90PNs,1774316771376000000,1774316831350000000,0
FlushQueue.waitingTimeAvgNs,1774316771376000000,1774316831350000000,0.0
NonBlockingReadAction.failedExecutionTimeUs,1774316771376000000,1774316831350000000,0
JVM.totalTimeAtSafepointsMs,1774316771376000000,1774316831350000000,0
JVM.totalBytesAllocated,1774316771376000000,1774316831350000000,16845880
JVM.maxHeapBytes,1774316771376000000,1774316831350000000,2147483648
JVM.newThreadsCount,1774316771376000000,1774316831350000000,0
JVM.totalTimeToSafepointsMs,1774316771376000000,1774316831350000000,0
JVM.totalCpuTimeMs,1774316771376000000,1774316831350000000,928
JVM.totalSafepointCount,1774316771376000000,1774316831350000000,2
JVM.totalDirectByteBuffersBytes,1774316771376000000,1774316831350000000,307410717
JVM.usedHeapBytes,1774316771376000000,1774316831350000000,480201928
JVM.GC.collections,1774316771376000000,1774316831350000000,0
JVM.threadCount,1774316771376000000,1774316831350000000,46
JVM.usedNativeBytes,1774316771376000000,1774316831350000000,407899392
JVM.maxThreadCount,1774316771376000000,1774316831350000000,125
OS.loadAverage,1774316771376000000,1774316831350000000,38.17041015625
JVM.GC.collectionTimesMs,1774316771376000000,1774316831350000000,0
writeAction.max.wait.ms,1774316771376000000,1774316831350000000,786
writeAction.count,1774316771376000000,1774316831350000000,0
DiskQueryRelay.taskWaitingTotalTimeUs,1774316771376000000,1774316831350000000,0
writeAction.wait.ms,1774316771376000000,1774316831350000000,0
writeAction.median.wait.ms,1774316771376000000,1774316831350000000,1200
DiskQueryRelay.tasksExecuted,1774316771376000000,1774316831350000000,0
DiskQueryRelay.tasksRequested,1774316771376000000,1774316831350000000,0
DiskQueryRelay.taskExecutionTotalTimeUs,1774316771376000000,1774316831350000000,0
Indexes.allKeys.lookups,1774316771376000000,1774316831350000000,0
IndexesFlusher.totalFlushesRetried,1774316771376000000,1774316831350000000,0
IndexesFlusher.totalFlushingTimeUs,1774316771376000000,1774316831350000000,272038
Indexes.allKeys.lookupDuration90PMs,1774316771376000000,1774316831350000000,0.0
Indexes.entries.lookupDuration90PMs,1774316771376000000,1774316831350000000,0.0
Indexing.writer_0.totalTimeSpentWritingMs,1774316771376000000,1774316831350000000,0
Indexing.cache.totalCacheAccesses,1774316771376000000,1774316831350000000,0
Indexes.allKeys.lookupDurationAvgMs,1774316771376000000,1774316831350000000,0.0
Indexing.cache.totalCacheMisses,1774316771376000000,1774316831350000000,0
Indexing.writesQueuedMax,1774316771376000000,1774316831350000000,0
Indexing.totalTimeIndexersSleptMs,1774316771376000000,1774316831350000000,0
Indexes.stubs.lookupDurationMaxMs,1774316771376000000,1774316831350000000,0.0
IndexesFlusher.totalFlushes,1774316771376000000,1774316831350000000,172
Indexing.cache.totalCacheEvicted,1774316771376000000,1774316831350000000,0
Indexes.allKeys.lookupDurationMaxMs,1774316771376000000,1774316831350000000,0.0
IndexesFlusher.totalContentionQuotaSpent,1774316771376000000,1774316831350000000,0
Indexing.writesQueuedMin,1774316771376000000,1774316831350000000,9223372036854775807
Indexing.writer_2.totalTimeSpentWritingMs,1774316771376000000,1774316831350000000,0
Indexes.stubs.lookupDuration90PMs,1774316771376000000,1774316831350000000,0.0
Indexes.stubs.lookups,1774316771376000000,1774316831350000000,0
Indexing.writer_1.totalTimeSpentWritingMs,1774316771376000000,1774316831350000000,0
Indexes.entries.lookupDurationMaxMs,1774316771376000000,1774316831350000000,0.0
Indexes.stubs.lookupDurationAvgMs,1774316771376000000,1774316831350000000,0.0
Indexing.writer_3.totalTimeSpentWritingMs,1774316771376000000,1774316831350000000,0
Indexes.entries.lookupDurationAvgMs,1774316771376000000,1774316831350000000,0.0
Indexes.entries.lookups,1774316771376000000,1774316831350000000,0
FilePageCacheLockFree.totalNativeBytesAllocated,1774316771376000000,1774316831350000000,0
DirectByteBufferAllocator.totalSizeOfBuffersAllocatedInBytes,1774316771376000000,1774316831350000000,305160192
FilePageCache.capacityInBytes,1774316771376000000,1774316831350000000,503316478
DirectByteBufferAllocator.totalSizeOfBuffersCachedInBytes,1774316771376000000,1774316831350000000,9437184
FilePageCacheLockFree.housekeeperTurnsDone,1774316771376000000,1774316831350000000,0
StreamlinedBlobStorage.totalLiveRecordsPayloadBytes,1774316771376000000,1774316831350000000,0
FileChannelInterruptsRetryer.totalRetriedAttempts,1774316771376000000,1774316831350000000,0
FilePageCache.uncachedFileAccess,1774316771376000000,1774316831350000000,0
StorageLockContext.competingThreads.max,1774316771376000000,1774316831350000000,0
DirectByteBufferAllocator.reclaimed,1774316771376000000,1774316831350000000,0
FilePageCache.pageLoadsAboveSizeThreshold,1774316771376000000,1774316831350000000,0
MappedFileStorage.storages,1774316771376000000,1774316831350000000,16
FilePageCacheLockFree.totalPagesAllocated,1774316771376000000,1774316831350000000,0
FilePageCacheLockFree.totalBytesWritten,1774316771376000000,1774316831350000000,0
FilePageCacheLockFree.totalPagesReclaimed,1774316771376000000,1774316831350000000,0
FilePageCache.disposedBuffers,1774316771376000000,1774316831350000000,0
FilePageCache.totalPageLoadsUs,1774316771376000000,1774316831350000000,0
StreamlinedBlobStorage.recordsRelocated,1774316771376000000,1774316831350000000,0
StreamlinedBlobStorage.recordsAllocated,1774316771376000000,1774316831350000000,0
FilePageCacheLockFree.housekeeperTurnsSkipped,1774316771376000000,1774316831350000000,0
FilePageCacheLockFree.totalPagesWriteMs,1774316771376000000,1774316831350000000,0
FilePageCacheLockFree.totalPagesRequested,1774316771376000000,1774316831350000000,0
FilePageCache.maxRegisteredFiles,1774316771376000000,1774316831350000000,547
FilePageCache.maxCacheSizeInBytes,1774316771376000000,1774316831350000000,305160192
FilePageCacheLockFree.totalPagesReadMs,1774316771376000000,1774316831350000000,0
FilePageCacheLockFree.totalBytesRequested,1774316771376000000,1774316831350000000,0
FilePageCacheLockFree.totalPageAllocationsWaited,1774316771376000000,1774316831350000000,0
DirectByteBufferAllocator.hits,1774316771376000000,1774316831350000000,0
FilePageCache.totalPageDisposalsUs,1774316771376000000,1774316831350000000,0
StorageLockContext.competingThreads.avg,1774316771376000000,1774316831350000000,0.0
FilePageCacheLockFree.totalPagesWritten,1774316771376000000,1774316831350000000,0
MappedFileStorage.totalBytesMapped,1774316771376000000,1774316831350000000,257163264
FilePageCacheLockFree.heapBytesInUse,1774316771376000000,1774316831350000000,0
MappedFileStorage.totalTimeSpentOnMappingUs,1774316771376000000,1774316831350000000,13885
FilePageCacheLockFree.nativeBytesInUse,1774316771376000000,1774316831350000000,0
DirectByteBufferAllocator.disposed,1774316771376000000,1774316831350000000,0
FilePageCacheLockFree.totalHeapBytesAllocated,1774316771376000000,1774316831350000000,0
StreamlinedBlobStorage.totalLiveRecordsCapacityBytes,1774316771376000000,1774316831350000000,0
MappedFileStorage.totalPagesMapped,1774316771376000000,1774316831350000000,22
FilePageCacheLockFree.totalPagesHandedOver,1774316771376000000,1774316831350000000,0
FilePageCacheLockFree.housekeeperTimeSpentMs,1774316771376000000,1774316831350000000,0
FilePageCacheLockFree.totalPagesRequestsMs,1774316771376000000,1774316831350000000,0
FilePageCacheLockFree.totalHeapBytesReclaimed,1774316771376000000,1774316831350000000,0
FilePageCache.pageLoads,1774316771376000000,1774316831350000000,0
FilePageCacheLockFree.totalBytesRead,1774316771376000000,1774316831350000000,0
FilePageCacheLockFree.totalNativeBytesReclaimed,1774316771376000000,1774316831350000000,0
DirectByteBufferAllocator.misses,1774316771376000000,1774316831350000000,0
FilePageCacheLockFree.totalClosedStoragesReclaimed,1774316771376000000,1774316831350000000,0
StreamlinedBlobStorage.recordsDeleted,1774316771376000000,1774316831350000000,0
StorageLockContext.competingThreads.90P,1774316771376000000,1774316831350000000,0
FilePageCache.pageHits,1774316771376000000,1774316831350000000,0
FilePageCache.pageFastCacheHits,1774316771376000000,1774316831350000000,0
compiler.ArtifactManagerBridge.initBridges.ms,1774316771376000000,1774316831350000000,0
compiler.ArtifactManagerBridge.commit.ms,1774316771376000000,1774316831350000000,0
compiler.ArtifactManagerBridge.getArtifactsByType.ms,1774316771376000000,1774316831350000000,0
compiler.ArtifactManagerBridge.getArtifacts.ms,1774316771376000000,1774316831350000000,0
compiler.ArtifactManagerBridge.dropMappings.ms,1774316771376000000,1774316831350000000,0
compiler.ArtifactVirtualFileListener.propertyChanged.ms,1774316771376000000,1774316831350000000,0
compiler.ArtifactManagerBridge.addArtifact.ms,1774316771376000000,1774316831350000000,0
compiler.ArtifactManagerBridge.findArtifact.ms,1774316771376000000,1774316831350000000,0
compiler.ArtifactVirtualFileListener.filePathChanged.ms,1774316771376000000,1774316831350000000,0
workspaceModel.workspaceFileIndexData.processFileSets.ms,1774316771376000000,1774316831350000000,0
workspaceModel.cachedValueWithParameters.calculated.count,1774316771376000000,1774316831350000000,0
workspaceModel.update.unloaded.entities.ms,1774316771376000000,1774316831350000000,0
workspaceModel.workspaceFileIndexData.instances.count,1774316771376000000,1774316831350000000,0
workspaceModel.cachedValueWithParameters.from.cache.count,1774316771376000000,1774316831350000000,0
workspaceModel.to.snapshot.ms,1774316771376000000,1774316831350000000,0
workspaceModel.workspaceFileIndexData.onEntitiesChanged.ms,1774316771376000000,1774316831350000000,0
workspaceModel.cachedValue.total.get.count,1774316771376000000,1774316831350000000,0
workspaceModel.on.changed.ms,1774316771376000000,1774316831350000000,0
workspaceModel.check.recursive.update.ms,1774316771376000000,1774316831350000000,0
workspaceModel.workspaceFileIndexData.markDirty.ms,1774316771376000000,1774316831350000000,0
workspaceModel.updates.ms,1774316771376000000,1774316831350000000,0
workspaceModel.workspaceFileIndexData.updateDirtyEntities.ms,1774316771376000000,1774316831350000000,0
workspaceModel.initializing.ms,1774316771376000000,1774316831350000000,0
workspaceModel.workspaceFileIndexData.visitFileSets.ms,1774316771376000000,1774316831350000000,0
workspaceModel.replace.project.model.ms,1774316771376000000,1774316831350000000,0
workspaceModel.cachedValueWithParameters.clear.count,1774316771376000000,1774316831350000000,0
workspaceModel.on.before.changed.ms,1774316771376000000,1774316831350000000,0
workspaceModel.init.bridges.ms,1774316771376000000,1774316831350000000,0
workspaceModel.collect.changes.ms,1774316771376000000,1774316831350000000,0
workspaceModel.updates.precise.ms,1774316771376000000,1774316831350000000,0
workspaceModel.cachedValue.clear.count,1774316771376000000,1774316831350000000,0
workspaceModel.workspaceFileIndexData.getFileInfo.ms,1774316771376000000,1774316831350000000,0
workspaceModel.workspaceFileIndexData.init.ms,1774316771376000000,1774316831350000000,0
workspaceModel.cachedValueWithParameters.total.get.count,1774316771376000000,1774316831350000000,0
workspaceModel.workspaceFileIndexContributor.registerFileSets.ms,1774316771376000000,1774316831350000000,0
workspaceModel.loading.from.cache.ms,1774316771376000000,1774316831350000000,0
workspaceModel.workspaceFileIndexData.getDirectoriesByPackageName.ms,1774316771376000000,1774316831350000000,0
workspaceModel.workspaceFileIndexData.getPackageName.ms,1774316771376000000,1774316831350000000,0
workspaceModel.loading.total.ms,1774316771376000000,1774316831350000000,0
workspaceModel.cachedValue.from.cache.count,1774316771376000000,1774316831350000000,0
workspaceModel.updates.count,1774316771376000000,1774316831350000000,0
workspaceModel.cachedValue.calculated.count,1774316771376000000,1774316831350000000,0
workspaceModel.entityStorageSnapshotImpl.instances.count,1774316771376000000,1774316831350000000,0
workspaceModel.full.replace.project.model.ms,1774316771376000000,1774316831350000000,0
workspaceModel.pre.handlers.ms,1774316771376000000,1774316831350000000,0
VFS.contentStorage.recordsStoredSize,1774316771376000000,1774316831350000000,0
VFS.contentStorage.recordsDeduplicated,1774316771376000000,1774316831350000000,0
VFS.fileByIdCache.hits,1774316771376000000,1774316831350000000,0
FileNameCache.queries,1774316771376000000,1774316831350000000,0
VFS.contentStorage.recordsReadSize,1774316771376000000,1774316831350000000,0
FileNameCache.totalMisses,1774316771376000000,1774316831350000000,0
VFS.invertedFileNameIndex.requests,1774316771376000000,1774316831350000000,0
VFS.contentStorage.recordsDecompressionTimeUs,1774316771376000000,1774316831350000000,0
VFS.contentStorage.recordsReadDecompressed,1774316771376000000,1774316831350000000,0
VFS.contentStorage.recordsStoredCompressed,1774316771376000000,1774316831350000000,0
VFS.fileByIdCache.misses,1774316771376000000,1774316831350000000,0
VFS.contentStorage.recordsUncompressedSize,1774316771376000000,1774316831350000000,0
VFS.fileChildByName,1774316771376000000,1774316831350000000,0
VFS.contentStorage.recordsStored,1774316771376000000,1774316831350000000,0
VFS.contentStorage.recordsRead,1774316771376000000,1774316831350000000,0
workspaceModel.moduleBridge.before.changed.ms,1774316831350000000,1774316891329000000,0
workspaceModel.moduleManagerBridge.new.nonPersistent.module.ms,1774316831350000000,1774316891329000000,0
workspaceModel.mutableEntityStorage.add.entity.ms,1774316831350000000,1774316891329000000,0
workspaceModel.moduleManagerBridge.load.all.modules.ms,1774316831350000000,1774316891329000000,0
jps.app.storage.content.writer.save.component.ms,1774316831350000000,1774316891329000000,0
jps.global.handle.before.change.events.ms,1774316831350000000,1774316891329000000,0
workspaceModel.moduleManagerBridge.build.module.graph.ms,1774316831350000000,1774316891329000000,0
workspaceModel.mutableEntityStorage.to.snapshot.ms,1774316831350000000,1774316891329000000,0
jps.module.iml.entities.serializer.save.entities.ms,1774316831350000000,1774316891329000000,0
workspaceModel.mutableEntityStorage.remove.entity.ms,1774316831350000000,1774316891329000000,0
jps.library.entities.serializer.load.entities.ms,1774316831350000000,1774316891329000000,0
workspaceModel.mutableEntityStorage.entities.ms,1774316831350000000,1774316891329000000,0
workspaceModel.save.cache.to.file.ms,1774316831350000000,1774316891329000000,0
jps.global.handle.changed.events.ms,1774316831350000000,1774316891329000000,0
jps.facet.change.listener.process.change.events.ms,1774316831350000000,1774316891329000000,0
jps.global.get.library.by.name.ms,1774316831350000000,1774316891329000000,0
workspaceModel.mutableEntityStorage.changeLog.addReplaceEventForRemovedParent.ms,1774316831350000000,1774316891329000000,0
workspaceModel.mutableEntityStorage.replace.by.source.ms,1774316831350000000,1774316891329000000,0
jps.project.serializers.load.ms,1774316831350000000,1774316891329000000,0
jps.global.get.libraries.ms,1774316831350000000,1774316891329000000,0
jps.load.project.to.empty.storage.ms,1774316831350000000,1774316891329000000,0
workspaceModel.mutableEntityStorage.mutable.vfurl.index.ms,1774316831350000000,1774316891329000000,0
workspaceModel.load.cache.from.file.ms,1774316831350000000,1774316891329000000,0
jps.storage.jps.conf.reader.load.component.ms,1774316831350000000,1774316891329000000,0
jps.global.initialize.library.bridges.after.loading.ms,1774316831350000000,1774316891329000000,0
workspaceModel.sync.entities.ms,1774316831350000000,1774316891329000000,0
jps.global.get.library.ms,1774316831350000000,1774316891329000000,0
workspaceModel.global.apply.state.to.project.builder.ms,1774316831350000000,1774316891329000000,0
workspaceModel.moduleManagerBridge.newModule.ms,1774316831350000000,1774316891329000000,0
workspaceModel.mutableEntityStorage.put.entity.ms,1774316831350000000,1774316891329000000,0
jps.reload.project.entities.ms,1774316831350000000,1774316891329000000,0
jps.apply.loaded.storage.ms,1774316831350000000,1774316891329000000,0
workspaceModel.moduleBridge.update.option.ms,1774316831350000000,1774316891329000000,0
jps.facet.change.listener.before.change.events.ms,1774316831350000000,1774316891329000000,0
workspaceModel.global.updates.ms,1774316831350000000,1774316891329000000,0
workspaceModel.moduleBridge.facet.initialization.ms,1774316831350000000,1774316891329000000,0
jps.artifact.entities.serializer.save.entities.ms,1774316831350000000,1774316891329000000,0
workspaceModel.delayed.project.synchronizer.sync.ms,1774316831350000000,1774316891329000000,0
workspaceModel.mutableEntityStorage.changeLog.addReplaceEventForNewParent.ms,1774316831350000000,1774316891329000000,0
workspaceModel.moduleManagerBridge.load.module.ms,1774316831350000000,1774316891329000000,0
jps.app.storage.content.reader.load.component.ms,1774316831350000000,1774316891329000000,0
jps.artifact.entities.serializer.load.entities.ms,1774316831350000000,1774316891329000000,0
workspaceModel.moduleBridgeLoader.loading.modules.ms,1774316831350000000,1774316891329000000,0
workspaceModel.global.updates.count,1774316831350000000,1774316891329000000,0
workspaceModel.orphan.listener.update.ms,1774316831350000000,1774316891329000000,0
workspaceModel.global.apply.state.to.project.ms,1774316831350000000,1774316891329000000,0
workspaceModel.mutableEntityStorage.has.same.entities.ms,1774316831350000000,1774316891329000000,0
workspaceModel.mutableEntityStorage.modify.entity.ms,1774316831350000000,1774316891329000000,0
workspaceModel.mutableEntityStorage.instances.count,1774316831350000000,1774316891329000000,0
jps.module.iml.entities.serializer.load.entities.ms,1774316831350000000,1774316891329000000,0
workspaceModel.mutableEntityStorage.mutable.ext.mapping.ms,1774316831350000000,1774316891329000000,0
workspaceModel.mutableEntityStorage.changeLog.addReplaceEventForRemovedChild.ms,1774316831350000000,1774316891329000000,0
workspaceModel.load.cache.metadata.from.file.ms,1774316831350000000,1774316891329000000,0
workspaceModel.moduleManagerBridge.create.module.instance.ms,1774316831350000000,1774316891329000000,0
workspaceModel.moduleManagerBridge.set.unloadedModules.ms,1774316831350000000,1774316891329000000,0
jps.library.entities.serializer.save.entities.ms,1774316831350000000,1774316891329000000,0
workspaceModel.do.save.caches.ms,1774316831350000000,1774316891329000000,0
jps.save.global.entities.ms,1774316831350000000,1774316891329000000,0
jps.global.initialize.library.bridges.ms,1774316831350000000,1774316891329000000,0
workspaceModel.mutableEntityStorage.collect.changes.ms,1774316831350000000,1774316891329000000,0
workspaceModel.mutableEntityStorage.resolve.ms,1774316831350000000,1774316891329000000,0
workspaceModel.moduleManagerBridge.get.modules.ms,1774316831350000000,1774316891329000000,0
workspaceModel.mutableEntityStorage.referrers.ms,1774316831350000000,1774316891329000000,0
jps.save.changed.project.entities.ms,1774316831350000000,1774316891329000000,0
workspaceModel.mutableEntityStorage.entities.by.source.ms,1774316831350000000,1774316891329000000,0
workspaceModel.mutableEntityStorage.apply.changes.from.ms,1774316831350000000,1774316891329000000,0
jps.module.dependency.index.workspace.model.listener.on.changed.ms,1774316831350000000,1774316891329000000,0
jps.project.serializers.save.ms,1774316831350000000,1774316891329000000,0
workspaceModel.mutableEntityStorage.changeLog.addReplaceEventForNewChild.ms,1774316831350000000,1774316891329000000,0
jps.facet.change.listener.init.bridge.ms,1774316831350000000,1774316891329000000,0
jps.load.initial.state.ms,1774316831350000000,1774316891329000000,0
cacheStateStorage.set.duration,1774316831350000000,1774316891329000000,0
cacheStateStorage.get.duration,1774316831350000000,1774316891329000000,0
cacheStateStorage.set.counter,1774316831350000000,1774316891329000000,0
cacheStateStorage.get.counter,1774316831350000000,1774316891329000000,0
AWTEventQueue.dispatchTimeTotalNS,1774316831350000000,1774316891329000000,60947709
FlushQueue.waitingTimeMaxNs,1774316831350000000,1774316891329000000,0
NonBlockingReadAction.failedExecutionsCount,1774316831350000000,1774316891329000000,0
AWTEventQueue.eventsDispatched,1774316831350000000,1774316891329000000,0
WriteAction.executionsCount,1774316831350000000,1774316891329000000,0
FlushQueue.executionTimeMaxNs,1774316831350000000,1774316891329000000,0
FlushQueue.executionTimeAvgNs,1774316831350000000,1774316891329000000,0.0
ReadAction.executionsCount,1774316831350000000,1774316891329000000,0
FlushQueue.queueSizeAvg,1774316831350000000,1774316891329000000,0.0
FlushQueue.tasksExecuted,1774316831350000000,1774316891329000000,0
NonBlockingReadAction.finalizedExecutionsCount,1774316831350000000,1774316891329000000,0
NonBlockingReadAction.finalizedExecutionTimeUs,1774316831350000000,1774316891329000000,0
AWTEventQueue.dispatchTime90PNs,1774316831350000000,1774316891329000000,0
AWTEventQueue.dispatchTimeAvgNs,1774316831350000000,1774316891329000000,0.0
FlushQueue.queueSizeMax,1774316831350000000,1774316891329000000,0
FlushQueue.executionTime90PNs,1774316831350000000,1774316891329000000,0
AWTEventQueue.dispatchTimeMaxNs,1774316831350000000,1774316891329000000,0
FlushQueue.queueSize90P,1774316831350000000,1774316891329000000,0
FlushQueue.waitingTime90PNs,1774316831350000000,1774316891329000000,0
FlushQueue.waitingTimeAvgNs,1774316831350000000,1774316891329000000,0.0
NonBlockingReadAction.failedExecutionTimeUs,1774316831350000000,1774316891329000000,0
JVM.totalTimeAtSafepointsMs,1774316831350000000,1774316891329000000,0
JVM.totalBytesAllocated,1774316831350000000,1774316891329000000,16797952
JVM.maxHeapBytes,1774316831350000000,1774316891329000000,2147483648
JVM.newThreadsCount,1774316831350000000,1774316891329000000,0
JVM.totalTimeToSafepointsMs,1774316831350000000,1774316891329000000,0
JVM.totalCpuTimeMs,1774316831350000000,1774316891329000000,879
JVM.totalSafepointCount,1774316831350000000,1774316891329000000,0
JVM.totalDirectByteBuffersBytes,1774316831350000000,1774316891329000000,307410717
JVM.usedHeapBytes,1774316831350000000,1774316891329000000,498027720
JVM.GC.collections,1774316831350000000,1774316891329000000,0
JVM.threadCount,1774316831350000000,1774316891329000000,46
JVM.usedNativeBytes,1774316831350000000,1774316891329000000,407920904
JVM.maxThreadCount,1774316831350000000,1774316891329000000,125
OS.loadAverage,1774316831350000000,1774316891329000000,28.66796875
JVM.GC.collectionTimesMs,1774316831350000000,1774316891329000000,0
writeAction.max.wait.ms,1774316831350000000,1774316891329000000,786
writeAction.count,1774316831350000000,1774316891329000000,0
DiskQueryRelay.taskWaitingTotalTimeUs,1774316831350000000,1774316891329000000,0
writeAction.wait.ms,1774316831350000000,1774316891329000000,0
writeAction.median.wait.ms,1774316831350000000,1774316891329000000,1200
DiskQueryRelay.tasksExecuted,1774316831350000000,1774316891329000000,0
DiskQueryRelay.tasksRequested,1774316831350000000,1774316891329000000,0
DiskQueryRelay.taskExecutionTotalTimeUs,1774316831350000000,1774316891329000000,0
Indexes.allKeys.lookups,1774316831350000000,1774316891329000000,0
IndexesFlusher.totalFlushesRetried,1774316831350000000,1774316891329000000,0
IndexesFlusher.totalFlushingTimeUs,1774316831350000000,1774316891329000000,298370
Indexes.allKeys.lookupDuration90PMs,1774316831350000000,1774316891329000000,0.0
Indexes.entries.lookupDuration90PMs,1774316831350000000,1774316891329000000,0.0
Indexing.writer_0.totalTimeSpentWritingMs,1774316831350000000,1774316891329000000,0
Indexing.cache.totalCacheAccesses,1774316831350000000,1774316891329000000,0
Indexes.allKeys.lookupDurationAvgMs,1774316831350000000,1774316891329000000,0.0
Indexing.cache.totalCacheMisses,1774316831350000000,1774316891329000000,0
Indexing.writesQueuedMax,1774316831350000000,1774316891329000000,0
Indexing.totalTimeIndexersSleptMs,1774316831350000000,1774316891329000000,0
Indexes.stubs.lookupDurationMaxMs,1774316831350000000,1774316891329000000,0.0
IndexesFlusher.totalFlushes,1774316831350000000,1774316891329000000,173
Indexing.cache.totalCacheEvicted,1774316831350000000,1774316891329000000,0
Indexes.allKeys.lookupDurationMaxMs,1774316831350000000,1774316891329000000,0.0
IndexesFlusher.totalContentionQuotaSpent,1774316831350000000,1774316891329000000,0
Indexing.writesQueuedMin,1774316831350000000,1774316891329000000,9223372036854775807
Indexing.writer_2.totalTimeSpentWritingMs,1774316831350000000,1774316891329000000,0
Indexes.stubs.lookupDuration90PMs,1774316831350000000,1774316891329000000,0.0
Indexes.stubs.lookups,1774316831350000000,1774316891329000000,0
Indexing.writer_1.totalTimeSpentWritingMs,1774316831350000000,1774316891329000000,0
Indexes.entries.lookupDurationMaxMs,1774316831350000000,1774316891329000000,0.0
Indexes.stubs.lookupDurationAvgMs,1774316831350000000,1774316891329000000,0.0
Indexing.writer_3.totalTimeSpentWritingMs,1774316831350000000,1774316891329000000,0
Indexes.entries.lookupDurationAvgMs,1774316831350000000,1774316891329000000,0.0
Indexes.entries.lookups,1774316831350000000,1774316891329000000,0
FilePageCacheLockFree.totalNativeBytesAllocated,1774316831350000000,1774316891329000000,0
DirectByteBufferAllocator.totalSizeOfBuffersAllocatedInBytes,1774316831350000000,1774316891329000000,305160192
FilePageCache.capacityInBytes,1774316831350000000,1774316891329000000,503316478
DirectByteBufferAllocator.totalSizeOfBuffersCachedInBytes,1774316831350000000,1774316891329000000,9437184
FilePageCacheLockFree.housekeeperTurnsDone,1774316831350000000,1774316891329000000,0
StreamlinedBlobStorage.totalLiveRecordsPayloadBytes,1774316831350000000,1774316891329000000,0
FileChannelInterruptsRetryer.totalRetriedAttempts,1774316831350000000,1774316891329000000,0
FilePageCache.uncachedFileAccess,1774316831350000000,1774316891329000000,0
StorageLockContext.competingThreads.max,1774316831350000000,1774316891329000000,0
DirectByteBufferAllocator.reclaimed,1774316831350000000,1774316891329000000,0
FilePageCache.pageLoadsAboveSizeThreshold,1774316831350000000,1774316891329000000,0
MappedFileStorage.storages,1774316831350000000,1774316891329000000,16
FilePageCacheLockFree.totalPagesAllocated,1774316831350000000,1774316891329000000,0
FilePageCacheLockFree.totalBytesWritten,1774316831350000000,1774316891329000000,0
FilePageCacheLockFree.totalPagesReclaimed,1774316831350000000,1774316891329000000,0
FilePageCache.disposedBuffers,1774316831350000000,1774316891329000000,0
FilePageCache.totalPageLoadsUs,1774316831350000000,1774316891329000000,0
StreamlinedBlobStorage.recordsRelocated,1774316831350000000,1774316891329000000,0
StreamlinedBlobStorage.recordsAllocated,1774316831350000000,1774316891329000000,0
FilePageCacheLockFree.housekeeperTurnsSkipped,1774316831350000000,1774316891329000000,0
FilePageCacheLockFree.totalPagesWriteMs,1774316831350000000,1774316891329000000,0
FilePageCacheLockFree.totalPagesRequested,1774316831350000000,1774316891329000000,0
FilePageCache.maxRegisteredFiles,1774316831350000000,1774316891329000000,547
FilePageCache.maxCacheSizeInBytes,1774316831350000000,1774316891329000000,305160192
FilePageCacheLockFree.totalPagesReadMs,1774316831350000000,1774316891329000000,0
FilePageCacheLockFree.totalBytesRequested,1774316831350000000,1774316891329000000,0
FilePageCacheLockFree.totalPageAllocationsWaited,1774316831350000000,1774316891329000000,0
DirectByteBufferAllocator.hits,1774316831350000000,1774316891329000000,0
FilePageCache.totalPageDisposalsUs,1774316831350000000,1774316891329000000,0
StorageLockContext.competingThreads.avg,1774316831350000000,1774316891329000000,0.0
FilePageCacheLockFree.totalPagesWritten,1774316831350000000,1774316891329000000,0
MappedFileStorage.totalBytesMapped,1774316831350000000,1774316891329000000,257163264
FilePageCacheLockFree.heapBytesInUse,1774316831350000000,1774316891329000000,0
MappedFileStorage.totalTimeSpentOnMappingUs,1774316831350000000,1774316891329000000,13885
FilePageCacheLockFree.nativeBytesInUse,1774316831350000000,1774316891329000000,0
DirectByteBufferAllocator.disposed,1774316831350000000,1774316891329000000,0
FilePageCacheLockFree.totalHeapBytesAllocated,1774316831350000000,1774316891329000000,0
StreamlinedBlobStorage.totalLiveRecordsCapacityBytes,1774316831350000000,1774316891329000000,0
MappedFileStorage.totalPagesMapped,1774316831350000000,1774316891329000000,22
FilePageCacheLockFree.totalPagesHandedOver,1774316831350000000,1774316891329000000,0
FilePageCacheLockFree.housekeeperTimeSpentMs,1774316831350000000,1774316891329000000,0
FilePageCacheLockFree.totalPagesRequestsMs,1774316831350000000,1774316891329000000,0
FilePageCacheLockFree.totalHeapBytesReclaimed,1774316831350000000,1774316891329000000,0
FilePageCache.pageLoads,1774316831350000000,1774316891329000000,0
FilePageCacheLockFree.totalBytesRead,1774316831350000000,1774316891329000000,0
FilePageCacheLockFree.totalNativeBytesReclaimed,1774316831350000000,1774316891329000000,0
DirectByteBufferAllocator.misses,1774316831350000000,1774316891329000000,0
FilePageCacheLockFree.totalClosedStoragesReclaimed,1774316831350000000,1774316891329000000,0
StreamlinedBlobStorage.recordsDeleted,1774316831350000000,1774316891329000000,0
StorageLockContext.competingThreads.90P,1774316831350000000,1774316891329000000,0
FilePageCache.pageHits,1774316831350000000,1774316891329000000,0
FilePageCache.pageFastCacheHits,1774316831350000000,1774316891329000000,0
compiler.ArtifactManagerBridge.initBridges.ms,1774316831350000000,1774316891329000000,0
compiler.ArtifactManagerBridge.commit.ms,1774316831350000000,1774316891329000000,0
compiler.ArtifactManagerBridge.getArtifactsByType.ms,1774316831350000000,1774316891329000000,0
compiler.ArtifactManagerBridge.getArtifacts.ms,1774316831350000000,1774316891329000000,0
compiler.ArtifactManagerBridge.dropMappings.ms,1774316831350000000,1774316891329000000,0
compiler.ArtifactVirtualFileListener.propertyChanged.ms,1774316831350000000,1774316891329000000,0
compiler.ArtifactManagerBridge.addArtifact.ms,1774316831350000000,1774316891329000000,0
compiler.ArtifactManagerBridge.findArtifact.ms,1774316831350000000,1774316891329000000,0
compiler.ArtifactVirtualFileListener.filePathChanged.ms,1774316831350000000,1774316891329000000,0
workspaceModel.workspaceFileIndexData.processFileSets.ms,1774316831350000000,1774316891329000000,0
workspaceModel.cachedValueWithParameters.calculated.count,1774316831350000000,1774316891329000000,0
workspaceModel.update.unloaded.entities.ms,1774316831350000000,1774316891329000000,0
workspaceModel.workspaceFileIndexData.instances.count,1774316831350000000,1774316891329000000,0
workspaceModel.cachedValueWithParameters.from.cache.count,1774316831350000000,1774316891329000000,0
workspaceModel.to.snapshot.ms,1774316831350000000,1774316891329000000,0
workspaceModel.workspaceFileIndexData.onEntitiesChanged.ms,1774316831350000000,1774316891329000000,0
workspaceModel.cachedValue.total.get.count,1774316831350000000,1774316891329000000,0
workspaceModel.on.changed.ms,1774316831350000000,1774316891329000000,0
workspaceModel.check.recursive.update.ms,1774316831350000000,1774316891329000000,0
workspaceModel.workspaceFileIndexData.markDirty.ms,1774316831350000000,1774316891329000000,0
workspaceModel.updates.ms,1774316831350000000,1774316891329000000,0
workspaceModel.workspaceFileIndexData.updateDirtyEntities.ms,1774316831350000000,1774316891329000000,0
workspaceModel.initializing.ms,1774316831350000000,1774316891329000000,0
workspaceModel.workspaceFileIndexData.visitFileSets.ms,1774316831350000000,1774316891329000000,0
workspaceModel.replace.project.model.ms,1774316831350000000,1774316891329000000,0
workspaceModel.cachedValueWithParameters.clear.count,1774316831350000000,1774316891329000000,0
workspaceModel.on.before.changed.ms,1774316831350000000,1774316891329000000,0
workspaceModel.init.bridges.ms,1774316831350000000,1774316891329000000,0
workspaceModel.collect.changes.ms,1774316831350000000,1774316891329000000,0
workspaceModel.updates.precise.ms,1774316831350000000,1774316891329000000,0
workspaceModel.cachedValue.clear.count,1774316831350000000,1774316891329000000,0
workspaceModel.workspaceFileIndexData.getFileInfo.ms,1774316831350000000,1774316891329000000,0
workspaceModel.workspaceFileIndexData.init.ms,1774316831350000000,1774316891329000000,0
workspaceModel.cachedValueWithParameters.total.get.count,1774316831350000000,1774316891329000000,0
workspaceModel.workspaceFileIndexContributor.registerFileSets.ms,1774316831350000000,1774316891329000000,0
workspaceModel.loading.from.cache.ms,1774316831350000000,1774316891329000000,0
workspaceModel.workspaceFileIndexData.getDirectoriesByPackageName.ms,1774316831350000000,1774316891329000000,0
workspaceModel.workspaceFileIndexData.getPackageName.ms,1774316831350000000,1774316891329000000,0
workspaceModel.loading.total.ms,1774316831350000000,1774316891329000000,0
workspaceModel.cachedValue.from.cache.count,1774316831350000000,1774316891329000000,0
workspaceModel.updates.count,1774316831350000000,1774316891329000000,0
workspaceModel.cachedValue.calculated.count,1774316831350000000,1774316891329000000,0
workspaceModel.entityStorageSnapshotImpl.instances.count,1774316831350000000,1774316891329000000,0
workspaceModel.full.replace.project.model.ms,1774316831350000000,1774316891329000000,0
workspaceModel.pre.handlers.ms,1774316831350000000,1774316891329000000,0
VFS.contentStorage.recordsStoredSize,1774316831350000000,1774316891329000000,0
VFS.contentStorage.recordsDeduplicated,1774316831350000000,1774316891329000000,0
VFS.fileByIdCache.hits,1774316831350000000,1774316891329000000,0
FileNameCache.queries,1774316831350000000,1774316891329000000,0
VFS.contentStorage.recordsReadSize,1774316831350000000,1774316891329000000,0
FileNameCache.totalMisses,1774316831350000000,1774316891329000000,0
VFS.invertedFileNameIndex.requests,1774316831350000000,1774316891329000000,0
VFS.contentStorage.recordsDecompressionTimeUs,1774316831350000000,1774316891329000000,0
VFS.contentStorage.recordsReadDecompressed,1774316831350000000,1774316891329000000,0
VFS.contentStorage.recordsStoredCompressed,1774316831350000000,1774316891329000000,0
VFS.fileByIdCache.misses,1774316831350000000,1774316891329000000,0
VFS.contentStorage.recordsUncompressedSize,1774316831350000000,1774316891329000000,0
VFS.fileChildByName,1774316831350000000,1774316891329000000,0
VFS.contentStorage.recordsStored,1774316831350000000,1774316891329000000,0
VFS.contentStorage.recordsRead,1774316831350000000,1774316891329000000,0
workspaceModel.moduleBridge.before.changed.ms,1774316891329000000,1774316951359000000,0
workspaceModel.moduleManagerBridge.new.nonPersistent.module.ms,1774316891329000000,1774316951359000000,0
workspaceModel.mutableEntityStorage.add.entity.ms,1774316891329000000,1774316951359000000,0
workspaceModel.moduleManagerBridge.load.all.modules.ms,1774316891329000000,1774316951359000000,0
jps.app.storage.content.writer.save.component.ms,1774316891329000000,1774316951359000000,0
jps.global.handle.before.change.events.ms,1774316891329000000,1774316951359000000,0
workspaceModel.moduleManagerBridge.build.module.graph.ms,1774316891329000000,1774316951359000000,0
workspaceModel.mutableEntityStorage.to.snapshot.ms,1774316891329000000,1774316951359000000,0
jps.module.iml.entities.serializer.save.entities.ms,1774316891329000000,1774316951359000000,0
workspaceModel.mutableEntityStorage.remove.entity.ms,1774316891329000000,1774316951359000000,0
jps.library.entities.serializer.load.entities.ms,1774316891329000000,1774316951359000000,0
workspaceModel.mutableEntityStorage.entities.ms,1774316891329000000,1774316951359000000,0
workspaceModel.save.cache.to.file.ms,1774316891329000000,1774316951359000000,0
jps.global.handle.changed.events.ms,1774316891329000000,1774316951359000000,0
jps.facet.change.listener.process.change.events.ms,1774316891329000000,1774316951359000000,0
jps.global.get.library.by.name.ms,1774316891329000000,1774316951359000000,0
workspaceModel.mutableEntityStorage.changeLog.addReplaceEventForRemovedParent.ms,1774316891329000000,1774316951359000000,0
workspaceModel.mutableEntityStorage.replace.by.source.ms,1774316891329000000,1774316951359000000,0
jps.project.serializers.load.ms,1774316891329000000,1774316951359000000,0
jps.global.get.libraries.ms,1774316891329000000,1774316951359000000,0
jps.load.project.to.empty.storage.ms,1774316891329000000,1774316951359000000,0
workspaceModel.mutableEntityStorage.mutable.vfurl.index.ms,1774316891329000000,1774316951359000000,0
workspaceModel.load.cache.from.file.ms,1774316891329000000,1774316951359000000,0
jps.storage.jps.conf.reader.load.component.ms,1774316891329000000,1774316951359000000,0
jps.global.initialize.library.bridges.after.loading.ms,1774316891329000000,1774316951359000000,0
workspaceModel.sync.entities.ms,1774316891329000000,1774316951359000000,0
jps.global.get.library.ms,1774316891329000000,1774316951359000000,0
workspaceModel.global.apply.state.to.project.builder.ms,1774316891329000000,1774316951359000000,0
workspaceModel.moduleManagerBridge.newModule.ms,1774316891329000000,1774316951359000000,0
workspaceModel.mutableEntityStorage.put.entity.ms,1774316891329000000,1774316951359000000,0
jps.reload.project.entities.ms,1774316891329000000,1774316951359000000,0
jps.apply.loaded.storage.ms,1774316891329000000,1774316951359000000,0
workspaceModel.moduleBridge.update.option.ms,1774316891329000000,1774316951359000000,0
jps.facet.change.listener.before.change.events.ms,1774316891329000000,1774316951359000000,0
workspaceModel.global.updates.ms,1774316891329000000,1774316951359000000,0
workspaceModel.moduleBridge.facet.initialization.ms,1774316891329000000,1774316951359000000,0
jps.artifact.entities.serializer.save.entities.ms,1774316891329000000,1774316951359000000,0
workspaceModel.delayed.project.synchronizer.sync.ms,1774316891329000000,1774316951359000000,0
workspaceModel.mutableEntityStorage.changeLog.addReplaceEventForNewParent.ms,1774316891329000000,1774316951359000000,0
workspaceModel.moduleManagerBridge.load.module.ms,1774316891329000000,1774316951359000000,0
jps.app.storage.content.reader.load.component.ms,1774316891329000000,1774316951359000000,0
jps.artifact.entities.serializer.load.entities.ms,1774316891329000000,1774316951359000000,0
workspaceModel.moduleBridgeLoader.loading.modules.ms,1774316891329000000,1774316951359000000,0
workspaceModel.global.updates.count,1774316891329000000,1774316951359000000,0
workspaceModel.orphan.listener.update.ms,1774316891329000000,1774316951359000000,0
workspaceModel.global.apply.state.to.project.ms,1774316891329000000,1774316951359000000,0
workspaceModel.mutableEntityStorage.has.same.entities.ms,1774316891329000000,1774316951359000000,0
workspaceModel.mutableEntityStorage.modify.entity.ms,1774316891329000000,1774316951359000000,0
workspaceModel.mutableEntityStorage.instances.count,1774316891329000000,1774316951359000000,0
jps.module.iml.entities.serializer.load.entities.ms,1774316891329000000,1774316951359000000,0
workspaceModel.mutableEntityStorage.mutable.ext.mapping.ms,1774316891329000000,1774316951359000000,0
workspaceModel.mutableEntityStorage.changeLog.addReplaceEventForRemovedChild.ms,1774316891329000000,1774316951359000000,0
workspaceModel.load.cache.metadata.from.file.ms,1774316891329000000,1774316951359000000,0
workspaceModel.moduleManagerBridge.create.module.instance.ms,1774316891329000000,1774316951359000000,0
workspaceModel.moduleManagerBridge.set.unloadedModules.ms,1774316891329000000,1774316951359000000,0
jps.library.entities.serializer.save.entities.ms,1774316891329000000,1774316951359000000,0
workspaceModel.do.save.caches.ms,1774316891329000000,1774316951359000000,0
jps.save.global.entities.ms,1774316891329000000,1774316951359000000,0
jps.global.initialize.library.bridges.ms,1774316891329000000,1774316951359000000,0
workspaceModel.mutableEntityStorage.collect.changes.ms,1774316891329000000,1774316951359000000,0
workspaceModel.mutableEntityStorage.resolve.ms,1774316891329000000,1774316951359000000,0
workspaceModel.moduleManagerBridge.get.modules.ms,1774316891329000000,1774316951359000000,0
workspaceModel.mutableEntityStorage.referrers.ms,1774316891329000000,1774316951359000000,0
jps.save.changed.project.entities.ms,1774316891329000000,1774316951359000000,0
workspaceModel.mutableEntityStorage.entities.by.source.ms,1774316891329000000,1774316951359000000,0
workspaceModel.mutableEntityStorage.apply.changes.from.ms,1774316891329000000,1774316951359000000,0
jps.module.dependency.index.workspace.model.listener.on.changed.ms,1774316891329000000,1774316951359000000,0
jps.project.serializers.save.ms,1774316891329000000,1774316951359000000,0
workspaceModel.mutableEntityStorage.changeLog.addReplaceEventForNewChild.ms,1774316891329000000,1774316951359000000,0
jps.facet.change.listener.init.bridge.ms,1774316891329000000,1774316951359000000,0
jps.load.initial.state.ms,1774316891329000000,1774316951359000000,0
cacheStateStorage.set.duration,1774316891329000000,1774316951359000000,0
cacheStateStorage.get.duration,1774316891329000000,1774316951359000000,0
cacheStateStorage.set.counter,1774316891329000000,1774316951359000000,0
cacheStateStorage.get.counter,1774316891329000000,1774316951359000000,0
AWTEventQueue.dispatchTimeTotalNS,1774316891329000000,1774316951359000000,71522961
FlushQueue.waitingTimeMaxNs,1774316891329000000,1774316951359000000,0
NonBlockingReadAction.failedExecutionsCount,1774316891329000000,1774316951359000000,0
AWTEventQueue.eventsDispatched,1774316891329000000,1774316951359000000,0
WriteAction.executionsCount,1774316891329000000,1774316951359000000,0
FlushQueue.executionTimeMaxNs,1774316891329000000,1774316951359000000,0
FlushQueue.executionTimeAvgNs,1774316891329000000,1774316951359000000,0.0
ReadAction.executionsCount,1774316891329000000,1774316951359000000,0
FlushQueue.queueSizeAvg,1774316891329000000,1774316951359000000,0.0
FlushQueue.tasksExecuted,1774316891329000000,1774316951359000000,0
NonBlockingReadAction.finalizedExecutionsCount,1774316891329000000,1774316951359000000,0
NonBlockingReadAction.finalizedExecutionTimeUs,1774316891329000000,1774316951359000000,0
AWTEventQueue.dispatchTime90PNs,1774316891329000000,1774316951359000000,0
AWTEventQueue.dispatchTimeAvgNs,1774316891329000000,1774316951359000000,0.0
FlushQueue.queueSizeMax,1774316891329000000,1774316951359000000,0
FlushQueue.executionTime90PNs,1774316891329000000,1774316951359000000,0
AWTEventQueue.dispatchTimeMaxNs,1774316891329000000,1774316951359000000,0
FlushQueue.queueSize90P,1774316891329000000,1774316951359000000,0
FlushQueue.waitingTime90PNs,1774316891329000000,1774316951359000000,0
FlushQueue.waitingTimeAvgNs,1774316891329000000,1774316951359000000,0.0
NonBlockingReadAction.failedExecutionTimeUs,1774316891329000000,1774316951359000000,0
JVM.totalTimeAtSafepointsMs,1774316891329000000,1774316951359000000,0
JVM.totalBytesAllocated,1774316891329000000,1774316951359000000,16890072
JVM.maxHeapBytes,1774316891329000000,1774316951359000000,2147483648
JVM.newThreadsCount,1774316891329000000,1774316951359000000,0
JVM.totalTimeToSafepointsMs,1774316891329000000,1774316951359000000,0
JVM.totalCpuTimeMs,1774316891329000000,1774316951359000000,941
JVM.totalSafepointCount,1774316891329000000,1774316951359000000,2
JVM.totalDirectByteBuffersBytes,1774316891329000000,1774316951359000000,307410717
JVM.usedHeapBytes,1774316891329000000,1774316951359000000,514804936
JVM.GC.collections,1774316891329000000,1774316951359000000,0
JVM.threadCount,1774316891329000000,1774316951359000000,46
JVM.usedNativeBytes,1774316891329000000,1774316951359000000,407956880
JVM.maxThreadCount,1774316891329000000,1774316951359000000,125
OS.loadAverage,1774316891329000000,1774316951359000000,14.53857421875
JVM.GC.collectionTimesMs,1774316891329000000,1774316951359000000,0
writeAction.max.wait.ms,1774316891329000000,1774316951359000000,786
writeAction.count,1774316891329000000,1774316951359000000,0
DiskQueryRelay.taskWaitingTotalTimeUs,1774316891329000000,1774316951359000000,0
writeAction.wait.ms,1774316891329000000,1774316951359000000,0
writeAction.median.wait.ms,1774316891329000000,1774316951359000000,1200
DiskQueryRelay.tasksExecuted,1774316891329000000,1774316951359000000,0
DiskQueryRelay.tasksRequested,1774316891329000000,1774316951359000000,0
DiskQueryRelay.taskExecutionTotalTimeUs,1774316891329000000,1774316951359000000,0
Indexes.allKeys.lookups,1774316891329000000,1774316951359000000,0
IndexesFlusher.totalFlushesRetried,1774316891329000000,1774316951359000000,0
IndexesFlusher.totalFlushingTimeUs,1774316891329000000,1774316951359000000,291453
Indexes.allKeys.lookupDuration90PMs,1774316891329000000,1774316951359000000,0.0
Indexes.entries.lookupDuration90PMs,1774316891329000000,1774316951359000000,0.0
Indexing.writer_0.totalTimeSpentWritingMs,1774316891329000000,1774316951359000000,0
Indexing.cache.totalCacheAccesses,1774316891329000000,1774316951359000000,0
Indexes.allKeys.lookupDurationAvgMs,1774316891329000000,1774316951359000000,0.0
Indexing.cache.totalCacheMisses,1774316891329000000,1774316951359000000,0
Indexing.writesQueuedMax,1774316891329000000,1774316951359000000,0
Indexing.totalTimeIndexersSleptMs,1774316891329000000,1774316951359000000,0
Indexes.stubs.lookupDurationMaxMs,1774316891329000000,1774316951359000000,0.0
IndexesFlusher.totalFlushes,1774316891329000000,1774316951359000000,173
Indexing.cache.totalCacheEvicted,1774316891329000000,1774316951359000000,0
Indexes.allKeys.lookupDurationMaxMs,1774316891329000000,1774316951359000000,0.0
IndexesFlusher.totalContentionQuotaSpent,1774316891329000000,1774316951359000000,0
Indexing.writesQueuedMin,1774316891329000000,1774316951359000000,9223372036854775807
Indexing.writer_2.totalTimeSpentWritingMs,1774316891329000000,1774316951359000000,0
Indexes.stubs.lookupDuration90PMs,1774316891329000000,1774316951359000000,0.0
Indexes.stubs.lookups,1774316891329000000,1774316951359000000,0
Indexing.writer_1.totalTimeSpentWritingMs,1774316891329000000,1774316951359000000,0
Indexes.entries.lookupDurationMaxMs,1774316891329000000,1774316951359000000,0.0
Indexes.stubs.lookupDurationAvgMs,1774316891329000000,1774316951359000000,0.0
Indexing.writer_3.totalTimeSpentWritingMs,1774316891329000000,1774316951359000000,0
Indexes.entries.lookupDurationAvgMs,1774316891329000000,1774316951359000000,0.0
Indexes.entries.lookups,1774316891329000000,1774316951359000000,0
FilePageCacheLockFree.totalNativeBytesAllocated,1774316891329000000,1774316951359000000,0
DirectByteBufferAllocator.totalSizeOfBuffersAllocatedInBytes,1774316891329000000,1774316951359000000,305160192
FilePageCache.capacityInBytes,1774316891329000000,1774316951359000000,503316478
DirectByteBufferAllocator.totalSizeOfBuffersCachedInBytes,1774316891329000000,1774316951359000000,9437184
FilePageCacheLockFree.housekeeperTurnsDone,1774316891329000000,1774316951359000000,0
StreamlinedBlobStorage.totalLiveRecordsPayloadBytes,1774316891329000000,1774316951359000000,0
FileChannelInterruptsRetryer.totalRetriedAttempts,1774316891329000000,1774316951359000000,0
FilePageCache.uncachedFileAccess,1774316891329000000,1774316951359000000,0
StorageLockContext.competingThreads.max,1774316891329000000,1774316951359000000,0
DirectByteBufferAllocator.reclaimed,1774316891329000000,1774316951359000000,0
FilePageCache.pageLoadsAboveSizeThreshold,1774316891329000000,1774316951359000000,0
MappedFileStorage.storages,1774316891329000000,1774316951359000000,16
FilePageCacheLockFree.totalPagesAllocated,1774316891329000000,1774316951359000000,0
FilePageCacheLockFree.totalBytesWritten,1774316891329000000,1774316951359000000,0
FilePageCacheLockFree.totalPagesReclaimed,1774316891329000000,1774316951359000000,0
FilePageCache.disposedBuffers,1774316891329000000,1774316951359000000,0
FilePageCache.totalPageLoadsUs,1774316891329000000,1774316951359000000,0
StreamlinedBlobStorage.recordsRelocated,1774316891329000000,1774316951359000000,0
StreamlinedBlobStorage.recordsAllocated,1774316891329000000,1774316951359000000,0
FilePageCacheLockFree.housekeeperTurnsSkipped,1774316891329000000,1774316951359000000,0
FilePageCacheLockFree.totalPagesWriteMs,1774316891329000000,1774316951359000000,0
FilePageCacheLockFree.totalPagesRequested,1774316891329000000,1774316951359000000,0
FilePageCache.maxRegisteredFiles,1774316891329000000,1774316951359000000,547
FilePageCache.maxCacheSizeInBytes,1774316891329000000,1774316951359000000,305160192
FilePageCacheLockFree.totalPagesReadMs,1774316891329000000,1774316951359000000,0
FilePageCacheLockFree.totalBytesRequested,1774316891329000000,1774316951359000000,0
FilePageCacheLockFree.totalPageAllocationsWaited,1774316891329000000,1774316951359000000,0
DirectByteBufferAllocator.hits,1774316891329000000,1774316951359000000,0
FilePageCache.totalPageDisposalsUs,1774316891329000000,1774316951359000000,0
StorageLockContext.competingThreads.avg,1774316891329000000,1774316951359000000,0.0
FilePageCacheLockFree.totalPagesWritten,1774316891329000000,1774316951359000000,0
MappedFileStorage.totalBytesMapped,1774316891329000000,1774316951359000000,257163264
FilePageCacheLockFree.heapBytesInUse,1774316891329000000,1774316951359000000,0
MappedFileStorage.totalTimeSpentOnMappingUs,1774316891329000000,1774316951359000000,13885
FilePageCacheLockFree.nativeBytesInUse,1774316891329000000,1774316951359000000,0
DirectByteBufferAllocator.disposed,1774316891329000000,1774316951359000000,0
FilePageCacheLockFree.totalHeapBytesAllocated,1774316891329000000,1774316951359000000,0
StreamlinedBlobStorage.totalLiveRecordsCapacityBytes,1774316891329000000,1774316951359000000,0
MappedFileStorage.totalPagesMapped,1774316891329000000,1774316951359000000,22
FilePageCacheLockFree.totalPagesHandedOver,1774316891329000000,1774316951359000000,0
FilePageCacheLockFree.housekeeperTimeSpentMs,1774316891329000000,1774316951359000000,0
FilePageCacheLockFree.totalPagesRequestsMs,1774316891329000000,1774316951359000000,0
FilePageCacheLockFree.totalHeapBytesReclaimed,1774316891329000000,1774316951359000000,0
FilePageCache.pageLoads,1774316891329000000,1774316951359000000,0
FilePageCacheLockFree.totalBytesRead,1774316891329000000,1774316951359000000,0
FilePageCacheLockFree.totalNativeBytesReclaimed,1774316891329000000,1774316951359000000,0
DirectByteBufferAllocator.misses,1774316891329000000,1774316951359000000,0
FilePageCacheLockFree.totalClosedStoragesReclaimed,1774316891329000000,1774316951359000000,0
StreamlinedBlobStorage.recordsDeleted,1774316891329000000,1774316951359000000,0
StorageLockContext.competingThreads.90P,1774316891329000000,1774316951359000000,0
FilePageCache.pageHits,1774316891329000000,1774316951359000000,0
FilePageCache.pageFastCacheHits,1774316891329000000,1774316951359000000,0
compiler.ArtifactManagerBridge.initBridges.ms,1774316891329000000,1774316951359000000,0
compiler.ArtifactManagerBridge.commit.ms,1774316891329000000,1774316951359000000,0
compiler.ArtifactManagerBridge.getArtifactsByType.ms,1774316891329000000,1774316951359000000,0
compiler.ArtifactManagerBridge.getArtifacts.ms,1774316891329000000,1774316951359000000,0
compiler.ArtifactManagerBridge.dropMappings.ms,1774316891329000000,1774316951359000000,0
compiler.ArtifactVirtualFileListener.propertyChanged.ms,1774316891329000000,1774316951359000000,0
compiler.ArtifactManagerBridge.addArtifact.ms,1774316891329000000,1774316951359000000,0
compiler.ArtifactManagerBridge.findArtifact.ms,1774316891329000000,1774316951359000000,0
compiler.ArtifactVirtualFileListener.filePathChanged.ms,1774316891329000000,1774316951359000000,0
workspaceModel.workspaceFileIndexData.processFileSets.ms,1774316891329000000,1774316951359000000,0
workspaceModel.cachedValueWithParameters.calculated.count,1774316891329000000,1774316951359000000,0
workspaceModel.update.unloaded.entities.ms,1774316891329000000,1774316951359000000,0
workspaceModel.workspaceFileIndexData.instances.count,1774316891329000000,1774316951359000000,0
workspaceModel.cachedValueWithParameters.from.cache.count,1774316891329000000,1774316951359000000,0
workspaceModel.to.snapshot.ms,1774316891329000000,1774316951359000000,0
workspaceModel.workspaceFileIndexData.onEntitiesChanged.ms,1774316891329000000,1774316951359000000,0
workspaceModel.cachedValue.total.get.count,1774316891329000000,1774316951359000000,0
workspaceModel.on.changed.ms,1774316891329000000,1774316951359000000,0
workspaceModel.check.recursive.update.ms,1774316891329000000,1774316951359000000,0
workspaceModel.workspaceFileIndexData.markDirty.ms,1774316891329000000,1774316951359000000,0
workspaceModel.updates.ms,1774316891329000000,1774316951359000000,0
workspaceModel.workspaceFileIndexData.updateDirtyEntities.ms,1774316891329000000,1774316951359000000,0
workspaceModel.initializing.ms,1774316891329000000,1774316951359000000,0
workspaceModel.workspaceFileIndexData.visitFileSets.ms,1774316891329000000,1774316951359000000,0
workspaceModel.replace.project.model.ms,1774316891329000000,1774316951359000000,0
workspaceModel.cachedValueWithParameters.clear.count,1774316891329000000,1774316951359000000,0
workspaceModel.on.before.changed.ms,1774316891329000000,1774316951359000000,0
workspaceModel.init.bridges.ms,1774316891329000000,1774316951359000000,0
workspaceModel.collect.changes.ms,1774316891329000000,1774316951359000000,0
workspaceModel.updates.precise.ms,1774316891329000000,1774316951359000000,0
workspaceModel.cachedValue.clear.count,1774316891329000000,1774316951359000000,0
workspaceModel.workspaceFileIndexData.getFileInfo.ms,1774316891329000000,1774316951359000000,0
workspaceModel.workspaceFileIndexData.init.ms,1774316891329000000,1774316951359000000,0
workspaceModel.cachedValueWithParameters.total.get.count,1774316891329000000,1774316951359000000,0
workspaceModel.workspaceFileIndexContributor.registerFileSets.ms,1774316891329000000,1774316951359000000,0
workspaceModel.loading.from.cache.ms,1774316891329000000,1774316951359000000,0
workspaceModel.workspaceFileIndexData.getDirectoriesByPackageName.ms,1774316891329000000,1774316951359000000,0
workspaceModel.workspaceFileIndexData.getPackageName.ms,1774316891329000000,1774316951359000000,0
workspaceModel.loading.total.ms,1774316891329000000,1774316951359000000,0
workspaceModel.cachedValue.from.cache.count,1774316891329000000,1774316951359000000,0
workspaceModel.updates.count,1774316891329000000,1774316951359000000,0
workspaceModel.cachedValue.calculated.count,1774316891329000000,1774316951359000000,0
workspaceModel.entityStorageSnapshotImpl.instances.count,1774316891329000000,1774316951359000000,0
workspaceModel.full.replace.project.model.ms,1774316891329000000,1774316951359000000,0
workspaceModel.pre.handlers.ms,1774316891329000000,1774316951359000000,0
VFS.contentStorage.recordsStoredSize,1774316891329000000,1774316951359000000,0
VFS.contentStorage.recordsDeduplicated,1774316891329000000,1774316951359000000,0
VFS.fileByIdCache.hits,1774316891329000000,1774316951359000000,0
FileNameCache.queries,1774316891329000000,1774316951359000000,0
VFS.contentStorage.recordsReadSize,1774316891329000000,1774316951359000000,0
FileNameCache.totalMisses,1774316891329000000,1774316951359000000,0
VFS.invertedFileNameIndex.requests,1774316891329000000,1774316951359000000,0
VFS.contentStorage.recordsDecompressionTimeUs,1774316891329000000,1774316951359000000,0
VFS.contentStorage.recordsReadDecompressed,1774316891329000000,1774316951359000000,0
VFS.contentStorage.recordsStoredCompressed,1774316891329000000,1774316951359000000,0
VFS.fileByIdCache.misses,1774316891329000000,1774316951359000000,0
VFS.contentStorage.recordsUncompressedSize,1774316891329000000,1774316951359000000,0
VFS.fileChildByName,1774316891329000000,1774316951359000000,0
VFS.contentStorage.recordsStored,1774316891329000000,1774316951359000000,0
VFS.contentStorage.recordsRead,1774316891329000000,1774316951359000000,0
workspaceModel.moduleBridge.before.changed.ms,1774316951359000000,1774317011356000000,0
workspaceModel.moduleManagerBridge.new.nonPersistent.module.ms,1774316951359000000,1774317011356000000,0
workspaceModel.mutableEntityStorage.add.entity.ms,1774316951359000000,1774317011356000000,0
workspaceModel.moduleManagerBridge.load.all.modules.ms,1774316951359000000,1774317011356000000,0
jps.app.storage.content.writer.save.component.ms,1774316951359000000,1774317011356000000,0
jps.global.handle.before.change.events.ms,1774316951359000000,1774317011356000000,0
workspaceModel.moduleManagerBridge.build.module.graph.ms,1774316951359000000,1774317011356000000,0
workspaceModel.mutableEntityStorage.to.snapshot.ms,1774316951359000000,1774317011356000000,0
jps.module.iml.entities.serializer.save.entities.ms,1774316951359000000,1774317011356000000,0
workspaceModel.mutableEntityStorage.remove.entity.ms,1774316951359000000,1774317011356000000,0
jps.library.entities.serializer.load.entities.ms,1774316951359000000,1774317011356000000,0
workspaceModel.mutableEntityStorage.entities.ms,1774316951359000000,1774317011356000000,0
workspaceModel.save.cache.to.file.ms,1774316951359000000,1774317011356000000,0
jps.global.handle.changed.events.ms,1774316951359000000,1774317011356000000,0
jps.facet.change.listener.process.change.events.ms,1774316951359000000,1774317011356000000,0
jps.global.get.library.by.name.ms,1774316951359000000,1774317011356000000,0
workspaceModel.mutableEntityStorage.changeLog.addReplaceEventForRemovedParent.ms,1774316951359000000,1774317011356000000,0
workspaceModel.mutableEntityStorage.replace.by.source.ms,1774316951359000000,1774317011356000000,0
jps.project.serializers.load.ms,1774316951359000000,1774317011356000000,0
jps.global.get.libraries.ms,1774316951359000000,1774317011356000000,0
jps.load.project.to.empty.storage.ms,1774316951359000000,1774317011356000000,0
workspaceModel.mutableEntityStorage.mutable.vfurl.index.ms,1774316951359000000,1774317011356000000,0
workspaceModel.load.cache.from.file.ms,1774316951359000000,1774317011356000000,0
jps.storage.jps.conf.reader.load.component.ms,1774316951359000000,1774317011356000000,0
jps.global.initialize.library.bridges.after.loading.ms,1774316951359000000,1774317011356000000,0
workspaceModel.sync.entities.ms,1774316951359000000,1774317011356000000,0
jps.global.get.library.ms,1774316951359000000,1774317011356000000,0
workspaceModel.global.apply.state.to.project.builder.ms,1774316951359000000,1774317011356000000,0
workspaceModel.moduleManagerBridge.newModule.ms,1774316951359000000,1774317011356000000,0
workspaceModel.mutableEntityStorage.put.entity.ms,1774316951359000000,1774317011356000000,0
jps.reload.project.entities.ms,1774316951359000000,1774317011356000000,0
jps.apply.loaded.storage.ms,1774316951359000000,1774317011356000000,0
workspaceModel.moduleBridge.update.option.ms,1774316951359000000,1774317011356000000,0
jps.facet.change.listener.before.change.events.ms,1774316951359000000,1774317011356000000,0
workspaceModel.global.updates.ms,1774316951359000000,1774317011356000000,0
workspaceModel.moduleBridge.facet.initialization.ms,1774316951359000000,1774317011356000000,0
jps.artifact.entities.serializer.save.entities.ms,1774316951359000000,1774317011356000000,0
workspaceModel.delayed.project.synchronizer.sync.ms,1774316951359000000,1774317011356000000,0
workspaceModel.mutableEntityStorage.changeLog.addReplaceEventForNewParent.ms,1774316951359000000,1774317011356000000,0
workspaceModel.moduleManagerBridge.load.module.ms,1774316951359000000,1774317011356000000,0
jps.app.storage.content.reader.load.component.ms,1774316951359000000,1774317011356000000,0
jps.artifact.entities.serializer.load.entities.ms,1774316951359000000,1774317011356000000,0
workspaceModel.moduleBridgeLoader.loading.modules.ms,1774316951359000000,1774317011356000000,0
workspaceModel.global.updates.count,1774316951359000000,1774317011356000000,0
workspaceModel.orphan.listener.update.ms,1774316951359000000,1774317011356000000,0
workspaceModel.global.apply.state.to.project.ms,1774316951359000000,1774317011356000000,0
workspaceModel.mutableEntityStorage.has.same.entities.ms,1774316951359000000,1774317011356000000,0
workspaceModel.mutableEntityStorage.modify.entity.ms,1774316951359000000,1774317011356000000,0
workspaceModel.mutableEntityStorage.instances.count,1774316951359000000,1774317011356000000,0
jps.module.iml.entities.serializer.load.entities.ms,1774316951359000000,1774317011356000000,0
workspaceModel.mutableEntityStorage.mutable.ext.mapping.ms,1774316951359000000,1774317011356000000,0
workspaceModel.mutableEntityStorage.changeLog.addReplaceEventForRemovedChild.ms,1774316951359000000,1774317011356000000,0
workspaceModel.load.cache.metadata.from.file.ms,1774316951359000000,1774317011356000000,0
workspaceModel.moduleManagerBridge.create.module.instance.ms,1774316951359000000,1774317011356000000,0
workspaceModel.moduleManagerBridge.set.unloadedModules.ms,1774316951359000000,1774317011356000000,0
jps.library.entities.serializer.save.entities.ms,1774316951359000000,1774317011356000000,0
workspaceModel.do.save.caches.ms,1774316951359000000,1774317011356000000,0
jps.save.global.entities.ms,1774316951359000000,1774317011356000000,0
jps.global.initialize.library.bridges.ms,1774316951359000000,1774317011356000000,0
workspaceModel.mutableEntityStorage.collect.changes.ms,1774316951359000000,1774317011356000000,0
workspaceModel.mutableEntityStorage.resolve.ms,1774316951359000000,1774317011356000000,0
workspaceModel.moduleManagerBridge.get.modules.ms,1774316951359000000,1774317011356000000,0
workspaceModel.mutableEntityStorage.referrers.ms,1774316951359000000,1774317011356000000,0
jps.save.changed.project.entities.ms,1774316951359000000,1774317011356000000,0
workspaceModel.mutableEntityStorage.entities.by.source.ms,1774316951359000000,1774317011356000000,0
workspaceModel.mutableEntityStorage.apply.changes.from.ms,1774316951359000000,1774317011356000000,0
jps.module.dependency.index.workspace.model.listener.on.changed.ms,1774316951359000000,1774317011356000000,0
jps.project.serializers.save.ms,1774316951359000000,1774317011356000000,0
workspaceModel.mutableEntityStorage.changeLog.addReplaceEventForNewChild.ms,1774316951359000000,1774317011356000000,0
jps.facet.change.listener.init.bridge.ms,1774316951359000000,1774317011356000000,0
jps.load.initial.state.ms,1774316951359000000,1774317011356000000,0
cacheStateStorage.set.duration,1774316951359000000,1774317011356000000,0
cacheStateStorage.get.duration,1774316951359000000,1774317011356000000,0
cacheStateStorage.set.counter,1774316951359000000,1774317011356000000,0
cacheStateStorage.get.counter,1774316951359000000,1774317011356000000,0
AWTEventQueue.dispatchTimeTotalNS,1774316951359000000,1774317011356000000,68024366
FlushQueue.waitingTimeMaxNs,1774316951359000000,1774317011356000000,124415
NonBlockingReadAction.failedExecutionsCount,1774316951359000000,1774317011356000000,0
AWTEventQueue.eventsDispatched,1774316951359000000,1774317011356000000,1
WriteAction.executionsCount,1774316951359000000,1774317011356000000,0
FlushQueue.executionTimeMaxNs,1774316951359000000,1774317011356000000,9215
FlushQueue.executionTimeAvgNs,1774316951359000000,1774317011356000000,9184.0
ReadAction.executionsCount,1774316951359000000,1774317011356000000,228962
FlushQueue.queueSizeAvg,1774316951359000000,1774317011356000000,0.0
FlushQueue.tasksExecuted,1774316951359000000,1774317011356000000,1
NonBlockingReadAction.finalizedExecutionsCount,1774316951359000000,1774317011356000000,4
NonBlockingReadAction.finalizedExecutionTimeUs,1774316951359000000,1774317011356000000,17443
AWTEventQueue.dispatchTime90PNs,1774316951359000000,1774317011356000000,65279
AWTEventQueue.dispatchTimeAvgNs,1774316951359000000,1774317011356000000,65152.0
FlushQueue.queueSizeMax,1774316951359000000,1774317011356000000,0
FlushQueue.executionTime90PNs,1774316951359000000,1774317011356000000,9215
AWTEventQueue.dispatchTimeMaxNs,1774316951359000000,1774317011356000000,65279
FlushQueue.queueSize90P,1774316951359000000,1774317011356000000,0
FlushQueue.waitingTime90PNs,1774316951359000000,1774317011356000000,124415
FlushQueue.waitingTimeAvgNs,1774316951359000000,1774317011356000000,124160.0
NonBlockingReadAction.failedExecutionTimeUs,1774316951359000000,1774317011356000000,0
JVM.totalTimeAtSafepointsMs,1774316951359000000,1774317011356000000,0
JVM.totalBytesAllocated,1774316951359000000,1774317011356000000,94923408
JVM.maxHeapBytes,1774316951359000000,1774317011356000000,2147483648
JVM.newThreadsCount,1774316951359000000,1774317011356000000,0
JVM.totalTimeToSafepointsMs,1774316951359000000,1774317011356000000,1
JVM.totalCpuTimeMs,1774316951359000000,1774317011356000000,1269
JVM.totalSafepointCount,1774316951359000000,1774317011356000000,3
JVM.totalDirectByteBuffersBytes,1774316951359000000,1774317011356000000,307410717
JVM.usedHeapBytes,1774316951359000000,1774317011356000000,610225352
JVM.GC.collections,1774316951359000000,1774317011356000000,0
JVM.threadCount,1774316951359000000,1774317011356000000,46
JVM.usedNativeBytes,1774316951359000000,1774317011356000000,408164640
JVM.maxThreadCount,1774316951359000000,1774317011356000000,125
OS.loadAverage,1774316951359000000,1774317011356000000,10.03662109375
JVM.GC.collectionTimesMs,1774316951359000000,1774317011356000000,0
writeAction.max.wait.ms,1774316951359000000,1774317011356000000,786
writeAction.count,1774316951359000000,1774317011356000000,0
DiskQueryRelay.taskWaitingTotalTimeUs,1774316951359000000,1774317011356000000,0
writeAction.wait.ms,1774316951359000000,1774317011356000000,0
writeAction.median.wait.ms,1774316951359000000,1774317011356000000,1200
DiskQueryRelay.tasksExecuted,1774316951359000000,1774317011356000000,0
DiskQueryRelay.tasksRequested,1774316951359000000,1774317011356000000,0
DiskQueryRelay.taskExecutionTotalTimeUs,1774316951359000000,1774317011356000000,0
Indexes.allKeys.lookups,1774316951359000000,1774317011356000000,0
IndexesFlusher.totalFlushesRetried,1774316951359000000,1774317011356000000,0
IndexesFlusher.totalFlushingTimeUs,1774316951359000000,1774317011356000000,300147
Indexes.allKeys.lookupDuration90PMs,1774316951359000000,1774317011356000000,0.0
Indexes.entries.lookupDuration90PMs,1774316951359000000,1774317011356000000,0.0
Indexing.writer_0.totalTimeSpentWritingMs,1774316951359000000,1774317011356000000,0
Indexing.cache.totalCacheAccesses,1774316951359000000,1774317011356000000,0
Indexes.allKeys.lookupDurationAvgMs,1774316951359000000,1774317011356000000,0.0
Indexing.cache.totalCacheMisses,1774316951359000000,1774317011356000000,0
Indexing.writesQueuedMax,1774316951359000000,1774317011356000000,0
Indexing.totalTimeIndexersSleptMs,1774316951359000000,1774317011356000000,0
Indexes.stubs.lookupDurationMaxMs,1774316951359000000,1774317011356000000,0.0
IndexesFlusher.totalFlushes,1774316951359000000,1774317011356000000,172
Indexing.cache.totalCacheEvicted,1774316951359000000,1774317011356000000,0
Indexes.allKeys.lookupDurationMaxMs,1774316951359000000,1774317011356000000,0.0
IndexesFlusher.totalContentionQuotaSpent,1774316951359000000,1774317011356000000,0
Indexing.writesQueuedMin,1774316951359000000,1774317011356000000,9223372036854775807
Indexing.writer_2.totalTimeSpentWritingMs,1774316951359000000,1774317011356000000,0
Indexes.stubs.lookupDuration90PMs,1774316951359000000,1774317011356000000,0.0
Indexes.stubs.lookups,1774316951359000000,1774317011356000000,0
Indexing.writer_1.totalTimeSpentWritingMs,1774316951359000000,1774317011356000000,0
Indexes.entries.lookupDurationMaxMs,1774316951359000000,1774317011356000000,0.0
Indexes.stubs.lookupDurationAvgMs,1774316951359000000,1774317011356000000,0.0
Indexing.writer_3.totalTimeSpentWritingMs,1774316951359000000,1774317011356000000,0
Indexes.entries.lookupDurationAvgMs,1774316951359000000,1774317011356000000,0.0
Indexes.entries.lookups,1774316951359000000,1774317011356000000,0
FilePageCacheLockFree.totalNativeBytesAllocated,1774316951359000000,1774317011356000000,0
DirectByteBufferAllocator.totalSizeOfBuffersAllocatedInBytes,1774316951359000000,1774317011356000000,305160192
FilePageCache.capacityInBytes,1774316951359000000,1774317011356000000,503316478
DirectByteBufferAllocator.totalSizeOfBuffersCachedInBytes,1774316951359000000,1774317011356000000,9437184
FilePageCacheLockFree.housekeeperTurnsDone,1774316951359000000,1774317011356000000,0
StreamlinedBlobStorage.totalLiveRecordsPayloadBytes,1774316951359000000,1774317011356000000,0
FileChannelInterruptsRetryer.totalRetriedAttempts,1774316951359000000,1774317011356000000,0
FilePageCache.uncachedFileAccess,1774316951359000000,1774317011356000000,0
StorageLockContext.competingThreads.max,1774316951359000000,1774317011356000000,0
DirectByteBufferAllocator.reclaimed,1774316951359000000,1774317011356000000,0
FilePageCache.pageLoadsAboveSizeThreshold,1774316951359000000,1774317011356000000,0
MappedFileStorage.storages,1774316951359000000,1774317011356000000,16
FilePageCacheLockFree.totalPagesAllocated,1774316951359000000,1774317011356000000,0
FilePageCacheLockFree.totalBytesWritten,1774316951359000000,1774317011356000000,0
FilePageCacheLockFree.totalPagesReclaimed,1774316951359000000,1774317011356000000,0
FilePageCache.disposedBuffers,1774316951359000000,1774317011356000000,0
FilePageCache.totalPageLoadsUs,1774316951359000000,1774317011356000000,0
StreamlinedBlobStorage.recordsRelocated,1774316951359000000,1774317011356000000,0
StreamlinedBlobStorage.recordsAllocated,1774316951359000000,1774317011356000000,0
FilePageCacheLockFree.housekeeperTurnsSkipped,1774316951359000000,1774317011356000000,0
FilePageCacheLockFree.totalPagesWriteMs,1774316951359000000,1774317011356000000,0
FilePageCacheLockFree.totalPagesRequested,1774316951359000000,1774317011356000000,0
FilePageCache.maxRegisteredFiles,1774316951359000000,1774317011356000000,547
FilePageCache.maxCacheSizeInBytes,1774316951359000000,1774317011356000000,305160192
FilePageCacheLockFree.totalPagesReadMs,1774316951359000000,1774317011356000000,0
FilePageCacheLockFree.totalBytesRequested,1774316951359000000,1774317011356000000,0
FilePageCacheLockFree.totalPageAllocationsWaited,1774316951359000000,1774317011356000000,0
DirectByteBufferAllocator.hits,1774316951359000000,1774317011356000000,0
FilePageCache.totalPageDisposalsUs,1774316951359000000,1774317011356000000,0
StorageLockContext.competingThreads.avg,1774316951359000000,1774317011356000000,0.0
FilePageCacheLockFree.totalPagesWritten,1774316951359000000,1774317011356000000,0
MappedFileStorage.totalBytesMapped,1774316951359000000,1774317011356000000,257163264
FilePageCacheLockFree.heapBytesInUse,1774316951359000000,1774317011356000000,0
MappedFileStorage.totalTimeSpentOnMappingUs,1774316951359000000,1774317011356000000,13885
FilePageCacheLockFree.nativeBytesInUse,1774316951359000000,1774317011356000000,0
DirectByteBufferAllocator.disposed,1774316951359000000,1774317011356000000,0
FilePageCacheLockFree.totalHeapBytesAllocated,1774316951359000000,1774317011356000000,0
StreamlinedBlobStorage.totalLiveRecordsCapacityBytes,1774316951359000000,1774317011356000000,0
MappedFileStorage.totalPagesMapped,1774316951359000000,1774317011356000000,22
FilePageCacheLockFree.totalPagesHandedOver,1774316951359000000,1774317011356000000,0
FilePageCacheLockFree.housekeeperTimeSpentMs,1774316951359000000,1774317011356000000,0
FilePageCacheLockFree.totalPagesRequestsMs,1774316951359000000,1774317011356000000,0
FilePageCacheLockFree.totalHeapBytesReclaimed,1774316951359000000,1774317011356000000,0
FilePageCache.pageLoads,1774316951359000000,1774317011356000000,0
FilePageCacheLockFree.totalBytesRead,1774316951359000000,1774317011356000000,0
FilePageCacheLockFree.totalNativeBytesReclaimed,1774316951359000000,1774317011356000000,0
DirectByteBufferAllocator.misses,1774316951359000000,1774317011356000000,0
FilePageCacheLockFree.totalClosedStoragesReclaimed,1774316951359000000,1774317011356000000,0
StreamlinedBlobStorage.recordsDeleted,1774316951359000000,1774317011356000000,0
StorageLockContext.competingThreads.90P,1774316951359000000,1774317011356000000,0
FilePageCache.pageHits,1774316951359000000,1774317011356000000,0
FilePageCache.pageFastCacheHits,1774316951359000000,1774317011356000000,0
compiler.ArtifactManagerBridge.initBridges.ms,1774316951359000000,1774317011356000000,0
compiler.ArtifactManagerBridge.commit.ms,1774316951359000000,1774317011356000000,0
compiler.ArtifactManagerBridge.getArtifactsByType.ms,1774316951359000000,1774317011356000000,0
compiler.ArtifactManagerBridge.getArtifacts.ms,1774316951359000000,1774317011356000000,0
compiler.ArtifactManagerBridge.dropMappings.ms,1774316951359000000,1774317011356000000,0
compiler.ArtifactVirtualFileListener.propertyChanged.ms,1774316951359000000,1774317011356000000,0
compiler.ArtifactManagerBridge.addArtifact.ms,1774316951359000000,1774317011356000000,0
compiler.ArtifactManagerBridge.findArtifact.ms,1774316951359000000,1774317011356000000,0
compiler.ArtifactVirtualFileListener.filePathChanged.ms,1774316951359000000,1774317011356000000,0
workspaceModel.workspaceFileIndexData.processFileSets.ms,1774316951359000000,1774317011356000000,0
workspaceModel.cachedValueWithParameters.calculated.count,1774316951359000000,1774317011356000000,0
workspaceModel.update.unloaded.entities.ms,1774316951359000000,1774317011356000000,0
workspaceModel.workspaceFileIndexData.instances.count,1774316951359000000,1774317011356000000,0
workspaceModel.cachedValueWithParameters.from.cache.count,1774316951359000000,1774317011356000000,0
workspaceModel.to.snapshot.ms,1774316951359000000,1774317011356000000,0
workspaceModel.workspaceFileIndexData.onEntitiesChanged.ms,1774316951359000000,1774317011356000000,0
workspaceModel.cachedValue.total.get.count,1774316951359000000,1774317011356000000,1
workspaceModel.on.changed.ms,1774316951359000000,1774317011356000000,0
workspaceModel.check.recursive.update.ms,1774316951359000000,1774317011356000000,0
workspaceModel.workspaceFileIndexData.markDirty.ms,1774316951359000000,1774317011356000000,0
workspaceModel.updates.ms,1774316951359000000,1774317011356000000,0
workspaceModel.workspaceFileIndexData.updateDirtyEntities.ms,1774316951359000000,1774317011356000000,0
workspaceModel.initializing.ms,1774316951359000000,1774317011356000000,0
workspaceModel.workspaceFileIndexData.visitFileSets.ms,1774316951359000000,1774317011356000000,0
workspaceModel.replace.project.model.ms,1774316951359000000,1774317011356000000,0
workspaceModel.cachedValueWithParameters.clear.count,1774316951359000000,1774317011356000000,0
workspaceModel.on.before.changed.ms,1774316951359000000,1774317011356000000,0
workspaceModel.init.bridges.ms,1774316951359000000,1774317011356000000,0
workspaceModel.collect.changes.ms,1774316951359000000,1774317011356000000,0
workspaceModel.updates.precise.ms,1774316951359000000,1774317011356000000,0
workspaceModel.cachedValue.clear.count,1774316951359000000,1774317011356000000,0
workspaceModel.workspaceFileIndexData.getFileInfo.ms,1774316951359000000,1774317011356000000,22
workspaceModel.workspaceFileIndexData.init.ms,1774316951359000000,1774317011356000000,0
workspaceModel.cachedValueWithParameters.total.get.count,1774316951359000000,1774317011356000000,0
workspaceModel.workspaceFileIndexContributor.registerFileSets.ms,1774316951359000000,1774317011356000000,0
workspaceModel.loading.from.cache.ms,1774316951359000000,1774317011356000000,0
workspaceModel.workspaceFileIndexData.getDirectoriesByPackageName.ms,1774316951359000000,1774317011356000000,0
workspaceModel.workspaceFileIndexData.getPackageName.ms,1774316951359000000,1774317011356000000,0
workspaceModel.loading.total.ms,1774316951359000000,1774317011356000000,0
workspaceModel.cachedValue.from.cache.count,1774316951359000000,1774317011356000000,1
workspaceModel.updates.count,1774316951359000000,1774317011356000000,0
workspaceModel.cachedValue.calculated.count,1774316951359000000,1774317011356000000,0
workspaceModel.entityStorageSnapshotImpl.instances.count,1774316951359000000,1774317011356000000,0
workspaceModel.full.replace.project.model.ms,1774316951359000000,1774317011356000000,0
workspaceModel.pre.handlers.ms,1774316951359000000,1774317011356000000,0
VFS.contentStorage.recordsStoredSize,1774316951359000000,1774317011356000000,0
VFS.contentStorage.recordsDeduplicated,1774316951359000000,1774317011356000000,0
VFS.fileByIdCache.hits,1774316951359000000,1774317011356000000,0
FileNameCache.queries,1774316951359000000,1774317011356000000,384
VFS.contentStorage.recordsReadSize,1774316951359000000,1774317011356000000,0
FileNameCache.totalMisses,1774316951359000000,1774317011356000000,0
VFS.invertedFileNameIndex.requests,1774316951359000000,1774317011356000000,0
VFS.contentStorage.recordsDecompressionTimeUs,1774316951359000000,1774317011356000000,0
VFS.contentStorage.recordsReadDecompressed,1774316951359000000,1774317011356000000,0
VFS.contentStorage.recordsStoredCompressed,1774316951359000000,1774317011356000000,0
VFS.fileByIdCache.misses,1774316951359000000,1774317011356000000,0
VFS.contentStorage.recordsUncompressedSize,1774316951359000000,1774317011356000000,0
VFS.fileChildByName,1774316951359000000,1774317011356000000,31
VFS.contentStorage.recordsStored,1774316951359000000,1774317011356000000,0
VFS.contentStorage.recordsRead,1774316951359000000,1774317011356000000,0
workspaceModel.moduleBridge.before.changed.ms,1774317011356000000,1774317071364000000,0
workspaceModel.moduleManagerBridge.new.nonPersistent.module.ms,1774317011356000000,1774317071364000000,0
workspaceModel.mutableEntityStorage.add.entity.ms,1774317011356000000,1774317071364000000,0
workspaceModel.moduleManagerBridge.load.all.modules.ms,1774317011356000000,1774317071364000000,0
jps.app.storage.content.writer.save.component.ms,1774317011356000000,1774317071364000000,0
jps.global.handle.before.change.events.ms,1774317011356000000,1774317071364000000,0
workspaceModel.moduleManagerBridge.build.module.graph.ms,1774317011356000000,1774317071364000000,0
workspaceModel.mutableEntityStorage.to.snapshot.ms,1774317011356000000,1774317071364000000,0
jps.module.iml.entities.serializer.save.entities.ms,1774317011356000000,1774317071364000000,0
workspaceModel.mutableEntityStorage.remove.entity.ms,1774317011356000000,1774317071364000000,0
jps.library.entities.serializer.load.entities.ms,1774317011356000000,1774317071364000000,0
workspaceModel.mutableEntityStorage.entities.ms,1774317011356000000,1774317071364000000,0
workspaceModel.save.cache.to.file.ms,1774317011356000000,1774317071364000000,0
jps.global.handle.changed.events.ms,1774317011356000000,1774317071364000000,0
jps.facet.change.listener.process.change.events.ms,1774317011356000000,1774317071364000000,0
jps.global.get.library.by.name.ms,1774317011356000000,1774317071364000000,0
workspaceModel.mutableEntityStorage.changeLog.addReplaceEventForRemovedParent.ms,1774317011356000000,1774317071364000000,0
workspaceModel.mutableEntityStorage.replace.by.source.ms,1774317011356000000,1774317071364000000,0
jps.project.serializers.load.ms,1774317011356000000,1774317071364000000,0
jps.global.get.libraries.ms,1774317011356000000,1774317071364000000,0
jps.load.project.to.empty.storage.ms,1774317011356000000,1774317071364000000,0
workspaceModel.mutableEntityStorage.mutable.vfurl.index.ms,1774317011356000000,1774317071364000000,0
workspaceModel.load.cache.from.file.ms,1774317011356000000,1774317071364000000,0
jps.storage.jps.conf.reader.load.component.ms,1774317011356000000,1774317071364000000,0
jps.global.initialize.library.bridges.after.loading.ms,1774317011356000000,1774317071364000000,0
workspaceModel.sync.entities.ms,1774317011356000000,1774317071364000000,0
jps.global.get.library.ms,1774317011356000000,1774317071364000000,0
workspaceModel.global.apply.state.to.project.builder.ms,1774317011356000000,1774317071364000000,0
workspaceModel.moduleManagerBridge.newModule.ms,1774317011356000000,1774317071364000000,0
workspaceModel.mutableEntityStorage.put.entity.ms,1774317011356000000,1774317071364000000,0
jps.reload.project.entities.ms,1774317011356000000,1774317071364000000,0
jps.apply.loaded.storage.ms,1774317011356000000,1774317071364000000,0
workspaceModel.moduleBridge.update.option.ms,1774317011356000000,1774317071364000000,0
jps.facet.change.listener.before.change.events.ms,1774317011356000000,1774317071364000000,0
workspaceModel.global.updates.ms,1774317011356000000,1774317071364000000,0
workspaceModel.moduleBridge.facet.initialization.ms,1774317011356000000,1774317071364000000,0
jps.artifact.entities.serializer.save.entities.ms,1774317011356000000,1774317071364000000,0
workspaceModel.delayed.project.synchronizer.sync.ms,1774317011356000000,1774317071364000000,0
workspaceModel.mutableEntityStorage.changeLog.addReplaceEventForNewParent.ms,1774317011356000000,1774317071364000000,0
workspaceModel.moduleManagerBridge.load.module.ms,1774317011356000000,1774317071364000000,0
jps.app.storage.content.reader.load.component.ms,1774317011356000000,1774317071364000000,0
jps.artifact.entities.serializer.load.entities.ms,1774317011356000000,1774317071364000000,0
workspaceModel.moduleBridgeLoader.loading.modules.ms,1774317011356000000,1774317071364000000,0
workspaceModel.global.updates.count,1774317011356000000,1774317071364000000,0
workspaceModel.orphan.listener.update.ms,1774317011356000000,1774317071364000000,0
workspaceModel.global.apply.state.to.project.ms,1774317011356000000,1774317071364000000,0
workspaceModel.mutableEntityStorage.has.same.entities.ms,1774317011356000000,1774317071364000000,0
workspaceModel.mutableEntityStorage.modify.entity.ms,1774317011356000000,1774317071364000000,0
workspaceModel.mutableEntityStorage.instances.count,1774317011356000000,1774317071364000000,0
jps.module.iml.entities.serializer.load.entities.ms,1774317011356000000,1774317071364000000,0
workspaceModel.mutableEntityStorage.mutable.ext.mapping.ms,1774317011356000000,1774317071364000000,0
workspaceModel.mutableEntityStorage.changeLog.addReplaceEventForRemovedChild.ms,1774317011356000000,1774317071364000000,0
workspaceModel.load.cache.metadata.from.file.ms,1774317011356000000,1774317071364000000,0
workspaceModel.moduleManagerBridge.create.module.instance.ms,1774317011356000000,1774317071364000000,0
workspaceModel.moduleManagerBridge.set.unloadedModules.ms,1774317011356000000,1774317071364000000,0
jps.library.entities.serializer.save.entities.ms,1774317011356000000,1774317071364000000,0
workspaceModel.do.save.caches.ms,1774317011356000000,1774317071364000000,0
jps.save.global.entities.ms,1774317011356000000,1774317071364000000,0
jps.global.initialize.library.bridges.ms,1774317011356000000,1774317071364000000,0
workspaceModel.mutableEntityStorage.collect.changes.ms,1774317011356000000,1774317071364000000,0
workspaceModel.mutableEntityStorage.resolve.ms,1774317011356000000,1774317071364000000,0
workspaceModel.moduleManagerBridge.get.modules.ms,1774317011356000000,1774317071364000000,0
workspaceModel.mutableEntityStorage.referrers.ms,1774317011356000000,1774317071364000000,0
jps.save.changed.project.entities.ms,1774317011356000000,1774317071364000000,0
workspaceModel.mutableEntityStorage.entities.by.source.ms,1774317011356000000,1774317071364000000,0
workspaceModel.mutableEntityStorage.apply.changes.from.ms,1774317011356000000,1774317071364000000,0
jps.module.dependency.index.workspace.model.listener.on.changed.ms,1774317011356000000,1774317071364000000,0
jps.project.serializers.save.ms,1774317011356000000,1774317071364000000,0
workspaceModel.mutableEntityStorage.changeLog.addReplaceEventForNewChild.ms,1774317011356000000,1774317071364000000,0
jps.facet.change.listener.init.bridge.ms,1774317011356000000,1774317071364000000,0
jps.load.initial.state.ms,1774317011356000000,1774317071364000000,0
cacheStateStorage.set.duration,1774317011356000000,1774317071364000000,0
cacheStateStorage.get.duration,1774317011356000000,1774317071364000000,0
cacheStateStorage.set.counter,1774317011356000000,1774317071364000000,0
cacheStateStorage.get.counter,1774317011356000000,1774317071364000000,0
AWTEventQueue.dispatchTimeTotalNS,1774317011356000000,1774317071364000000,66264088
FlushQueue.waitingTimeMaxNs,1774317011356000000,1774317071364000000,0
NonBlockingReadAction.failedExecutionsCount,1774317011356000000,1774317071364000000,0
AWTEventQueue.eventsDispatched,1774317011356000000,1774317071364000000,0
WriteAction.executionsCount,1774317011356000000,1774317071364000000,0
FlushQueue.executionTimeMaxNs,1774317011356000000,1774317071364000000,0
FlushQueue.executionTimeAvgNs,1774317011356000000,1774317071364000000,0.0
ReadAction.executionsCount,1774317011356000000,1774317071364000000,0
FlushQueue.queueSizeAvg,1774317011356000000,1774317071364000000,0.0
FlushQueue.tasksExecuted,1774317011356000000,1774317071364000000,0
NonBlockingReadAction.finalizedExecutionsCount,1774317011356000000,1774317071364000000,0
NonBlockingReadAction.finalizedExecutionTimeUs,1774317011356000000,1774317071364000000,0
AWTEventQueue.dispatchTime90PNs,1774317011356000000,1774317071364000000,0
AWTEventQueue.dispatchTimeAvgNs,1774317011356000000,1774317071364000000,0.0
FlushQueue.queueSizeMax,1774317011356000000,1774317071364000000,0
FlushQueue.executionTime90PNs,1774317011356000000,1774317071364000000,0
AWTEventQueue.dispatchTimeMaxNs,1774317011356000000,1774317071364000000,0
FlushQueue.queueSize90P,1774317011356000000,1774317071364000000,0
FlushQueue.waitingTime90PNs,1774317011356000000,1774317071364000000,0
FlushQueue.waitingTimeAvgNs,1774317011356000000,1774317071364000000,0.0
NonBlockingReadAction.failedExecutionTimeUs,1774317011356000000,1774317071364000000,0
JVM.totalTimeAtSafepointsMs,1774317011356000000,1774317071364000000,0
JVM.totalBytesAllocated,1774317011356000000,1774317071364000000,16935040
JVM.maxHeapBytes,1774317011356000000,1774317071364000000,2147483648
JVM.newThreadsCount,1774317011356000000,1774317071364000000,0
JVM.totalTimeToSafepointsMs,1774317011356000000,1774317071364000000,0
JVM.totalCpuTimeMs,1774317011356000000,1774317071364000000,960
JVM.totalSafepointCount,1774317011356000000,1774317071364000000,1
JVM.totalDirectByteBuffersBytes,1774317011356000000,1774317071364000000,307410717
JVM.usedHeapBytes,1774317011356000000,1774317071364000000,627002568
JVM.GC.collections,1774317011356000000,1774317071364000000,0
JVM.threadCount,1774317011356000000,1774317071364000000,46
JVM.usedNativeBytes,1774317011356000000,1774317071364000000,408243464
JVM.maxThreadCount,1774317011356000000,1774317071364000000,125
OS.loadAverage,1774317011356000000,1774317071364000000,5.97265625
JVM.GC.collectionTimesMs,1774317011356000000,1774317071364000000,0
writeAction.max.wait.ms,1774317011356000000,1774317071364000000,786
writeAction.count,1774317011356000000,1774317071364000000,0
DiskQueryRelay.taskWaitingTotalTimeUs,1774317011356000000,1774317071364000000,0
writeAction.wait.ms,1774317011356000000,1774317071364000000,0
writeAction.median.wait.ms,1774317011356000000,1774317071364000000,1200
DiskQueryRelay.tasksExecuted,1774317011356000000,1774317071364000000,0
DiskQueryRelay.tasksRequested,1774317011356000000,1774317071364000000,0
DiskQueryRelay.taskExecutionTotalTimeUs,1774317011356000000,1774317071364000000,0
Indexes.allKeys.lookups,1774317011356000000,1774317071364000000,0
IndexesFlusher.totalFlushesRetried,1774317011356000000,1774317071364000000,0
IndexesFlusher.totalFlushingTimeUs,1774317011356000000,1774317071364000000,309949
Indexes.allKeys.lookupDuration90PMs,1774317011356000000,1774317071364000000,0.0
Indexes.entries.lookupDuration90PMs,1774317011356000000,1774317071364000000,0.0
Indexing.writer_0.totalTimeSpentWritingMs,1774317011356000000,1774317071364000000,0
Indexing.cache.totalCacheAccesses,1774317011356000000,1774317071364000000,0
Indexes.allKeys.lookupDurationAvgMs,1774317011356000000,1774317071364000000,0.0
Indexing.cache.totalCacheMisses,1774317011356000000,1774317071364000000,0
Indexing.writesQueuedMax,1774317011356000000,1774317071364000000,0
Indexing.totalTimeIndexersSleptMs,1774317011356000000,1774317071364000000,0
Indexes.stubs.lookupDurationMaxMs,1774317011356000000,1774317071364000000,0.0
IndexesFlusher.totalFlushes,1774317011356000000,1774317071364000000,173
Indexing.cache.totalCacheEvicted,1774317011356000000,1774317071364000000,0
Indexes.allKeys.lookupDurationMaxMs,1774317011356000000,1774317071364000000,0.0
IndexesFlusher.totalContentionQuotaSpent,1774317011356000000,1774317071364000000,0
Indexing.writesQueuedMin,1774317011356000000,1774317071364000000,9223372036854775807
Indexing.writer_2.totalTimeSpentWritingMs,1774317011356000000,1774317071364000000,0
Indexes.stubs.lookupDuration90PMs,1774317011356000000,1774317071364000000,0.0
Indexes.stubs.lookups,1774317011356000000,1774317071364000000,0
Indexing.writer_1.totalTimeSpentWritingMs,1774317011356000000,1774317071364000000,0
Indexes.entries.lookupDurationMaxMs,1774317011356000000,1774317071364000000,0.0
Indexes.stubs.lookupDurationAvgMs,1774317011356000000,1774317071364000000,0.0
Indexing.writer_3.totalTimeSpentWritingMs,1774317011356000000,1774317071364000000,0
Indexes.entries.lookupDurationAvgMs,1774317011356000000,1774317071364000000,0.0
Indexes.entries.lookups,1774317011356000000,1774317071364000000,0
FilePageCacheLockFree.totalNativeBytesAllocated,1774317011356000000,1774317071364000000,0
DirectByteBufferAllocator.totalSizeOfBuffersAllocatedInBytes,1774317011356000000,1774317071364000000,305160192
FilePageCache.capacityInBytes,1774317011356000000,1774317071364000000,503316478
DirectByteBufferAllocator.totalSizeOfBuffersCachedInBytes,1774317011356000000,1774317071364000000,9437184
FilePageCacheLockFree.housekeeperTurnsDone,1774317011356000000,1774317071364000000,0
StreamlinedBlobStorage.totalLiveRecordsPayloadBytes,1774317011356000000,1774317071364000000,0
FileChannelInterruptsRetryer.totalRetriedAttempts,1774317011356000000,1774317071364000000,0
FilePageCache.uncachedFileAccess,1774317011356000000,1774317071364000000,0
StorageLockContext.competingThreads.max,1774317011356000000,1774317071364000000,0
DirectByteBufferAllocator.reclaimed,1774317011356000000,1774317071364000000,0
FilePageCache.pageLoadsAboveSizeThreshold,1774317011356000000,1774317071364000000,0
MappedFileStorage.storages,1774317011356000000,1774317071364000000,16
FilePageCacheLockFree.totalPagesAllocated,1774317011356000000,1774317071364000000,0
FilePageCacheLockFree.totalBytesWritten,1774317011356000000,1774317071364000000,0
FilePageCacheLockFree.totalPagesReclaimed,1774317011356000000,1774317071364000000,0
FilePageCache.disposedBuffers,1774317011356000000,1774317071364000000,0
FilePageCache.totalPageLoadsUs,1774317011356000000,1774317071364000000,0
StreamlinedBlobStorage.recordsRelocated,1774317011356000000,1774317071364000000,0
StreamlinedBlobStorage.recordsAllocated,1774317011356000000,1774317071364000000,0
FilePageCacheLockFree.housekeeperTurnsSkipped,1774317011356000000,1774317071364000000,0
FilePageCacheLockFree.totalPagesWriteMs,1774317011356000000,1774317071364000000,0
FilePageCacheLockFree.totalPagesRequested,1774317011356000000,1774317071364000000,0
FilePageCache.maxRegisteredFiles,1774317011356000000,1774317071364000000,547
FilePageCache.maxCacheSizeInBytes,1774317011356000000,1774317071364000000,305160192
FilePageCacheLockFree.totalPagesReadMs,1774317011356000000,1774317071364000000,0
FilePageCacheLockFree.totalBytesRequested,1774317011356000000,1774317071364000000,0
FilePageCacheLockFree.totalPageAllocationsWaited,1774317011356000000,1774317071364000000,0
DirectByteBufferAllocator.hits,1774317011356000000,1774317071364000000,0
FilePageCache.totalPageDisposalsUs,1774317011356000000,1774317071364000000,0
StorageLockContext.competingThreads.avg,1774317011356000000,1774317071364000000,0.0
FilePageCacheLockFree.totalPagesWritten,1774317011356000000,1774317071364000000,0
MappedFileStorage.totalBytesMapped,1774317011356000000,1774317071364000000,257163264
FilePageCacheLockFree.heapBytesInUse,1774317011356000000,1774317071364000000,0
MappedFileStorage.totalTimeSpentOnMappingUs,1774317011356000000,1774317071364000000,13885
FilePageCacheLockFree.nativeBytesInUse,1774317011356000000,1774317071364000000,0
DirectByteBufferAllocator.disposed,1774317011356000000,1774317071364000000,0
FilePageCacheLockFree.totalHeapBytesAllocated,1774317011356000000,1774317071364000000,0
StreamlinedBlobStorage.totalLiveRecordsCapacityBytes,1774317011356000000,1774317071364000000,0
MappedFileStorage.totalPagesMapped,1774317011356000000,1774317071364000000,22
FilePageCacheLockFree.totalPagesHandedOver,1774317011356000000,1774317071364000000,0
FilePageCacheLockFree.housekeeperTimeSpentMs,1774317011356000000,1774317071364000000,0
FilePageCacheLockFree.totalPagesRequestsMs,1774317011356000000,1774317071364000000,0
FilePageCacheLockFree.totalHeapBytesReclaimed,1774317011356000000,1774317071364000000,0
FilePageCache.pageLoads,1774317011356000000,1774317071364000000,0
FilePageCacheLockFree.totalBytesRead,1774317011356000000,1774317071364000000,0
FilePageCacheLockFree.totalNativeBytesReclaimed,1774317011356000000,1774317071364000000,0
DirectByteBufferAllocator.misses,1774317011356000000,1774317071364000000,0
FilePageCacheLockFree.totalClosedStoragesReclaimed,1774317011356000000,1774317071364000000,0
StreamlinedBlobStorage.recordsDeleted,1774317011356000000,1774317071364000000,0
StorageLockContext.competingThreads.90P,1774317011356000000,1774317071364000000,0
FilePageCache.pageHits,1774317011356000000,1774317071364000000,0
FilePageCache.pageFastCacheHits,1774317011356000000,1774317071364000000,0
compiler.ArtifactManagerBridge.initBridges.ms,1774317011356000000,1774317071364000000,0
compiler.ArtifactManagerBridge.commit.ms,1774317011356000000,1774317071364000000,0
compiler.ArtifactManagerBridge.getArtifactsByType.ms,1774317011356000000,1774317071364000000,0
compiler.ArtifactManagerBridge.getArtifacts.ms,1774317011356000000,1774317071364000000,0
compiler.ArtifactManagerBridge.dropMappings.ms,1774317011356000000,1774317071364000000,0
compiler.ArtifactVirtualFileListener.propertyChanged.ms,1774317011356000000,1774317071364000000,0
compiler.ArtifactManagerBridge.addArtifact.ms,1774317011356000000,1774317071364000000,0
compiler.ArtifactManagerBridge.findArtifact.ms,1774317011356000000,1774317071364000000,0
compiler.ArtifactVirtualFileListener.filePathChanged.ms,1774317011356000000,1774317071364000000,0
workspaceModel.workspaceFileIndexData.processFileSets.ms,1774317011356000000,1774317071364000000,0
workspaceModel.cachedValueWithParameters.calculated.count,1774317011356000000,1774317071364000000,0
workspaceModel.update.unloaded.entities.ms,1774317011356000000,1774317071364000000,0
workspaceModel.workspaceFileIndexData.instances.count,1774317011356000000,1774317071364000000,0
workspaceModel.cachedValueWithParameters.from.cache.count,1774317011356000000,1774317071364000000,0
workspaceModel.to.snapshot.ms,1774317011356000000,1774317071364000000,0
workspaceModel.workspaceFileIndexData.onEntitiesChanged.ms,1774317011356000000,1774317071364000000,0
workspaceModel.cachedValue.total.get.count,1774317011356000000,1774317071364000000,0
workspaceModel.on.changed.ms,1774317011356000000,1774317071364000000,0
workspaceModel.check.recursive.update.ms,1774317011356000000,1774317071364000000,0
workspaceModel.workspaceFileIndexData.markDirty.ms,1774317011356000000,1774317071364000000,0
workspaceModel.updates.ms,1774317011356000000,1774317071364000000,0
workspaceModel.workspaceFileIndexData.updateDirtyEntities.ms,1774317011356000000,1774317071364000000,0
workspaceModel.initializing.ms,1774317011356000000,1774317071364000000,0
workspaceModel.workspaceFileIndexData.visitFileSets.ms,1774317011356000000,1774317071364000000,0
workspaceModel.replace.project.model.ms,1774317011356000000,1774317071364000000,0
workspaceModel.cachedValueWithParameters.clear.count,1774317011356000000,1774317071364000000,0
workspaceModel.on.before.changed.ms,1774317011356000000,1774317071364000000,0
workspaceModel.init.bridges.ms,1774317011356000000,1774317071364000000,0
workspaceModel.collect.changes.ms,1774317011356000000,1774317071364000000,0
workspaceModel.updates.precise.ms,1774317011356000000,1774317071364000000,0
workspaceModel.cachedValue.clear.count,1774317011356000000,1774317071364000000,0
workspaceModel.workspaceFileIndexData.getFileInfo.ms,1774317011356000000,1774317071364000000,0
workspaceModel.workspaceFileIndexData.init.ms,1774317011356000000,1774317071364000000,0
workspaceModel.cachedValueWithParameters.total.get.count,1774317011356000000,1774317071364000000,0
workspaceModel.workspaceFileIndexContributor.registerFileSets.ms,1774317011356000000,1774317071364000000,0
workspaceModel.loading.from.cache.ms,1774317011356000000,1774317071364000000,0
workspaceModel.workspaceFileIndexData.getDirectoriesByPackageName.ms,1774317011356000000,1774317071364000000,0
workspaceModel.workspaceFileIndexData.getPackageName.ms,1774317011356000000,1774317071364000000,0
workspaceModel.loading.total.ms,1774317011356000000,1774317071364000000,0
workspaceModel.cachedValue.from.cache.count,1774317011356000000,1774317071364000000,0
workspaceModel.updates.count,1774317011356000000,1774317071364000000,0
workspaceModel.cachedValue.calculated.count,1774317011356000000,1774317071364000000,0
workspaceModel.entityStorageSnapshotImpl.instances.count,1774317011356000000,1774317071364000000,0
workspaceModel.full.replace.project.model.ms,1774317011356000000,1774317071364000000,0
workspaceModel.pre.handlers.ms,1774317011356000000,1774317071364000000,0
VFS.contentStorage.recordsStoredSize,1774317011356000000,1774317071364000000,0
VFS.contentStorage.recordsDeduplicated,1774317011356000000,1774317071364000000,0
VFS.fileByIdCache.hits,1774317011356000000,1774317071364000000,0
FileNameCache.queries,1774317011356000000,1774317071364000000,0
VFS.contentStorage.recordsReadSize,1774317011356000000,1774317071364000000,0
FileNameCache.totalMisses,1774317011356000000,1774317071364000000,0
VFS.invertedFileNameIndex.requests,1774317011356000000,1774317071364000000,0
VFS.contentStorage.recordsDecompressionTimeUs,1774317011356000000,1774317071364000000,0
VFS.contentStorage.recordsReadDecompressed,1774317011356000000,1774317071364000000,0
VFS.contentStorage.recordsStoredCompressed,1774317011356000000,1774317071364000000,0
VFS.fileByIdCache.misses,1774317011356000000,1774317071364000000,0
VFS.contentStorage.recordsUncompressedSize,1774317011356000000,1774317071364000000,0
VFS.fileChildByName,1774317011356000000,1774317071364000000,0
VFS.contentStorage.recordsStored,1774317011356000000,1774317071364000000,0
VFS.contentStorage.recordsRead,1774317011356000000,1774317071364000000,0
workspaceModel.moduleBridge.before.changed.ms,1774317071364000000,1774317085436000000,0
workspaceModel.moduleManagerBridge.new.nonPersistent.module.ms,1774317071364000000,1774317085436000000,0
workspaceModel.mutableEntityStorage.add.entity.ms,1774317071364000000,1774317085436000000,0
workspaceModel.moduleManagerBridge.load.all.modules.ms,1774317071364000000,1774317085436000000,0
jps.app.storage.content.writer.save.component.ms,1774317071364000000,1774317085436000000,0
jps.global.handle.before.change.events.ms,1774317071364000000,1774317085436000000,0
workspaceModel.moduleManagerBridge.build.module.graph.ms,1774317071364000000,1774317085436000000,0
workspaceModel.mutableEntityStorage.to.snapshot.ms,1774317071364000000,1774317085436000000,0
jps.module.iml.entities.serializer.save.entities.ms,1774317071364000000,1774317085436000000,0
workspaceModel.mutableEntityStorage.remove.entity.ms,1774317071364000000,1774317085436000000,0
jps.library.entities.serializer.load.entities.ms,1774317071364000000,1774317085436000000,0
workspaceModel.mutableEntityStorage.entities.ms,1774317071364000000,1774317085436000000,0
workspaceModel.save.cache.to.file.ms,1774317071364000000,1774317085436000000,0
jps.global.handle.changed.events.ms,1774317071364000000,1774317085436000000,0
jps.facet.change.listener.process.change.events.ms,1774317071364000000,1774317085436000000,0
jps.global.get.library.by.name.ms,1774317071364000000,1774317085436000000,0
workspaceModel.mutableEntityStorage.changeLog.addReplaceEventForRemovedParent.ms,1774317071364000000,1774317085436000000,0
workspaceModel.mutableEntityStorage.replace.by.source.ms,1774317071364000000,1774317085436000000,0
jps.project.serializers.load.ms,1774317071364000000,1774317085436000000,0
jps.global.get.libraries.ms,1774317071364000000,1774317085436000000,0
jps.load.project.to.empty.storage.ms,1774317071364000000,1774317085436000000,0
workspaceModel.mutableEntityStorage.mutable.vfurl.index.ms,1774317071364000000,1774317085436000000,0
workspaceModel.load.cache.from.file.ms,1774317071364000000,1774317085436000000,0
jps.storage.jps.conf.reader.load.component.ms,1774317071364000000,1774317085436000000,0
jps.global.initialize.library.bridges.after.loading.ms,1774317071364000000,1774317085436000000,0
workspaceModel.sync.entities.ms,1774317071364000000,1774317085436000000,0
jps.global.get.library.ms,1774317071364000000,1774317085436000000,0
workspaceModel.global.apply.state.to.project.builder.ms,1774317071364000000,1774317085436000000,0
workspaceModel.moduleManagerBridge.newModule.ms,1774317071364000000,1774317085436000000,0
workspaceModel.mutableEntityStorage.put.entity.ms,1774317071364000000,1774317085436000000,0
jps.reload.project.entities.ms,1774317071364000000,1774317085436000000,0
jps.apply.loaded.storage.ms,1774317071364000000,1774317085436000000,0
workspaceModel.moduleBridge.update.option.ms,1774317071364000000,1774317085436000000,0
jps.facet.change.listener.before.change.events.ms,1774317071364000000,1774317085436000000,0
workspaceModel.global.updates.ms,1774317071364000000,1774317085436000000,0
workspaceModel.moduleBridge.facet.initialization.ms,1774317071364000000,1774317085436000000,0
jps.artifact.entities.serializer.save.entities.ms,1774317071364000000,1774317085436000000,0
workspaceModel.delayed.project.synchronizer.sync.ms,1774317071364000000,1774317085436000000,0
workspaceModel.mutableEntityStorage.changeLog.addReplaceEventForNewParent.ms,1774317071364000000,1774317085436000000,0
workspaceModel.moduleManagerBridge.load.module.ms,1774317071364000000,1774317085436000000,0
jps.app.storage.content.reader.load.component.ms,1774317071364000000,1774317085436000000,0
jps.artifact.entities.serializer.load.entities.ms,1774317071364000000,1774317085436000000,0
workspaceModel.moduleBridgeLoader.loading.modules.ms,1774317071364000000,1774317085436000000,0
workspaceModel.global.updates.count,1774317071364000000,1774317085436000000,0
workspaceModel.orphan.listener.update.ms,1774317071364000000,1774317085436000000,0
workspaceModel.global.apply.state.to.project.ms,1774317071364000000,1774317085436000000,0
workspaceModel.mutableEntityStorage.has.same.entities.ms,1774317071364000000,1774317085436000000,0
workspaceModel.mutableEntityStorage.modify.entity.ms,1774317071364000000,1774317085436000000,0
workspaceModel.mutableEntityStorage.instances.count,1774317071364000000,1774317085436000000,0
jps.module.iml.entities.serializer.load.entities.ms,1774317071364000000,1774317085436000000,0
workspaceModel.mutableEntityStorage.mutable.ext.mapping.ms,1774317071364000000,1774317085436000000,0
workspaceModel.mutableEntityStorage.changeLog.addReplaceEventForRemovedChild.ms,1774317071364000000,1774317085436000000,0
workspaceModel.load.cache.metadata.from.file.ms,1774317071364000000,1774317085436000000,0
workspaceModel.moduleManagerBridge.create.module.instance.ms,1774317071364000000,1774317085436000000,0
workspaceModel.moduleManagerBridge.set.unloadedModules.ms,1774317071364000000,1774317085436000000,0
jps.library.entities.serializer.save.entities.ms,1774317071364000000,1774317085436000000,0
workspaceModel.do.save.caches.ms,1774317071364000000,1774317085436000000,0
jps.save.global.entities.ms,1774317071364000000,1774317085436000000,0
jps.global.initialize.library.bridges.ms,1774317071364000000,1774317085436000000,0
workspaceModel.mutableEntityStorage.collect.changes.ms,1774317071364000000,1774317085436000000,0
workspaceModel.mutableEntityStorage.resolve.ms,1774317071364000000,1774317085436000000,0
workspaceModel.moduleManagerBridge.get.modules.ms,1774317071364000000,1774317085436000000,0
workspaceModel.mutableEntityStorage.referrers.ms,1774317071364000000,1774317085436000000,0
jps.save.changed.project.entities.ms,1774317071364000000,1774317085436000000,0
workspaceModel.mutableEntityStorage.entities.by.source.ms,1774317071364000000,1774317085436000000,0
workspaceModel.mutableEntityStorage.apply.changes.from.ms,1774317071364000000,1774317085436000000,0
jps.module.dependency.index.workspace.model.listener.on.changed.ms,1774317071364000000,1774317085436000000,0
jps.project.serializers.save.ms,1774317071364000000,1774317085436000000,0
workspaceModel.mutableEntityStorage.changeLog.addReplaceEventForNewChild.ms,1774317071364000000,1774317085436000000,0
jps.facet.change.listener.init.bridge.ms,1774317071364000000,1774317085436000000,0
jps.load.initial.state.ms,1774317071364000000,1774317085436000000,0
cacheStateStorage.set.duration,1774317071364000000,1774317085436000000,0
cacheStateStorage.get.duration,1774317071364000000,1774317085436000000,0
cacheStateStorage.set.counter,1774317071364000000,1774317085436000000,0
cacheStateStorage.get.counter,1774317071364000000,1774317085436000000,0
AWTEventQueue.dispatchTimeTotalNS,1774317071364000000,1774317085436000000,8223287
FlushQueue.waitingTimeMaxNs,1774317071364000000,1774317085436000000,0
NonBlockingReadAction.failedExecutionsCount,1774317071364000000,1774317085436000000,0
AWTEventQueue.eventsDispatched,1774317071364000000,1774317085436000000,0
WriteAction.executionsCount,1774317071364000000,1774317085436000000,0
FlushQueue.executionTimeMaxNs,1774317071364000000,1774317085436000000,0
FlushQueue.executionTimeAvgNs,1774317071364000000,1774317085436000000,0.0
ReadAction.executionsCount,1774317071364000000,1774317085436000000,1
FlushQueue.queueSizeAvg,1774317071364000000,1774317085436000000,0.0
FlushQueue.tasksExecuted,1774317071364000000,1774317085436000000,0
NonBlockingReadAction.finalizedExecutionsCount,1774317071364000000,1774317085436000000,0
NonBlockingReadAction.finalizedExecutionTimeUs,1774317071364000000,1774317085436000000,0
AWTEventQueue.dispatchTime90PNs,1774317071364000000,1774317085436000000,0
AWTEventQueue.dispatchTimeAvgNs,1774317071364000000,1774317085436000000,0.0
FlushQueue.queueSizeMax,1774317071364000000,1774317085436000000,0
FlushQueue.executionTime90PNs,1774317071364000000,1774317085436000000,0
AWTEventQueue.dispatchTimeMaxNs,1774317071364000000,1774317085436000000,0
FlushQueue.queueSize90P,1774317071364000000,1774317085436000000,0
FlushQueue.waitingTime90PNs,1774317071364000000,1774317085436000000,0
FlushQueue.waitingTimeAvgNs,1774317071364000000,1774317085436000000,0.0
NonBlockingReadAction.failedExecutionTimeUs,1774317071364000000,1774317085436000000,0
JVM.totalTimeAtSafepointsMs,1774317071364000000,1774317085436000000,0
JVM.totalBytesAllocated,1774317071364000000,1774317085436000000,14779624
JVM.maxHeapBytes,1774317071364000000,1774317085436000000,2147483648
JVM.newThreadsCount,1774317071364000000,1774317085436000000,9
JVM.totalTimeToSafepointsMs,1774317071364000000,1774317085436000000,0
JVM.totalCpuTimeMs,1774317071364000000,1774317085436000000,405
JVM.totalSafepointCount,1774317071364000000,1774317085436000000,2
JVM.totalDirectByteBuffersBytes,1774317071364000000,1774317085436000000,48412445
JVM.usedHeapBytes,1774317071364000000,1774317085436000000,646925512
JVM.GC.collections,1774317071364000000,1774317085436000000,0
JVM.threadCount,1774317071364000000,1774317085436000000,53
JVM.usedNativeBytes,1774317071364000000,1774317085436000000,409028472
JVM.maxThreadCount,1774317071364000000,1774317085436000000,125
OS.loadAverage,1774317071364000000,1774317085436000000,9.099609375
JVM.GC.collectionTimesMs,1774317071364000000,1774317085436000000,0
writeAction.max.wait.ms,1774317071364000000,1774317085436000000,786
writeAction.count,1774317071364000000,1774317085436000000,0
DiskQueryRelay.taskWaitingTotalTimeUs,1774317071364000000,1774317085436000000,0
writeAction.wait.ms,1774317071364000000,1774317085436000000,0
writeAction.median.wait.ms,1774317071364000000,1774317085436000000,1200
DiskQueryRelay.tasksExecuted,1774317071364000000,1774317085436000000,0
DiskQueryRelay.tasksRequested,1774317071364000000,1774317085436000000,0
DiskQueryRelay.taskExecutionTotalTimeUs,1774317071364000000,1774317085436000000,0
Indexes.allKeys.lookups,1774317071364000000,1774317085436000000,0
Indexes.allKeys.lookupDuration90PMs,1774317071364000000,1774317085436000000,0.0
Indexes.entries.lookupDuration90PMs,1774317071364000000,1774317085436000000,0.0
Indexing.writer_0.totalTimeSpentWritingMs,1774317071364000000,1774317085436000000,0
Indexing.cache.totalCacheAccesses,1774317071364000000,1774317085436000000,0
Indexes.allKeys.lookupDurationAvgMs,1774317071364000000,1774317085436000000,0.0
Indexing.cache.totalCacheMisses,1774317071364000000,1774317085436000000,0
Indexing.writesQueuedMax,1774317071364000000,1774317085436000000,0
Indexing.totalTimeIndexersSleptMs,1774317071364000000,1774317085436000000,0
Indexes.stubs.lookupDurationMaxMs,1774317071364000000,1774317085436000000,0.0
Indexing.cache.totalCacheEvicted,1774317071364000000,1774317085436000000,0
Indexes.allKeys.lookupDurationMaxMs,1774317071364000000,1774317085436000000,0.0
Indexing.writesQueuedMin,1774317071364000000,1774317085436000000,9223372036854775807
Indexing.writer_2.totalTimeSpentWritingMs,1774317071364000000,1774317085436000000,0
Indexes.stubs.lookupDuration90PMs,1774317071364000000,1774317085436000000,0.0
Indexes.stubs.lookups,1774317071364000000,1774317085436000000,0
Indexing.writer_1.totalTimeSpentWritingMs,1774317071364000000,1774317085436000000,0
Indexes.entries.lookupDurationMaxMs,1774317071364000000,1774317085436000000,0.0
Indexes.stubs.lookupDurationAvgMs,1774317071364000000,1774317085436000000,0.0
Indexing.writer_3.totalTimeSpentWritingMs,1774317071364000000,1774317085436000000,0
Indexes.entries.lookupDurationAvgMs,1774317071364000000,1774317085436000000,0.0
Indexes.entries.lookups,1774317071364000000,1774317085436000000,0
FilePageCacheLockFree.totalNativeBytesAllocated,1774317071364000000,1774317085436000000,0
DirectByteBufferAllocator.totalSizeOfBuffersAllocatedInBytes,1774317071364000000,1774317085436000000,46161920
FilePageCache.capacityInBytes,1774317071364000000,1774317085436000000,503316478
DirectByteBufferAllocator.totalSizeOfBuffersCachedInBytes,1774317071364000000,1774317085436000000,41967616
FilePageCacheLockFree.housekeeperTurnsDone,1774317071364000000,1774317085436000000,0
FileChannelInterruptsRetryer.totalRetriedAttempts,1774317071364000000,1774317085436000000,0
FilePageCache.uncachedFileAccess,1774317071364000000,1774317085436000000,0
StorageLockContext.competingThreads.max,1774317071364000000,1774317085436000000,0
DirectByteBufferAllocator.reclaimed,1774317071364000000,1774317085436000000,34
FilePageCache.pageLoadsAboveSizeThreshold,1774317071364000000,1774317085436000000,0
MappedFileStorage.storages,1774317071364000000,1774317085436000000,0
FilePageCacheLockFree.totalPagesAllocated,1774317071364000000,1774317085436000000,0
FilePageCacheLockFree.totalBytesWritten,1774317071364000000,1774317085436000000,0
FilePageCacheLockFree.totalPagesReclaimed,1774317071364000000,1774317085436000000,0
FilePageCache.disposedBuffers,1774317071364000000,1774317085436000000,281
FilePageCache.totalPageLoadsUs,1774317071364000000,1774317085436000000,0
FilePageCacheLockFree.housekeeperTurnsSkipped,1774317071364000000,1774317085436000000,0
FilePageCacheLockFree.totalPagesWriteMs,1774317071364000000,1774317085436000000,0
FilePageCacheLockFree.totalPagesRequested,1774317071364000000,1774317085436000000,0
FilePageCache.maxRegisteredFiles,1774317071364000000,1774317085436000000,547
FilePageCache.maxCacheSizeInBytes,1774317071364000000,1774317085436000000,305160192
FilePageCacheLockFree.totalPagesReadMs,1774317071364000000,1774317085436000000,0
FilePageCacheLockFree.totalBytesRequested,1774317071364000000,1774317085436000000,0
FilePageCacheLockFree.totalPageAllocationsWaited,1774317071364000000,1774317085436000000,0
DirectByteBufferAllocator.hits,1774317071364000000,1774317085436000000,0
FilePageCache.totalPageDisposalsUs,1774317071364000000,1774317085436000000,0
StorageLockContext.competingThreads.avg,1774317071364000000,1774317085436000000,0.0
FilePageCacheLockFree.totalPagesWritten,1774317071364000000,1774317085436000000,0
MappedFileStorage.totalBytesMapped,1774317071364000000,1774317085436000000,0
FilePageCacheLockFree.heapBytesInUse,1774317071364000000,1774317085436000000,0
MappedFileStorage.totalTimeSpentOnMappingUs,1774317071364000000,1774317085436000000,13885
FilePageCacheLockFree.nativeBytesInUse,1774317071364000000,1774317085436000000,0
DirectByteBufferAllocator.disposed,1774317071364000000,1774317085436000000,247
FilePageCacheLockFree.totalHeapBytesAllocated,1774317071364000000,1774317085436000000,0
MappedFileStorage.totalPagesMapped,1774317071364000000,1774317085436000000,0
FilePageCacheLockFree.totalPagesHandedOver,1774317071364000000,1774317085436000000,0
FilePageCacheLockFree.housekeeperTimeSpentMs,1774317071364000000,1774317085436000000,0
FilePageCacheLockFree.totalPagesRequestsMs,1774317071364000000,1774317085436000000,0
FilePageCacheLockFree.totalHeapBytesReclaimed,1774317071364000000,1774317085436000000,0
FilePageCache.pageLoads,1774317071364000000,1774317085436000000,0
FilePageCacheLockFree.totalBytesRead,1774317071364000000,1774317085436000000,0
FilePageCacheLockFree.totalNativeBytesReclaimed,1774317071364000000,1774317085436000000,0
DirectByteBufferAllocator.misses,1774317071364000000,1774317085436000000,0
FilePageCacheLockFree.totalClosedStoragesReclaimed,1774317071364000000,1774317085436000000,0
StorageLockContext.competingThreads.90P,1774317071364000000,1774317085436000000,0
FilePageCache.pageHits,1774317071364000000,1774317085436000000,0
FilePageCache.pageFastCacheHits,1774317071364000000,1774317085436000000,0
compiler.ArtifactManagerBridge.initBridges.ms,1774317071364000000,1774317085436000000,0
compiler.ArtifactManagerBridge.commit.ms,1774317071364000000,1774317085436000000,0
compiler.ArtifactManagerBridge.getArtifactsByType.ms,1774317071364000000,1774317085436000000,0
compiler.ArtifactManagerBridge.getArtifacts.ms,1774317071364000000,1774317085436000000,0
compiler.ArtifactManagerBridge.dropMappings.ms,1774317071364000000,1774317085436000000,0
compiler.ArtifactVirtualFileListener.propertyChanged.ms,1774317071364000000,1774317085436000000,0
compiler.ArtifactManagerBridge.addArtifact.ms,1774317071364000000,1774317085436000000,0
compiler.ArtifactManagerBridge.findArtifact.ms,1774317071364000000,1774317085436000000,0
compiler.ArtifactVirtualFileListener.filePathChanged.ms,1774317071364000000,1774317085436000000,0
workspaceModel.workspaceFileIndexData.processFileSets.ms,1774317071364000000,1774317085436000000,0
workspaceModel.cachedValueWithParameters.calculated.count,1774317071364000000,1774317085436000000,0
workspaceModel.update.unloaded.entities.ms,1774317071364000000,1774317085436000000,0
workspaceModel.workspaceFileIndexData.instances.count,1774317071364000000,1774317085436000000,0
workspaceModel.cachedValueWithParameters.from.cache.count,1774317071364000000,1774317085436000000,0
workspaceModel.to.snapshot.ms,1774317071364000000,1774317085436000000,0
workspaceModel.workspaceFileIndexData.onEntitiesChanged.ms,1774317071364000000,1774317085436000000,0
workspaceModel.cachedValue.total.get.count,1774317071364000000,1774317085436000000,0
workspaceModel.on.changed.ms,1774317071364000000,1774317085436000000,0
workspaceModel.check.recursive.update.ms,1774317071364000000,1774317085436000000,0
workspaceModel.workspaceFileIndexData.markDirty.ms,1774317071364000000,1774317085436000000,0
workspaceModel.updates.ms,1774317071364000000,1774317085436000000,0
workspaceModel.workspaceFileIndexData.updateDirtyEntities.ms,1774317071364000000,1774317085436000000,0
workspaceModel.initializing.ms,1774317071364000000,1774317085436000000,0
workspaceModel.workspaceFileIndexData.visitFileSets.ms,1774317071364000000,1774317085436000000,0
workspaceModel.replace.project.model.ms,1774317071364000000,1774317085436000000,0
workspaceModel.cachedValueWithParameters.clear.count,1774317071364000000,1774317085436000000,0
workspaceModel.on.before.changed.ms,1774317071364000000,1774317085436000000,0
workspaceModel.init.bridges.ms,1774317071364000000,1774317085436000000,0
workspaceModel.collect.changes.ms,1774317071364000000,1774317085436000000,0
workspaceModel.updates.precise.ms,1774317071364000000,1774317085436000000,0
workspaceModel.cachedValue.clear.count,1774317071364000000,1774317085436000000,0
workspaceModel.workspaceFileIndexData.getFileInfo.ms,1774317071364000000,1774317085436000000,0
workspaceModel.workspaceFileIndexData.init.ms,1774317071364000000,1774317085436000000,0
workspaceModel.cachedValueWithParameters.total.get.count,1774317071364000000,1774317085436000000,0
workspaceModel.workspaceFileIndexContributor.registerFileSets.ms,1774317071364000000,1774317085436000000,0
workspaceModel.loading.from.cache.ms,1774317071364000000,1774317085436000000,0
workspaceModel.workspaceFileIndexData.getDirectoriesByPackageName.ms,1774317071364000000,1774317085436000000,0
workspaceModel.workspaceFileIndexData.getPackageName.ms,1774317071364000000,1774317085436000000,0
workspaceModel.loading.total.ms,1774317071364000000,1774317085436000000,0
workspaceModel.cachedValue.from.cache.count,1774317071364000000,1774317085436000000,0
workspaceModel.updates.count,1774317071364000000,1774317085436000000,0
workspaceModel.cachedValue.calculated.count,1774317071364000000,1774317085436000000,0
workspaceModel.entityStorageSnapshotImpl.instances.count,1774317071364000000,1774317085436000000,0
workspaceModel.full.replace.project.model.ms,1774317071364000000,1774317085436000000,0
workspaceModel.pre.handlers.ms,1774317071364000000,1774317085436000000,0
VFS.fileByIdCache.hits,1774317071364000000,1774317085436000000,0
VFS.invertedFileNameIndex.requests,1774317071364000000,1774317085436000000,0
VFS.fileByIdCache.misses,1774317071364000000,1774317085436000000,0
VFS.fileChildByName,1774317071364000000,1774317085436000000,0
