# OpenTelemetry Metrics report: .csv, 4 fields: 
# <metric name>, <period start, nanoseconds>, <period end, nanoseconds>, <metric value>
# See CsvMetricsExporter for details.
# 
# NAME, PERIOD_START_NANOS, PERIOD_END_NANOS, VALUE
Indexes.entries.lookupDurationMaxMs,1774321233648000000,1774321293654000000,14.0
Indexing.writesQueuedMax,1774321233648000000,1774321293654000000,4
Indexes.entries.lookups,1774321233648000000,1774321293654000000,2336
Indexes.stubs.lookups,1774321233648000000,1774321293654000000,2934
Indexes.entries.lookupDurationAvgMs,1774321233648000000,1774321293654000000,0.0547945205479452
Indexes.stubs.lookupDuration90PMs,1774321233648000000,1774321293654000000,1.0
IndexesFlusher.totalFlushesRetried,1774321233648000000,1774321293654000000,1
Indexing.cache.totalCacheEvicted,1774321233648000000,1774321293654000000,46616
Indexing.writer_3.totalTimeSpentWritingMs,1774321233648000000,1774321293654000000,12
Indexes.stubs.lookupDurationMaxMs,1774321233648000000,1774321293654000000,28.0
Indexing.writesQueuedMin,1774321233648000000,1774321293654000000,0
Indexing.writer_2.totalTimeSpentWritingMs,1774321233648000000,1774321293654000000,112
Indexing.writer_0.totalTimeSpentWritingMs,1774321233648000000,1774321293654000000,218
Indexes.allKeys.lookups,1774321233648000000,1774321293654000000,18
Indexes.entries.lookupDuration90PMs,1774321233648000000,1774321293654000000,0.0
Indexing.writesQueuedAvg,1774321233648000000,1774321293654000000,0.037383177570093455
IndexesFlusher.totalFlushingTimeUs,1774321233648000000,1774321293654000000,901850
Indexing.cache.totalCacheAccesses,1774321233648000000,1774321293654000000,291763
Indexes.allKeys.lookupDurationAvgMs,1774321233648000000,1774321293654000000,21.72222222222222
Indexes.allKeys.lookupDuration90PMs,1774321233648000000,1774321293654000000,174.0
Indexing.totalTimeIndexersSleptMs,1774321233648000000,1774321293654000000,0
Indexing.cache.totalCacheMisses,1774321233648000000,1774321293654000000,46616
Indexes.stubs.lookupDurationAvgMs,1774321233648000000,1774321293654000000,0.18522301668369084
Indexes.allKeys.lookupDurationMaxMs,1774321233648000000,1774321293654000000,207.0
IndexesFlusher.totalFlushes,1774321233648000000,1774321293654000000,81
IndexesFlusher.totalContentionQuotaSpent,1774321233648000000,1774321293654000000,18
Indexing.writer_1.totalTimeSpentWritingMs,1774321233648000000,1774321293654000000,12
StreamlinedBlobStorage.totalLiveRecordsPayloadBytes,1774321233648000000,1774321293654000000,8209885
FilePageCacheLockFree.housekeeperTimeSpentMs,1774321233648000000,1774321293654000000,0
FilePageCacheLockFree.totalPagesWriteMs,1774321233648000000,1774321293654000000,0
FilePageCacheLockFree.totalBytesRead,1774321233648000000,1774321293654000000,0
FilePageCache.maxCacheSizeInBytes,1774321233648000000,1774321293654000000,359702528
FilePageCacheLockFree.totalPagesWritten,1774321233648000000,1774321293654000000,0
FileChannelInterruptsRetryer.totalRetriedAttempts,1774321233648000000,1774321293654000000,0
FilePageCacheLockFree.totalNativeBytesReclaimed,1774321233648000000,1774321293654000000,0
FilePageCache.totalPageLoadsUs,1774321233648000000,1774321293654000000,303214
FilePageCache.maxRegisteredFiles,1774321233648000000,1774321293654000000,550
FilePageCacheLockFree.totalHeapBytesReclaimed,1774321233648000000,1774321293654000000,0
FilePageCache.uncachedFileAccess,1774321233648000000,1774321293654000000,266
MappedFileStorage.totalPagesMapped,1774321233648000000,1774321293654000000,21
FilePageCache.pageHits,1774321233648000000,1774321293654000000,24743
FilePageCacheLockFree.heapBytesInUse,1774321233648000000,1774321293654000000,0
FilePageCacheLockFree.totalPagesAllocated,1774321233648000000,1774321293654000000,0
FilePageCacheLockFree.totalBytesRequested,1774321233648000000,1774321293654000000,0
FilePageCache.capacityInBytes,1774321233648000000,1774321293654000000,503316478
StreamlinedBlobStorage.totalLiveRecordsCapacityBytes,1774321233648000000,1774321293654000000,40352454
StreamlinedBlobStorage.recordsRelocated,1774321233648000000,1774321293654000000,0
FilePageCacheLockFree.totalPagesRequested,1774321233648000000,1774321293654000000,0
FilePageCacheLockFree.totalHeapBytesAllocated,1774321233648000000,1774321293654000000,0
FilePageCacheLockFree.housekeeperTurnsSkipped,1774321233648000000,1774321293654000000,0
FilePageCacheLockFree.totalClosedStoragesReclaimed,1774321233648000000,1774321293654000000,0
DirectByteBufferAllocator.reclaimed,1774321233648000000,1774321293654000000,3
FilePageCacheLockFree.totalNativeBytesAllocated,1774321233648000000,1774321293654000000,0
DirectByteBufferAllocator.disposed,1774321233648000000,1774321293654000000,0
FilePageCacheLockFree.totalBytesWritten,1774321233648000000,1774321293654000000,0
FilePageCache.totalPageDisposalsUs,1774321233648000000,1774321293654000000,1809
FilePageCache.pageLoadsAboveSizeThreshold,1774321233648000000,1774321293654000000,0
DirectByteBufferAllocator.totalSizeOfBuffersCachedInBytes,1774321233648000000,1774321293654000000,0
StorageLockContext.competingThreads.max,1774321233648000000,1774321293654000000,5
StreamlinedBlobStorage.recordsDeleted,1774321233648000000,1774321293654000000,30
FilePageCache.disposedBuffers,1774321233648000000,1774321293654000000,3
FilePageCacheLockFree.totalPagesReadMs,1774321233648000000,1774321293654000000,0
DirectByteBufferAllocator.misses,1774321233648000000,1774321293654000000,348
FilePageCacheLockFree.totalPagesHandedOver,1774321233648000000,1774321293654000000,0
DirectByteBufferAllocator.hits,1774321233648000000,1774321293654000000,3
MappedFileStorage.totalTimeSpentOnMappingUs,1774321233648000000,1774321293654000000,12784
FilePageCacheLockFree.totalPageAllocationsWaited,1774321233648000000,1774321293654000000,0
FilePageCacheLockFree.totalPagesRequestsMs,1774321233648000000,1774321293654000000,0
FilePageCacheLockFree.nativeBytesInUse,1774321233648000000,1774321293654000000,0
StorageLockContext.competingThreads.avg,1774321233648000000,1774321293654000000,0.0423728813559322
FilePageCacheLockFree.totalPagesReclaimed,1774321233648000000,1774321293654000000,0
FilePageCache.pageFastCacheHits,1774321233648000000,1774321293654000000,82531
StreamlinedBlobStorage.recordsAllocated,1774321233648000000,1774321293654000000,549603
MappedFileStorage.storages,1774321233648000000,1774321293654000000,16
FilePageCacheLockFree.housekeeperTurnsDone,1774321233648000000,1774321293654000000,0
FilePageCache.pageLoads,1774321233648000000,1774321293654000000,351
MappedFileStorage.totalBytesMapped,1774321233648000000,1774321293654000000,252968960
StorageLockContext.competingThreads.90P,1774321233648000000,1774321293654000000,0
DirectByteBufferAllocator.totalSizeOfBuffersAllocatedInBytes,1774321233648000000,1774321293654000000,359702528
workspaceModel.update.unloaded.entities.ms,1774321233648000000,1774321293654000000,0
workspaceModel.on.changed.ms,1774321233648000000,1774321293654000000,47
workspaceModel.workspaceFileIndexContributor.registerFileSets.ms,1774321233648000000,1774321293654000000,238
workspaceModel.cachedValueWithParameters.calculated.count,1774321233648000000,1774321293654000000,0
workspaceModel.workspaceFileIndexData.getFileInfo.ms,1774321233648000000,1774321293654000000,863
workspaceModel.updates.precise.ms,1774321233648000000,1774321293654000000,30
workspaceModel.workspaceFileIndexData.markDirty.ms,1774321233648000000,1774321293654000000,0
workspaceModel.workspaceFileIndexData.instances.count,1774321233648000000,1774321293654000000,2
workspaceModel.cachedValueWithParameters.total.get.count,1774321233648000000,1774321293654000000,0
workspaceModel.cachedValue.from.cache.count,1774321233648000000,1774321293654000000,9392
workspaceModel.loading.total.ms,1774321233648000000,1774321293654000000,356
workspaceModel.pre.handlers.ms,1774321233648000000,1774321293654000000,1
workspaceModel.workspaceFileIndexData.processFileSets.ms,1774321233648000000,1774321293654000000,0
workspaceModel.entityStorageSnapshotImpl.instances.count,1774321233648000000,1774321293654000000,110
workspaceModel.cachedValueWithParameters.from.cache.count,1774321233648000000,1774321293654000000,0
workspaceModel.cachedValueWithParameters.clear.count,1774321233648000000,1774321293654000000,0
workspaceModel.updates.count,1774321233648000000,1774321293654000000,38
workspaceModel.updates.ms,1774321233648000000,1774321293654000000,116
workspaceModel.init.bridges.ms,1774321233648000000,1774321293654000000,3
workspaceModel.check.recursive.update.ms,1774321233648000000,1774321293654000000,1
workspaceModel.workspaceFileIndexData.visitFileSets.ms,1774321233648000000,1774321293654000000,6
workspaceModel.on.before.changed.ms,1774321233648000000,1774321293654000000,35
workspaceModel.workspaceFileIndexData.getDirectoriesByPackageName.ms,1774321233648000000,1774321293654000000,376
workspaceModel.to.snapshot.ms,1774321233648000000,1774321293654000000,1
workspaceModel.workspaceFileIndexData.onEntitiesChanged.ms,1774321233648000000,1774321293654000000,3
workspaceModel.initializing.ms,1774321233648000000,1774321293654000000,3
workspaceModel.cachedValue.total.get.count,1774321233648000000,1774321293654000000,10650
workspaceModel.workspaceFileIndexData.getPackageName.ms,1774321233648000000,1774321293654000000,27
workspaceModel.cachedValue.calculated.count,1774321233648000000,1774321293654000000,1258
workspaceModel.cachedValue.clear.count,1774321233648000000,1774321293654000000,9
workspaceModel.workspaceFileIndexData.updateDirtyEntities.ms,1774321233648000000,1774321293654000000,0
workspaceModel.collect.changes.ms,1774321233648000000,1774321293654000000,0
workspaceModel.full.replace.project.model.ms,1774321233648000000,1774321293654000000,6
workspaceModel.replace.project.model.ms,1774321233648000000,1774321293654000000,5
workspaceModel.workspaceFileIndexData.init.ms,1774321233648000000,1774321293654000000,126
workspaceModel.loading.from.cache.ms,1774321233648000000,1774321293654000000,347
FlushQueue.waitingTime90PNs,1774321233648000000,1774321293654000000,163577855
AWTEventQueue.dispatchTimeMaxNs,1774321233648000000,1774321293654000000,587202559
FlushQueue.queueSizeAvg,1774321233648000000,1774321293654000000,20.116780045351472
FlushQueue.executionTime90PNs,1774321233648000000,1774321293654000000,224255
FlushQueue.queueSize90P,1774321233648000000,1774321293654000000,86
FlushQueue.waitingTimeMaxNs,1774321233648000000,1774321293654000000,1426063359
FlushQueue.executionTimeMaxNs,1774321233648000000,1774321293654000000,583008255
AWTEventQueue.eventsDispatched,1774321233648000000,1774321293654000000,13774
FlushQueue.queueSizeMax,1774321233648000000,1774321293654000000,195
NonBlockingReadAction.failedExecutionTimeUs,1774321233648000000,1774321293654000000,126513
AWTEventQueue.dispatchTimeAvgNs,1774321233648000000,1774321293654000000,1103191.9448235806
FlushQueue.tasksExecuted,1774321233648000000,1774321293654000000,10584
NonBlockingReadAction.finalizedExecutionTimeUs,1774321233648000000,1774321293654000000,5366511
FlushQueue.waitingTimeAvgNs,1774321233648000000,1774321293654000000,5.596237533720711E7
AWTEventQueue.dispatchTimeTotalNS,1774321233648000000,1774321293654000000,15198736988
NonBlockingReadAction.finalizedExecutionsCount,1774321233648000000,1774321293654000000,356
AWTEventQueue.dispatchTime90PNs,1774321233648000000,1774321293654000000,1417215
FlushQueue.executionTimeAvgNs,1774321233648000000,1774321293654000000,589344.5663265307
ReadAction.executionsCount,1774321233648000000,1774321293654000000,1800899
WriteAction.executionsCount,1774321233648000000,1774321293654000000,129
NonBlockingReadAction.failedExecutionsCount,1774321233648000000,1774321293654000000,17
JVM.GC.collections,1774321233648000000,1774321293654000000,117
OS.loadAverage,1774321233648000000,1774321293654000000,16.4619140625
JVM.usedNativeBytes,1774321233648000000,1774321293654000000,569083840
JVM.totalTimeToSafepointsMs,1774321233648000000,1774321293654000000,132
JVM.threadCount,1774321233648000000,1774321293654000000,143
JVM.maxThreadCount,1774321233648000000,1774321293654000000,146
JVM.newThreadsCount,1774321233648000000,1774321293654000000,184
JVM.totalSafepointCount,1774321233648000000,1774321293654000000,541
JVM.totalBytesAllocated,1774321233648000000,1774321293654000000,12600100240
JVM.GC.collectionTimesMs,1774321233648000000,1774321293654000000,1041
JVM.usedHeapBytes,1774321233648000000,1774321293654000000,545019576
JVM.maxHeapBytes,1774321233648000000,1774321293654000000,2147483648
JVM.totalTimeAtSafepointsMs,1774321233648000000,1774321293654000000,1080
JVM.totalDirectByteBuffersBytes,1774321233648000000,1774321293654000000,364658953
JVM.totalCpuTimeMs,1774321233648000000,1774321293654000000,117274
cacheStateStorage.set.counter,1774321233648000000,1774321293654000000,14
cacheStateStorage.get.counter,1774321233648000000,1774321293654000000,313
cacheStateStorage.set.duration,1774321233648000000,1774321293654000000,11
cacheStateStorage.get.duration,1774321233648000000,1774321293654000000,412
jps.app.storage.content.writer.save.component.ms,1774321233648000000,1774321293654000000,15
workspaceModel.moduleManagerBridge.build.module.graph.ms,1774321233648000000,1774321293654000000,2
jps.app.storage.content.reader.load.component.ms,1774321233648000000,1774321293654000000,5
jps.modifiable.module.model.bridge.disposing.ms,1774321233648000000,1774321293654000000,0
jps.global.get.libraries.ms,1774321233648000000,1774321293654000000,0
workspaceModel.moduleManagerBridge.load.module.ms,1774321233648000000,1774321293654000000,0
jps.modifiable.module.model.bridge.new.module.ms,1774321233648000000,1774321293654000000,11
workspaceModel.delayed.project.synchronizer.sync.ms,1774321233648000000,1774321293654000000,44884
workspaceModel.mutableEntityStorage.instances.count,1774321233648000000,1774321293654000000,183
jps.modifiable.module.model.bridge.renaming.ms,1774321233648000000,1774321293654000000,0
workspaceModel.moduleManagerBridge.create.module.instance.ms,1774321233648000000,1774321293654000000,6
workspaceModel.do.save.caches.ms,1774321233648000000,1774321293654000000,420
jps.global.get.library.by.name.ms,1774321233648000000,1774321293654000000,0
jps.module.iml.entities.serializer.save.entities.ms,1774321233648000000,1774321293654000000,16
jps.global.handle.before.change.events.ms,1774321233648000000,1774321293654000000,0
jps.load.initial.state.ms,1774321233648000000,1774321293654000000,10
workspaceModel.mutableEntityStorage.entities.ms,1774321233648000000,1774321293654000000,0
workspaceModel.mutableEntityStorage.remove.entity.ms,1774321233648000000,1774321293654000000,8
workspaceModel.mutableEntityStorage.put.entity.ms,1774321233648000000,1774321293654000000,10
workspaceModel.global.apply.state.to.project.ms,1774321233648000000,1774321293654000000,27
workspaceModel.moduleBridgeLoader.loading.modules.ms,1774321233648000000,1774321293654000000,1983
jps.global.handle.changed.events.ms,1774321233648000000,1774321293654000000,0
jps.modifiable.module.model.bridge.load.module.ms,1774321233648000000,1774321293654000000,0
workspaceModel.global.updates.count,1774321233648000000,1774321293654000000,1
jps.facet.change.listener.process.change.events.ms,1774321233648000000,1774321293654000000,6
workspaceModel.mutableEntityStorage.has.same.entities.ms,1774321233648000000,1774321293654000000,0
jps.module.iml.entities.serializer.load.entities.ms,1774321233648000000,1774321293654000000,129
workspaceModel.moduleManagerBridge.new.nonPersistent.module.ms,1774321233648000000,1774321293654000000,0
workspaceModel.mutableEntityStorage.changeLog.addReplaceEventForRemovedChild.ms,1774321233648000000,1774321293654000000,1
jps.global.initialize.library.bridges.ms,1774321233648000000,1774321293654000000,1
jps.save.global.entities.ms,1774321233648000000,1774321293654000000,30
workspaceModel.mutableEntityStorage.apply.changes.from.ms,1774321233648000000,1774321293654000000,26
jps.project.serializers.load.ms,1774321233648000000,1774321293654000000,456
jps.global.get.library.ms,1774321233648000000,1774321293654000000,0
workspaceModel.orphan.listener.update.ms,1774321233648000000,1774321293654000000,10
jps.facet.change.listener.before.change.events.ms,1774321233648000000,1774321293654000000,0
workspaceModel.moduleManagerBridge.newModule.ms,1774321233648000000,1774321293654000000,0
jps.load.project.to.empty.storage.ms,1774321233648000000,1774321293654000000,501
workspaceModel.mutableEntityStorage.collect.changes.ms,1774321233648000000,1774321293654000000,2
workspaceModel.mutableEntityStorage.mutable.ext.mapping.ms,1774321233648000000,1774321293654000000,1
workspaceModel.mutableEntityStorage.referrers.ms,1774321233648000000,1774321293654000000,0
workspaceModel.mutableEntityStorage.replace.by.source.ms,1774321233648000000,1774321293654000000,21
workspaceModel.mutableEntityStorage.resolve.ms,1774321233648000000,1774321293654000000,6
workspaceModel.global.updates.ms,1774321233648000000,1774321293654000000,7
workspaceModel.mutableEntityStorage.entities.by.source.ms,1774321233648000000,1774321293654000000,2
workspaceModel.save.cache.to.file.ms,1774321233648000000,1774321293654000000,365
workspaceModel.load.cache.from.file.ms,1774321233648000000,1774321293654000000,362
jps.module.dependency.index.workspace.model.listener.on.changed.ms,1774321233648000000,1774321293654000000,3
workspaceModel.moduleManagerBridge.load.all.modules.ms,1774321233648000000,1774321293654000000,131
jps.facet.change.listener.init.bridge.ms,1774321233648000000,1774321293654000000,0
jps.global.initialize.library.bridges.after.loading.ms,1774321233648000000,1774321293654000000,1
workspaceModel.mutableEntityStorage.changeLog.addReplaceEventForRemovedParent.ms,1774321233648000000,1774321293654000000,0
workspaceModel.load.cache.metadata.from.file.ms,1774321233648000000,1774321293654000000,39
workspaceModel.mutableEntityStorage.to.snapshot.ms,1774321233648000000,1774321293654000000,7
jps.reload.project.entities.ms,1774321233648000000,1774321293654000000,1
jps.artifact.entities.serializer.load.entities.ms,1774321233648000000,1774321293654000000,1
workspaceModel.moduleManagerBridge.get.modules.ms,1774321233648000000,1774321293654000000,2
workspaceModel.moduleBridge.before.changed.ms,1774321233648000000,1774321293654000000,0
workspaceModel.sync.entities.ms,1774321233648000000,1774321293654000000,0
workspaceModel.mutableEntityStorage.changeLog.addReplaceEventForNewParent.ms,1774321233648000000,1774321293654000000,1
workspaceModel.moduleManagerBridge.set.unloadedModules.ms,1774321233648000000,1774321293654000000,0
jps.artifact.entities.serializer.save.entities.ms,1774321233648000000,1774321293654000000,0
workspaceModel.moduleBridge.facet.initialization.ms,1774321233648000000,1774321293654000000,1
workspaceModel.mutableEntityStorage.changeLog.addReplaceEventForNewChild.ms,1774321233648000000,1774321293654000000,0
jps.storage.jps.conf.reader.load.component.ms,1774321233648000000,1774321293654000000,12
jps.library.entities.serializer.save.entities.ms,1774321233648000000,1774321293654000000,3
jps.apply.loaded.storage.ms,1774321233648000000,1774321293654000000,44373
jps.save.changed.project.entities.ms,1774321233648000000,1774321293654000000,29
workspaceModel.moduleBridge.update.option.ms,1774321233648000000,1774321293654000000,1
jps.project.serializers.save.ms,1774321233648000000,1774321293654000000,28
workspaceModel.global.apply.state.to.project.builder.ms,1774321233648000000,1774321293654000000,5
workspaceModel.mutableEntityStorage.mutable.vfurl.index.ms,1774321233648000000,1774321293654000000,0
jps.library.entities.serializer.load.entities.ms,1774321233648000000,1774321293654000000,27
workspaceModel.mutableEntityStorage.modify.entity.ms,1774321233648000000,1774321293654000000,57
workspaceModel.mutableEntityStorage.add.entity.ms,1774321233648000000,1774321293654000000,57
compiler.ArtifactModifiableModelBridge.dispose.ms,1774321233648000000,1774321293654000000,0
compiler.ArtifactManagerBridge.getArtifacts.ms,1774321233648000000,1774321293654000000,0
compiler.ArtifactModifiableModelBridge.findArtifacts.ms,1774321233648000000,1774321293654000000,0
compiler.ArtifactManagerBridge.initBridges.ms,1774321233648000000,1774321293654000000,0
compiler.ArtifactModifiableModelBridge.getArtifacts.ms,1774321233648000000,1774321293654000000,0
compiler.ArtifactManagerBridge.commit.ms,1774321233648000000,1774321293654000000,2
compiler.ArtifactManagerBridge.getArtifactsByType.ms,1774321233648000000,1774321293654000000,12
compiler.ArtifactManagerBridge.findArtifact.ms,1774321233648000000,1774321293654000000,0
compiler.ArtifactVirtualFileListener.filePathChanged.ms,1774321233648000000,1774321293654000000,0
compiler.ArtifactManagerBridge.addArtifact.ms,1774321233648000000,1774321293654000000,0
compiler.ArtifactModifiableModelBridge.addArtifact.ms,1774321233648000000,1774321293654000000,0
compiler.ArtifactManagerBridge.dropMappings.ms,1774321233648000000,1774321293654000000,0
compiler.ArtifactModifiableModelBridge.commit.ms,1774321233648000000,1774321293654000000,2
compiler.ArtifactModifiableModelBridge.getArtifactsByType.ms,1774321233648000000,1774321293654000000,0
compiler.ArtifactVirtualFileListener.propertyChanged.ms,1774321233648000000,1774321293654000000,0
writeAction.max.wait.ms,1774321233648000000,1774321293654000000,581
lexer.JAVA.time.ns,1774321233648000000,1774321293654000000,3349836
writeAction.median.wait.ms,1774321233648000000,1774321293654000000,1000
parser.XML.size.bytes,1774321233648000000,1774321293654000000,8042
writeAction.count,1774321233648000000,1774321293654000000,129
DiskQueryRelay.taskWaitingTotalTimeUs,1774321233648000000,1774321293654000000,3926873
DiskQueryRelay.tasksRequested,1774321233648000000,1774321293654000000,23990
DiskQueryRelay.tasksExecuted,1774321233648000000,1774321293654000000,23933
lexer.JAVA.size.bytes,1774321233648000000,1774321293654000000,46333
writeAction.wait.ms,1774321233648000000,1774321293654000000,1084
lexer.XML.size.bytes,1774321233648000000,1774321293654000000,8042
parser.JAVA.size.bytes,1774321233648000000,1774321293654000000,46333
lexer.XML.time.ns,1774321233648000000,1774321293654000000,1218917
parser.XML.time.ns,1774321233648000000,1774321293654000000,40182583
DiskQueryRelay.taskExecutionTotalTimeUs,1774321233648000000,1774321293654000000,1724841
parser.JAVA.time.ns,1774321233648000000,1774321293654000000,26001128
VFS.contentStorage.recordsStoredCompressed,1774321233648000000,1774321293654000000,1
VFS.contentStorage.recordsDecompressionTimeUs,1774321233648000000,1774321293654000000,28031
VFS.contentStorage.recordsStoredSize,1774321233648000000,1774321293654000000,13549
VFS.contentStorage.recordsRead,1774321233648000000,1774321293654000000,1245
VFS.contentStorage.recordsUncompressedSize,1774321233648000000,1774321293654000000,23067
VFS.contentStorage.recordsReadSize,1774321233648000000,1774321293654000000,21362838
VFS.contentStorage.recordsDeduplicated,1774321233648000000,1774321293654000000,0
VFS.fileByIdCache.hits,1774321233648000000,1774321293654000000,8
VFS.fileByIdCache.misses,1774321233648000000,1774321293654000000,349930
VFS.invertedFileNameIndex.requests,1774321233648000000,1774321293654000000,14
FileNameCache.queries,1774321233648000000,1774321293654000000,15751744
VFS.fileChildByName,1774321233648000000,1774321293654000000,307220
FileNameCache.totalMisses,1774321233648000000,1774321293654000000,1161280
VFS.contentStorage.recordsReadDecompressed,1774321233648000000,1774321293654000000,328
VFS.contentStorage.recordsStored,1774321233648000000,1774321293654000000,5
Indexes.entries.lookupDurationMaxMs,1774321293654000000,1774321353658000000,0.0
Indexing.writesQueuedMax,1774321293654000000,1774321353658000000,0
Indexes.entries.lookups,1774321293654000000,1774321353658000000,0
Indexes.stubs.lookups,1774321293654000000,1774321353658000000,0
Indexes.entries.lookupDurationAvgMs,1774321293654000000,1774321353658000000,0.0
Indexes.stubs.lookupDuration90PMs,1774321293654000000,1774321353658000000,0.0
IndexesFlusher.totalFlushesRetried,1774321293654000000,1774321353658000000,0
Indexing.cache.totalCacheEvicted,1774321293654000000,1774321353658000000,0
Indexing.writer_3.totalTimeSpentWritingMs,1774321293654000000,1774321353658000000,0
Indexes.stubs.lookupDurationMaxMs,1774321293654000000,1774321353658000000,0.0
Indexing.writesQueuedMin,1774321293654000000,1774321353658000000,0
Indexing.writer_2.totalTimeSpentWritingMs,1774321293654000000,1774321353658000000,0
Indexing.writer_0.totalTimeSpentWritingMs,1774321293654000000,1774321353658000000,0
Indexes.allKeys.lookups,1774321293654000000,1774321353658000000,0
Indexes.entries.lookupDuration90PMs,1774321293654000000,1774321353658000000,0.0
Indexing.writesQueuedAvg,1774321293654000000,1774321353658000000,0.0
IndexesFlusher.totalFlushingTimeUs,1774321293654000000,1774321353658000000,263198
Indexing.cache.totalCacheAccesses,1774321293654000000,1774321353658000000,0
Indexes.allKeys.lookupDurationAvgMs,1774321293654000000,1774321353658000000,0.0
Indexes.allKeys.lookupDuration90PMs,1774321293654000000,1774321353658000000,0.0
Indexing.totalTimeIndexersSleptMs,1774321293654000000,1774321353658000000,0
Indexing.cache.totalCacheMisses,1774321293654000000,1774321353658000000,0
Indexes.stubs.lookupDurationAvgMs,1774321293654000000,1774321353658000000,0.0
Indexes.allKeys.lookupDurationMaxMs,1774321293654000000,1774321353658000000,0.0
IndexesFlusher.totalFlushes,1774321293654000000,1774321353658000000,117
IndexesFlusher.totalContentionQuotaSpent,1774321293654000000,1774321353658000000,0
Indexing.writer_1.totalTimeSpentWritingMs,1774321293654000000,1774321353658000000,0
StreamlinedBlobStorage.totalLiveRecordsPayloadBytes,1774321293654000000,1774321353658000000,0
FilePageCacheLockFree.housekeeperTimeSpentMs,1774321293654000000,1774321353658000000,0
FilePageCacheLockFree.totalPagesWriteMs,1774321293654000000,1774321353658000000,0
FilePageCacheLockFree.totalBytesRead,1774321293654000000,1774321353658000000,0
FilePageCache.maxCacheSizeInBytes,1774321293654000000,1774321353658000000,359702528
FilePageCacheLockFree.totalPagesWritten,1774321293654000000,1774321353658000000,0
FileChannelInterruptsRetryer.totalRetriedAttempts,1774321293654000000,1774321353658000000,0
FilePageCacheLockFree.totalNativeBytesReclaimed,1774321293654000000,1774321353658000000,0
FilePageCache.totalPageLoadsUs,1774321293654000000,1774321353658000000,0
FilePageCache.maxRegisteredFiles,1774321293654000000,1774321353658000000,550
FilePageCacheLockFree.totalHeapBytesReclaimed,1774321293654000000,1774321353658000000,0
FilePageCache.uncachedFileAccess,1774321293654000000,1774321353658000000,0
MappedFileStorage.totalPagesMapped,1774321293654000000,1774321353658000000,21
FilePageCache.pageHits,1774321293654000000,1774321353658000000,0
FilePageCacheLockFree.heapBytesInUse,1774321293654000000,1774321353658000000,0
FilePageCacheLockFree.totalPagesAllocated,1774321293654000000,1774321353658000000,0
FilePageCacheLockFree.totalBytesRequested,1774321293654000000,1774321353658000000,0
FilePageCache.capacityInBytes,1774321293654000000,1774321353658000000,503316478
StreamlinedBlobStorage.totalLiveRecordsCapacityBytes,1774321293654000000,1774321353658000000,0
StreamlinedBlobStorage.recordsRelocated,1774321293654000000,1774321353658000000,0
FilePageCacheLockFree.totalPagesRequested,1774321293654000000,1774321353658000000,0
FilePageCacheLockFree.totalHeapBytesAllocated,1774321293654000000,1774321353658000000,0
FilePageCacheLockFree.housekeeperTurnsSkipped,1774321293654000000,1774321353658000000,0
FilePageCacheLockFree.totalClosedStoragesReclaimed,1774321293654000000,1774321353658000000,0
DirectByteBufferAllocator.reclaimed,1774321293654000000,1774321353658000000,0
FilePageCacheLockFree.totalNativeBytesAllocated,1774321293654000000,1774321353658000000,0
DirectByteBufferAllocator.disposed,1774321293654000000,1774321353658000000,0
FilePageCacheLockFree.totalBytesWritten,1774321293654000000,1774321353658000000,0
FilePageCache.totalPageDisposalsUs,1774321293654000000,1774321353658000000,0
FilePageCache.pageLoadsAboveSizeThreshold,1774321293654000000,1774321353658000000,0
DirectByteBufferAllocator.totalSizeOfBuffersCachedInBytes,1774321293654000000,1774321353658000000,0
StorageLockContext.competingThreads.max,1774321293654000000,1774321353658000000,0
StreamlinedBlobStorage.recordsDeleted,1774321293654000000,1774321353658000000,0
FilePageCache.disposedBuffers,1774321293654000000,1774321353658000000,0
FilePageCacheLockFree.totalPagesReadMs,1774321293654000000,1774321353658000000,0
DirectByteBufferAllocator.misses,1774321293654000000,1774321353658000000,0
FilePageCacheLockFree.totalPagesHandedOver,1774321293654000000,1774321353658000000,0
DirectByteBufferAllocator.hits,1774321293654000000,1774321353658000000,0
MappedFileStorage.totalTimeSpentOnMappingUs,1774321293654000000,1774321353658000000,12784
FilePageCacheLockFree.totalPageAllocationsWaited,1774321293654000000,1774321353658000000,0
FilePageCacheLockFree.totalPagesRequestsMs,1774321293654000000,1774321353658000000,0
FilePageCacheLockFree.nativeBytesInUse,1774321293654000000,1774321353658000000,0
StorageLockContext.competingThreads.avg,1774321293654000000,1774321353658000000,0.0
FilePageCacheLockFree.totalPagesReclaimed,1774321293654000000,1774321353658000000,0
FilePageCache.pageFastCacheHits,1774321293654000000,1774321353658000000,0
StreamlinedBlobStorage.recordsAllocated,1774321293654000000,1774321353658000000,0
MappedFileStorage.storages,1774321293654000000,1774321353658000000,16
FilePageCacheLockFree.housekeeperTurnsDone,1774321293654000000,1774321353658000000,0
FilePageCache.pageLoads,1774321293654000000,1774321353658000000,0
MappedFileStorage.totalBytesMapped,1774321293654000000,1774321353658000000,252968960
StorageLockContext.competingThreads.90P,1774321293654000000,1774321353658000000,0
DirectByteBufferAllocator.totalSizeOfBuffersAllocatedInBytes,1774321293654000000,1774321353658000000,359702528
workspaceModel.update.unloaded.entities.ms,1774321293654000000,1774321353658000000,0
workspaceModel.on.changed.ms,1774321293654000000,1774321353658000000,0
workspaceModel.workspaceFileIndexContributor.registerFileSets.ms,1774321293654000000,1774321353658000000,0
workspaceModel.cachedValueWithParameters.calculated.count,1774321293654000000,1774321353658000000,0
workspaceModel.workspaceFileIndexData.getFileInfo.ms,1774321293654000000,1774321353658000000,0
workspaceModel.updates.precise.ms,1774321293654000000,1774321353658000000,0
workspaceModel.workspaceFileIndexData.markDirty.ms,1774321293654000000,1774321353658000000,0
workspaceModel.workspaceFileIndexData.instances.count,1774321293654000000,1774321353658000000,0
workspaceModel.cachedValueWithParameters.total.get.count,1774321293654000000,1774321353658000000,0
workspaceModel.cachedValue.from.cache.count,1774321293654000000,1774321353658000000,8
workspaceModel.loading.total.ms,1774321293654000000,1774321353658000000,0
workspaceModel.pre.handlers.ms,1774321293654000000,1774321353658000000,0
workspaceModel.workspaceFileIndexData.processFileSets.ms,1774321293654000000,1774321353658000000,0
workspaceModel.entityStorageSnapshotImpl.instances.count,1774321293654000000,1774321353658000000,0
workspaceModel.cachedValueWithParameters.from.cache.count,1774321293654000000,1774321353658000000,0
workspaceModel.cachedValueWithParameters.clear.count,1774321293654000000,1774321353658000000,0
workspaceModel.updates.count,1774321293654000000,1774321353658000000,0
workspaceModel.updates.ms,1774321293654000000,1774321353658000000,0
workspaceModel.init.bridges.ms,1774321293654000000,1774321353658000000,0
workspaceModel.check.recursive.update.ms,1774321293654000000,1774321353658000000,0
workspaceModel.workspaceFileIndexData.visitFileSets.ms,1774321293654000000,1774321353658000000,0
workspaceModel.on.before.changed.ms,1774321293654000000,1774321353658000000,0
workspaceModel.workspaceFileIndexData.getDirectoriesByPackageName.ms,1774321293654000000,1774321353658000000,0
workspaceModel.to.snapshot.ms,1774321293654000000,1774321353658000000,0
workspaceModel.workspaceFileIndexData.onEntitiesChanged.ms,1774321293654000000,1774321353658000000,0
workspaceModel.initializing.ms,1774321293654000000,1774321353658000000,0
workspaceModel.cachedValue.total.get.count,1774321293654000000,1774321353658000000,8
workspaceModel.workspaceFileIndexData.getPackageName.ms,1774321293654000000,1774321353658000000,0
workspaceModel.cachedValue.calculated.count,1774321293654000000,1774321353658000000,0
workspaceModel.cachedValue.clear.count,1774321293654000000,1774321353658000000,0
workspaceModel.workspaceFileIndexData.updateDirtyEntities.ms,1774321293654000000,1774321353658000000,0
workspaceModel.collect.changes.ms,1774321293654000000,1774321353658000000,0
workspaceModel.full.replace.project.model.ms,1774321293654000000,1774321353658000000,0
workspaceModel.replace.project.model.ms,1774321293654000000,1774321353658000000,0
workspaceModel.workspaceFileIndexData.init.ms,1774321293654000000,1774321353658000000,0
workspaceModel.loading.from.cache.ms,1774321293654000000,1774321353658000000,0
FlushQueue.waitingTime90PNs,1774321293654000000,1774321353658000000,610303
AWTEventQueue.dispatchTimeMaxNs,1774321293654000000,1774321353658000000,48758783
FlushQueue.queueSizeAvg,1774321293654000000,1774321353658000000,0.7325581395348837
FlushQueue.executionTime90PNs,1774321293654000000,1774321353658000000,337919
FlushQueue.queueSize90P,1774321293654000000,1774321353658000000,3
FlushQueue.waitingTimeMaxNs,1774321293654000000,1774321353658000000,29229055
FlushQueue.executionTimeMaxNs,1774321293654000000,1774321353658000000,22544383
AWTEventQueue.eventsDispatched,1774321293654000000,1774321353658000000,1573
FlushQueue.queueSizeMax,1774321293654000000,1774321353658000000,9
NonBlockingReadAction.failedExecutionTimeUs,1774321293654000000,1774321353658000000,0
AWTEventQueue.dispatchTimeAvgNs,1774321293654000000,1774321353658000000,656885.0502225048
FlushQueue.tasksExecuted,1774321293654000000,1774321353658000000,688
NonBlockingReadAction.finalizedExecutionTimeUs,1774321293654000000,1774321353658000000,324
FlushQueue.waitingTimeAvgNs,1774321293654000000,1774321353658000000,508773.8023255814
AWTEventQueue.dispatchTimeTotalNS,1774321293654000000,1774321353658000000,1036102767
NonBlockingReadAction.finalizedExecutionsCount,1774321293654000000,1774321353658000000,2
AWTEventQueue.dispatchTime90PNs,1774321293654000000,1774321353658000000,888831
FlushQueue.executionTimeAvgNs,1774321293654000000,1774321353658000000,193501.53924418605
ReadAction.executionsCount,1774321293654000000,1774321353658000000,3491
WriteAction.executionsCount,1774321293654000000,1774321353658000000,0
NonBlockingReadAction.failedExecutionsCount,1774321293654000000,1774321353658000000,0
JVM.GC.collections,1774321293654000000,1774321353658000000,3
OS.loadAverage,1774321293654000000,1774321353658000000,12.1875
JVM.usedNativeBytes,1774321293654000000,1774321353658000000,577939776
JVM.totalTimeToSafepointsMs,1774321293654000000,1774321353658000000,17
JVM.threadCount,1774321293654000000,1774321353658000000,73
JVM.maxThreadCount,1774321293654000000,1774321353658000000,146
JVM.newThreadsCount,1774321293654000000,1774321353658000000,3
JVM.totalSafepointCount,1774321293654000000,1774321353658000000,34
JVM.totalBytesAllocated,1774321293654000000,1774321353658000000,88466944
JVM.GC.collectionTimesMs,1774321293654000000,1774321353658000000,76
JVM.usedHeapBytes,1774321293654000000,1774321353658000000,570836608
JVM.maxHeapBytes,1774321293654000000,1774321353658000000,2147483648
JVM.totalTimeAtSafepointsMs,1774321293654000000,1774321353658000000,78
JVM.totalDirectByteBuffersBytes,1774321293654000000,1774321353658000000,361308658
JVM.totalCpuTimeMs,1774321293654000000,1774321353658000000,6480
cacheStateStorage.set.counter,1774321293654000000,1774321353658000000,0
cacheStateStorage.get.counter,1774321293654000000,1774321353658000000,1
cacheStateStorage.set.duration,1774321293654000000,1774321353658000000,0
cacheStateStorage.get.duration,1774321293654000000,1774321353658000000,1
jps.app.storage.content.writer.save.component.ms,1774321293654000000,1774321353658000000,0
workspaceModel.moduleManagerBridge.build.module.graph.ms,1774321293654000000,1774321353658000000,0
jps.app.storage.content.reader.load.component.ms,1774321293654000000,1774321353658000000,0
jps.modifiable.module.model.bridge.disposing.ms,1774321293654000000,1774321353658000000,0
jps.global.get.libraries.ms,1774321293654000000,1774321353658000000,0
workspaceModel.moduleManagerBridge.load.module.ms,1774321293654000000,1774321353658000000,0
jps.modifiable.module.model.bridge.new.module.ms,1774321293654000000,1774321353658000000,0
workspaceModel.delayed.project.synchronizer.sync.ms,1774321293654000000,1774321353658000000,0
workspaceModel.mutableEntityStorage.instances.count,1774321293654000000,1774321353658000000,0
jps.modifiable.module.model.bridge.renaming.ms,1774321293654000000,1774321353658000000,0
workspaceModel.moduleManagerBridge.create.module.instance.ms,1774321293654000000,1774321353658000000,0
workspaceModel.do.save.caches.ms,1774321293654000000,1774321353658000000,0
jps.global.get.library.by.name.ms,1774321293654000000,1774321353658000000,0
jps.module.iml.entities.serializer.save.entities.ms,1774321293654000000,1774321353658000000,0
jps.global.handle.before.change.events.ms,1774321293654000000,1774321353658000000,0
jps.load.initial.state.ms,1774321293654000000,1774321353658000000,0
workspaceModel.mutableEntityStorage.entities.ms,1774321293654000000,1774321353658000000,0
workspaceModel.mutableEntityStorage.remove.entity.ms,1774321293654000000,1774321353658000000,0
workspaceModel.mutableEntityStorage.put.entity.ms,1774321293654000000,1774321353658000000,0
workspaceModel.global.apply.state.to.project.ms,1774321293654000000,1774321353658000000,0
workspaceModel.moduleBridgeLoader.loading.modules.ms,1774321293654000000,1774321353658000000,0
jps.global.handle.changed.events.ms,1774321293654000000,1774321353658000000,0
jps.modifiable.module.model.bridge.load.module.ms,1774321293654000000,1774321353658000000,0
workspaceModel.global.updates.count,1774321293654000000,1774321353658000000,0
jps.facet.change.listener.process.change.events.ms,1774321293654000000,1774321353658000000,0
workspaceModel.mutableEntityStorage.has.same.entities.ms,1774321293654000000,1774321353658000000,0
jps.module.iml.entities.serializer.load.entities.ms,1774321293654000000,1774321353658000000,0
workspaceModel.moduleManagerBridge.new.nonPersistent.module.ms,1774321293654000000,1774321353658000000,0
workspaceModel.mutableEntityStorage.changeLog.addReplaceEventForRemovedChild.ms,1774321293654000000,1774321353658000000,0
jps.global.initialize.library.bridges.ms,1774321293654000000,1774321353658000000,0
jps.save.global.entities.ms,1774321293654000000,1774321353658000000,0
workspaceModel.mutableEntityStorage.apply.changes.from.ms,1774321293654000000,1774321353658000000,0
jps.project.serializers.load.ms,1774321293654000000,1774321353658000000,0
jps.global.get.library.ms,1774321293654000000,1774321353658000000,0
workspaceModel.orphan.listener.update.ms,1774321293654000000,1774321353658000000,0
jps.facet.change.listener.before.change.events.ms,1774321293654000000,1774321353658000000,0
workspaceModel.moduleManagerBridge.newModule.ms,1774321293654000000,1774321353658000000,0
jps.load.project.to.empty.storage.ms,1774321293654000000,1774321353658000000,0
workspaceModel.mutableEntityStorage.collect.changes.ms,1774321293654000000,1774321353658000000,0
workspaceModel.mutableEntityStorage.mutable.ext.mapping.ms,1774321293654000000,1774321353658000000,0
workspaceModel.mutableEntityStorage.referrers.ms,1774321293654000000,1774321353658000000,0
workspaceModel.mutableEntityStorage.replace.by.source.ms,1774321293654000000,1774321353658000000,0
workspaceModel.mutableEntityStorage.resolve.ms,1774321293654000000,1774321353658000000,0
workspaceModel.global.updates.ms,1774321293654000000,1774321353658000000,0
workspaceModel.mutableEntityStorage.entities.by.source.ms,1774321293654000000,1774321353658000000,0
workspaceModel.save.cache.to.file.ms,1774321293654000000,1774321353658000000,0
workspaceModel.load.cache.from.file.ms,1774321293654000000,1774321353658000000,0
jps.module.dependency.index.workspace.model.listener.on.changed.ms,1774321293654000000,1774321353658000000,0
workspaceModel.moduleManagerBridge.load.all.modules.ms,1774321293654000000,1774321353658000000,0
jps.facet.change.listener.init.bridge.ms,1774321293654000000,1774321353658000000,0
jps.global.initialize.library.bridges.after.loading.ms,1774321293654000000,1774321353658000000,0
workspaceModel.mutableEntityStorage.changeLog.addReplaceEventForRemovedParent.ms,1774321293654000000,1774321353658000000,0
workspaceModel.load.cache.metadata.from.file.ms,1774321293654000000,1774321353658000000,0
workspaceModel.mutableEntityStorage.to.snapshot.ms,1774321293654000000,1774321353658000000,0
jps.reload.project.entities.ms,1774321293654000000,1774321353658000000,0
jps.artifact.entities.serializer.load.entities.ms,1774321293654000000,1774321353658000000,0
workspaceModel.moduleManagerBridge.get.modules.ms,1774321293654000000,1774321353658000000,0
workspaceModel.moduleBridge.before.changed.ms,1774321293654000000,1774321353658000000,0
workspaceModel.sync.entities.ms,1774321293654000000,1774321353658000000,0
workspaceModel.mutableEntityStorage.changeLog.addReplaceEventForNewParent.ms,1774321293654000000,1774321353658000000,0
workspaceModel.moduleManagerBridge.set.unloadedModules.ms,1774321293654000000,1774321353658000000,0
jps.artifact.entities.serializer.save.entities.ms,1774321293654000000,1774321353658000000,0
workspaceModel.moduleBridge.facet.initialization.ms,1774321293654000000,1774321353658000000,0
workspaceModel.mutableEntityStorage.changeLog.addReplaceEventForNewChild.ms,1774321293654000000,1774321353658000000,0
jps.storage.jps.conf.reader.load.component.ms,1774321293654000000,1774321353658000000,0
jps.library.entities.serializer.save.entities.ms,1774321293654000000,1774321353658000000,0
jps.apply.loaded.storage.ms,1774321293654000000,1774321353658000000,0
jps.save.changed.project.entities.ms,1774321293654000000,1774321353658000000,0
workspaceModel.moduleBridge.update.option.ms,1774321293654000000,1774321353658000000,0
jps.project.serializers.save.ms,1774321293654000000,1774321353658000000,0
workspaceModel.global.apply.state.to.project.builder.ms,1774321293654000000,1774321353658000000,0
workspaceModel.mutableEntityStorage.mutable.vfurl.index.ms,1774321293654000000,1774321353658000000,0
jps.library.entities.serializer.load.entities.ms,1774321293654000000,1774321353658000000,0
workspaceModel.mutableEntityStorage.modify.entity.ms,1774321293654000000,1774321353658000000,0
workspaceModel.mutableEntityStorage.add.entity.ms,1774321293654000000,1774321353658000000,0
compiler.ArtifactModifiableModelBridge.dispose.ms,1774321293654000000,1774321353658000000,0
compiler.ArtifactManagerBridge.getArtifacts.ms,1774321293654000000,1774321353658000000,1
compiler.ArtifactModifiableModelBridge.findArtifacts.ms,1774321293654000000,1774321353658000000,0
compiler.ArtifactManagerBridge.initBridges.ms,1774321293654000000,1774321353658000000,0
compiler.ArtifactModifiableModelBridge.getArtifacts.ms,1774321293654000000,1774321353658000000,0
compiler.ArtifactManagerBridge.commit.ms,1774321293654000000,1774321353658000000,0
compiler.ArtifactManagerBridge.getArtifactsByType.ms,1774321293654000000,1774321353658000000,0
compiler.ArtifactManagerBridge.findArtifact.ms,1774321293654000000,1774321353658000000,0
compiler.ArtifactVirtualFileListener.filePathChanged.ms,1774321293654000000,1774321353658000000,0
compiler.ArtifactManagerBridge.addArtifact.ms,1774321293654000000,1774321353658000000,0
compiler.ArtifactModifiableModelBridge.addArtifact.ms,1774321293654000000,1774321353658000000,0
compiler.ArtifactManagerBridge.dropMappings.ms,1774321293654000000,1774321353658000000,0
compiler.ArtifactModifiableModelBridge.commit.ms,1774321293654000000,1774321353658000000,2
compiler.ArtifactModifiableModelBridge.getArtifactsByType.ms,1774321293654000000,1774321353658000000,0
compiler.ArtifactVirtualFileListener.propertyChanged.ms,1774321293654000000,1774321353658000000,0
writeAction.max.wait.ms,1774321293654000000,1774321353658000000,581
writeAction.median.wait.ms,1774321293654000000,1774321353658000000,1000
writeAction.count,1774321293654000000,1774321353658000000,0
DiskQueryRelay.taskWaitingTotalTimeUs,1774321293654000000,1774321353658000000,0
DiskQueryRelay.tasksRequested,1774321293654000000,1774321353658000000,0
DiskQueryRelay.tasksExecuted,1774321293654000000,1774321353658000000,0
writeAction.wait.ms,1774321293654000000,1774321353658000000,0
DiskQueryRelay.taskExecutionTotalTimeUs,1774321293654000000,1774321353658000000,0
VFS.contentStorage.recordsStoredCompressed,1774321293654000000,1774321353658000000,0
VFS.contentStorage.recordsDecompressionTimeUs,1774321293654000000,1774321353658000000,0
VFS.contentStorage.recordsStoredSize,1774321293654000000,1774321353658000000,0
VFS.contentStorage.recordsRead,1774321293654000000,1774321353658000000,0
VFS.contentStorage.recordsUncompressedSize,1774321293654000000,1774321353658000000,0
VFS.contentStorage.recordsReadSize,1774321293654000000,1774321353658000000,0
VFS.contentStorage.recordsDeduplicated,1774321293654000000,1774321353658000000,0
VFS.fileByIdCache.hits,1774321293654000000,1774321353658000000,0
VFS.fileByIdCache.misses,1774321293654000000,1774321353658000000,0
VFS.invertedFileNameIndex.requests,1774321293654000000,1774321353658000000,0
FileNameCache.queries,1774321293654000000,1774321353658000000,5440
VFS.fileChildByName,1774321293654000000,1774321353658000000,548
FileNameCache.totalMisses,1774321293654000000,1774321353658000000,896
VFS.contentStorage.recordsReadDecompressed,1774321293654000000,1774321353658000000,0
VFS.contentStorage.recordsStored,1774321293654000000,1774321353658000000,0
Indexes.entries.lookupDurationMaxMs,1774321353658000000,1774321413657000000,0.0
Indexing.writesQueuedMax,1774321353658000000,1774321413657000000,0
Indexes.entries.lookups,1774321353658000000,1774321413657000000,0
Indexes.stubs.lookups,1774321353658000000,1774321413657000000,0
Indexes.entries.lookupDurationAvgMs,1774321353658000000,1774321413657000000,0.0
Indexes.stubs.lookupDuration90PMs,1774321353658000000,1774321413657000000,0.0
IndexesFlusher.totalFlushesRetried,1774321353658000000,1774321413657000000,0
Indexing.cache.totalCacheEvicted,1774321353658000000,1774321413657000000,0
Indexing.writer_3.totalTimeSpentWritingMs,1774321353658000000,1774321413657000000,0
Indexes.stubs.lookupDurationMaxMs,1774321353658000000,1774321413657000000,0.0
Indexing.writesQueuedMin,1774321353658000000,1774321413657000000,0
Indexing.writer_2.totalTimeSpentWritingMs,1774321353658000000,1774321413657000000,0
Indexing.writer_0.totalTimeSpentWritingMs,1774321353658000000,1774321413657000000,0
Indexes.allKeys.lookups,1774321353658000000,1774321413657000000,0
Indexes.entries.lookupDuration90PMs,1774321353658000000,1774321413657000000,0.0
Indexing.writesQueuedAvg,1774321353658000000,1774321413657000000,0.0
IndexesFlusher.totalFlushingTimeUs,1774321353658000000,1774321413657000000,242653
Indexing.cache.totalCacheAccesses,1774321353658000000,1774321413657000000,0
Indexes.allKeys.lookupDurationAvgMs,1774321353658000000,1774321413657000000,0.0
Indexes.allKeys.lookupDuration90PMs,1774321353658000000,1774321413657000000,0.0
Indexing.totalTimeIndexersSleptMs,1774321353658000000,1774321413657000000,0
Indexing.cache.totalCacheMisses,1774321353658000000,1774321413657000000,0
Indexes.stubs.lookupDurationAvgMs,1774321353658000000,1774321413657000000,0.0
Indexes.allKeys.lookupDurationMaxMs,1774321353658000000,1774321413657000000,0.0
IndexesFlusher.totalFlushes,1774321353658000000,1774321413657000000,117
IndexesFlusher.totalContentionQuotaSpent,1774321353658000000,1774321413657000000,0
Indexing.writer_1.totalTimeSpentWritingMs,1774321353658000000,1774321413657000000,0
StreamlinedBlobStorage.totalLiveRecordsPayloadBytes,1774321353658000000,1774321413657000000,0
FilePageCacheLockFree.housekeeperTimeSpentMs,1774321353658000000,1774321413657000000,0
FilePageCacheLockFree.totalPagesWriteMs,1774321353658000000,1774321413657000000,0
FilePageCacheLockFree.totalBytesRead,1774321353658000000,1774321413657000000,0
FilePageCache.maxCacheSizeInBytes,1774321353658000000,1774321413657000000,359702528
FilePageCacheLockFree.totalPagesWritten,1774321353658000000,1774321413657000000,0
FileChannelInterruptsRetryer.totalRetriedAttempts,1774321353658000000,1774321413657000000,0
FilePageCacheLockFree.totalNativeBytesReclaimed,1774321353658000000,1774321413657000000,0
FilePageCache.totalPageLoadsUs,1774321353658000000,1774321413657000000,0
FilePageCache.maxRegisteredFiles,1774321353658000000,1774321413657000000,550
FilePageCacheLockFree.totalHeapBytesReclaimed,1774321353658000000,1774321413657000000,0
FilePageCache.uncachedFileAccess,1774321353658000000,1774321413657000000,0
MappedFileStorage.totalPagesMapped,1774321353658000000,1774321413657000000,21
FilePageCache.pageHits,1774321353658000000,1774321413657000000,0
FilePageCacheLockFree.heapBytesInUse,1774321353658000000,1774321413657000000,0
FilePageCacheLockFree.totalPagesAllocated,1774321353658000000,1774321413657000000,0
FilePageCacheLockFree.totalBytesRequested,1774321353658000000,1774321413657000000,0
FilePageCache.capacityInBytes,1774321353658000000,1774321413657000000,503316478
StreamlinedBlobStorage.totalLiveRecordsCapacityBytes,1774321353658000000,1774321413657000000,0
StreamlinedBlobStorage.recordsRelocated,1774321353658000000,1774321413657000000,0
FilePageCacheLockFree.totalPagesRequested,1774321353658000000,1774321413657000000,0
FilePageCacheLockFree.totalHeapBytesAllocated,1774321353658000000,1774321413657000000,0
FilePageCacheLockFree.housekeeperTurnsSkipped,1774321353658000000,1774321413657000000,0
FilePageCacheLockFree.totalClosedStoragesReclaimed,1774321353658000000,1774321413657000000,0
DirectByteBufferAllocator.reclaimed,1774321353658000000,1774321413657000000,0
FilePageCacheLockFree.totalNativeBytesAllocated,1774321353658000000,1774321413657000000,0
DirectByteBufferAllocator.disposed,1774321353658000000,1774321413657000000,0
FilePageCacheLockFree.totalBytesWritten,1774321353658000000,1774321413657000000,0
FilePageCache.totalPageDisposalsUs,1774321353658000000,1774321413657000000,0
FilePageCache.pageLoadsAboveSizeThreshold,1774321353658000000,1774321413657000000,0
DirectByteBufferAllocator.totalSizeOfBuffersCachedInBytes,1774321353658000000,1774321413657000000,0
StorageLockContext.competingThreads.max,1774321353658000000,1774321413657000000,0
StreamlinedBlobStorage.recordsDeleted,1774321353658000000,1774321413657000000,0
FilePageCache.disposedBuffers,1774321353658000000,1774321413657000000,0
FilePageCacheLockFree.totalPagesReadMs,1774321353658000000,1774321413657000000,0
DirectByteBufferAllocator.misses,1774321353658000000,1774321413657000000,0
FilePageCacheLockFree.totalPagesHandedOver,1774321353658000000,1774321413657000000,0
DirectByteBufferAllocator.hits,1774321353658000000,1774321413657000000,0
MappedFileStorage.totalTimeSpentOnMappingUs,1774321353658000000,1774321413657000000,12784
FilePageCacheLockFree.totalPageAllocationsWaited,1774321353658000000,1774321413657000000,0
FilePageCacheLockFree.totalPagesRequestsMs,1774321353658000000,1774321413657000000,0
FilePageCacheLockFree.nativeBytesInUse,1774321353658000000,1774321413657000000,0
StorageLockContext.competingThreads.avg,1774321353658000000,1774321413657000000,0.0
FilePageCacheLockFree.totalPagesReclaimed,1774321353658000000,1774321413657000000,0
FilePageCache.pageFastCacheHits,1774321353658000000,1774321413657000000,0
StreamlinedBlobStorage.recordsAllocated,1774321353658000000,1774321413657000000,0
MappedFileStorage.storages,1774321353658000000,1774321413657000000,16
FilePageCacheLockFree.housekeeperTurnsDone,1774321353658000000,1774321413657000000,0
FilePageCache.pageLoads,1774321353658000000,1774321413657000000,0
MappedFileStorage.totalBytesMapped,1774321353658000000,1774321413657000000,252968960
StorageLockContext.competingThreads.90P,1774321353658000000,1774321413657000000,0
DirectByteBufferAllocator.totalSizeOfBuffersAllocatedInBytes,1774321353658000000,1774321413657000000,359702528
workspaceModel.update.unloaded.entities.ms,1774321353658000000,1774321413657000000,0
workspaceModel.on.changed.ms,1774321353658000000,1774321413657000000,0
workspaceModel.workspaceFileIndexContributor.registerFileSets.ms,1774321353658000000,1774321413657000000,0
workspaceModel.cachedValueWithParameters.calculated.count,1774321353658000000,1774321413657000000,0
workspaceModel.workspaceFileIndexData.getFileInfo.ms,1774321353658000000,1774321413657000000,1
workspaceModel.updates.precise.ms,1774321353658000000,1774321413657000000,0
workspaceModel.workspaceFileIndexData.markDirty.ms,1774321353658000000,1774321413657000000,0
workspaceModel.workspaceFileIndexData.instances.count,1774321353658000000,1774321413657000000,0
workspaceModel.cachedValueWithParameters.total.get.count,1774321353658000000,1774321413657000000,0
workspaceModel.cachedValue.from.cache.count,1774321353658000000,1774321413657000000,0
workspaceModel.loading.total.ms,1774321353658000000,1774321413657000000,0
workspaceModel.pre.handlers.ms,1774321353658000000,1774321413657000000,0
workspaceModel.workspaceFileIndexData.processFileSets.ms,1774321353658000000,1774321413657000000,0
workspaceModel.entityStorageSnapshotImpl.instances.count,1774321353658000000,1774321413657000000,0
workspaceModel.cachedValueWithParameters.from.cache.count,1774321353658000000,1774321413657000000,0
workspaceModel.cachedValueWithParameters.clear.count,1774321353658000000,1774321413657000000,0
workspaceModel.updates.count,1774321353658000000,1774321413657000000,0
workspaceModel.updates.ms,1774321353658000000,1774321413657000000,0
workspaceModel.init.bridges.ms,1774321353658000000,1774321413657000000,0
workspaceModel.check.recursive.update.ms,1774321353658000000,1774321413657000000,0
workspaceModel.workspaceFileIndexData.visitFileSets.ms,1774321353658000000,1774321413657000000,0
workspaceModel.on.before.changed.ms,1774321353658000000,1774321413657000000,0
workspaceModel.workspaceFileIndexData.getDirectoriesByPackageName.ms,1774321353658000000,1774321413657000000,0
workspaceModel.to.snapshot.ms,1774321353658000000,1774321413657000000,0
workspaceModel.workspaceFileIndexData.onEntitiesChanged.ms,1774321353658000000,1774321413657000000,0
workspaceModel.initializing.ms,1774321353658000000,1774321413657000000,0
workspaceModel.cachedValue.total.get.count,1774321353658000000,1774321413657000000,0
workspaceModel.workspaceFileIndexData.getPackageName.ms,1774321353658000000,1774321413657000000,0
workspaceModel.cachedValue.calculated.count,1774321353658000000,1774321413657000000,0
workspaceModel.cachedValue.clear.count,1774321353658000000,1774321413657000000,0
workspaceModel.workspaceFileIndexData.updateDirtyEntities.ms,1774321353658000000,1774321413657000000,0
workspaceModel.collect.changes.ms,1774321353658000000,1774321413657000000,0
workspaceModel.full.replace.project.model.ms,1774321353658000000,1774321413657000000,0
workspaceModel.replace.project.model.ms,1774321353658000000,1774321413657000000,0
workspaceModel.workspaceFileIndexData.init.ms,1774321353658000000,1774321413657000000,0
workspaceModel.loading.from.cache.ms,1774321353658000000,1774321413657000000,0
FlushQueue.waitingTime90PNs,1774321353658000000,1774321413657000000,815103
AWTEventQueue.dispatchTimeMaxNs,1774321353658000000,1774321413657000000,11468799
FlushQueue.queueSizeAvg,1774321353658000000,1774321413657000000,1.1515151515151516
FlushQueue.executionTime90PNs,1774321353658000000,1774321413657000000,380927
FlushQueue.queueSize90P,1774321353658000000,1774321413657000000,4
FlushQueue.waitingTimeMaxNs,1774321353658000000,1774321413657000000,11796479
FlushQueue.executionTimeMaxNs,1774321353658000000,1774321413657000000,9240575
AWTEventQueue.eventsDispatched,1774321353658000000,1774321413657000000,548
FlushQueue.queueSizeMax,1774321353658000000,1774321413657000000,10
NonBlockingReadAction.failedExecutionTimeUs,1774321353658000000,1774321413657000000,0
AWTEventQueue.dispatchTimeAvgNs,1774321353658000000,1774321413657000000,1359783.094890511
FlushQueue.tasksExecuted,1774321353658000000,1774321413657000000,396
NonBlockingReadAction.finalizedExecutionTimeUs,1774321353658000000,1774321413657000000,787
FlushQueue.waitingTimeAvgNs,1774321353658000000,1774321413657000000,699020.0707070708
AWTEventQueue.dispatchTimeTotalNS,1774321353658000000,1774321413657000000,745349036
NonBlockingReadAction.finalizedExecutionsCount,1774321353658000000,1774321413657000000,2
AWTEventQueue.dispatchTime90PNs,1774321353658000000,1774321413657000000,5636095
FlushQueue.executionTimeAvgNs,1774321353658000000,1774321413657000000,215088.9292929293
ReadAction.executionsCount,1774321353658000000,1774321413657000000,3544
WriteAction.executionsCount,1774321353658000000,1774321413657000000,1
NonBlockingReadAction.failedExecutionsCount,1774321353658000000,1774321413657000000,0
JVM.GC.collections,1774321353658000000,1774321413657000000,0
OS.loadAverage,1774321353658000000,1774321413657000000,47.849609375
JVM.usedNativeBytes,1774321353658000000,1774321413657000000,579432624
JVM.totalTimeToSafepointsMs,1774321353658000000,1774321413657000000,2
JVM.threadCount,1774321353658000000,1774321413657000000,67
JVM.maxThreadCount,1774321353658000000,1774321413657000000,146
JVM.newThreadsCount,1774321353658000000,1774321413657000000,0
JVM.totalSafepointCount,1774321353658000000,1774321413657000000,8
JVM.totalBytesAllocated,1774321353658000000,1774321413657000000,27864304
JVM.GC.collectionTimesMs,1774321353658000000,1774321413657000000,0
JVM.usedHeapBytes,1774321353658000000,1774321413657000000,599148160
JVM.maxHeapBytes,1774321353658000000,1774321413657000000,2147483648
JVM.totalTimeAtSafepointsMs,1774321353658000000,1774321413657000000,1
JVM.totalDirectByteBuffersBytes,1774321353658000000,1774321413657000000,361014494
JVM.totalCpuTimeMs,1774321353658000000,1774321413657000000,2795
cacheStateStorage.set.counter,1774321353658000000,1774321413657000000,0
cacheStateStorage.get.counter,1774321353658000000,1774321413657000000,0
cacheStateStorage.set.duration,1774321353658000000,1774321413657000000,0
cacheStateStorage.get.duration,1774321353658000000,1774321413657000000,0
jps.app.storage.content.writer.save.component.ms,1774321353658000000,1774321413657000000,0
workspaceModel.moduleManagerBridge.build.module.graph.ms,1774321353658000000,1774321413657000000,0
jps.app.storage.content.reader.load.component.ms,1774321353658000000,1774321413657000000,0
jps.modifiable.module.model.bridge.disposing.ms,1774321353658000000,1774321413657000000,0
jps.global.get.libraries.ms,1774321353658000000,1774321413657000000,0
workspaceModel.moduleManagerBridge.load.module.ms,1774321353658000000,1774321413657000000,0
jps.modifiable.module.model.bridge.new.module.ms,1774321353658000000,1774321413657000000,0
workspaceModel.delayed.project.synchronizer.sync.ms,1774321353658000000,1774321413657000000,0
workspaceModel.mutableEntityStorage.instances.count,1774321353658000000,1774321413657000000,0
jps.modifiable.module.model.bridge.renaming.ms,1774321353658000000,1774321413657000000,0
workspaceModel.moduleManagerBridge.create.module.instance.ms,1774321353658000000,1774321413657000000,0
workspaceModel.do.save.caches.ms,1774321353658000000,1774321413657000000,0
jps.global.get.library.by.name.ms,1774321353658000000,1774321413657000000,0
jps.module.iml.entities.serializer.save.entities.ms,1774321353658000000,1774321413657000000,0
jps.global.handle.before.change.events.ms,1774321353658000000,1774321413657000000,0
jps.load.initial.state.ms,1774321353658000000,1774321413657000000,0
workspaceModel.mutableEntityStorage.entities.ms,1774321353658000000,1774321413657000000,0
workspaceModel.mutableEntityStorage.remove.entity.ms,1774321353658000000,1774321413657000000,0
workspaceModel.mutableEntityStorage.put.entity.ms,1774321353658000000,1774321413657000000,0
workspaceModel.global.apply.state.to.project.ms,1774321353658000000,1774321413657000000,0
workspaceModel.moduleBridgeLoader.loading.modules.ms,1774321353658000000,1774321413657000000,0
jps.global.handle.changed.events.ms,1774321353658000000,1774321413657000000,0
jps.modifiable.module.model.bridge.load.module.ms,1774321353658000000,1774321413657000000,0
workspaceModel.global.updates.count,1774321353658000000,1774321413657000000,0
jps.facet.change.listener.process.change.events.ms,1774321353658000000,1774321413657000000,0
workspaceModel.mutableEntityStorage.has.same.entities.ms,1774321353658000000,1774321413657000000,0
jps.module.iml.entities.serializer.load.entities.ms,1774321353658000000,1774321413657000000,0
workspaceModel.moduleManagerBridge.new.nonPersistent.module.ms,1774321353658000000,1774321413657000000,0
workspaceModel.mutableEntityStorage.changeLog.addReplaceEventForRemovedChild.ms,1774321353658000000,1774321413657000000,0
jps.global.initialize.library.bridges.ms,1774321353658000000,1774321413657000000,0
jps.save.global.entities.ms,1774321353658000000,1774321413657000000,0
workspaceModel.mutableEntityStorage.apply.changes.from.ms,1774321353658000000,1774321413657000000,0
jps.project.serializers.load.ms,1774321353658000000,1774321413657000000,0
jps.global.get.library.ms,1774321353658000000,1774321413657000000,0
workspaceModel.orphan.listener.update.ms,1774321353658000000,1774321413657000000,0
jps.facet.change.listener.before.change.events.ms,1774321353658000000,1774321413657000000,0
workspaceModel.moduleManagerBridge.newModule.ms,1774321353658000000,1774321413657000000,0
jps.load.project.to.empty.storage.ms,1774321353658000000,1774321413657000000,0
workspaceModel.mutableEntityStorage.collect.changes.ms,1774321353658000000,1774321413657000000,0
workspaceModel.mutableEntityStorage.mutable.ext.mapping.ms,1774321353658000000,1774321413657000000,0
workspaceModel.mutableEntityStorage.referrers.ms,1774321353658000000,1774321413657000000,0
workspaceModel.mutableEntityStorage.replace.by.source.ms,1774321353658000000,1774321413657000000,0
workspaceModel.mutableEntityStorage.resolve.ms,1774321353658000000,1774321413657000000,0
workspaceModel.global.updates.ms,1774321353658000000,1774321413657000000,0
workspaceModel.mutableEntityStorage.entities.by.source.ms,1774321353658000000,1774321413657000000,0
workspaceModel.save.cache.to.file.ms,1774321353658000000,1774321413657000000,0
workspaceModel.load.cache.from.file.ms,1774321353658000000,1774321413657000000,0
jps.module.dependency.index.workspace.model.listener.on.changed.ms,1774321353658000000,1774321413657000000,0
workspaceModel.moduleManagerBridge.load.all.modules.ms,1774321353658000000,1774321413657000000,0
jps.facet.change.listener.init.bridge.ms,1774321353658000000,1774321413657000000,0
jps.global.initialize.library.bridges.after.loading.ms,1774321353658000000,1774321413657000000,0
workspaceModel.mutableEntityStorage.changeLog.addReplaceEventForRemovedParent.ms,1774321353658000000,1774321413657000000,0
workspaceModel.load.cache.metadata.from.file.ms,1774321353658000000,1774321413657000000,0
workspaceModel.mutableEntityStorage.to.snapshot.ms,1774321353658000000,1774321413657000000,0
jps.reload.project.entities.ms,1774321353658000000,1774321413657000000,0
jps.artifact.entities.serializer.load.entities.ms,1774321353658000000,1774321413657000000,0
workspaceModel.moduleManagerBridge.get.modules.ms,1774321353658000000,1774321413657000000,0
workspaceModel.moduleBridge.before.changed.ms,1774321353658000000,1774321413657000000,0
workspaceModel.sync.entities.ms,1774321353658000000,1774321413657000000,0
workspaceModel.mutableEntityStorage.changeLog.addReplaceEventForNewParent.ms,1774321353658000000,1774321413657000000,0
workspaceModel.moduleManagerBridge.set.unloadedModules.ms,1774321353658000000,1774321413657000000,0
jps.artifact.entities.serializer.save.entities.ms,1774321353658000000,1774321413657000000,0
workspaceModel.moduleBridge.facet.initialization.ms,1774321353658000000,1774321413657000000,0
workspaceModel.mutableEntityStorage.changeLog.addReplaceEventForNewChild.ms,1774321353658000000,1774321413657000000,0
jps.storage.jps.conf.reader.load.component.ms,1774321353658000000,1774321413657000000,0
jps.library.entities.serializer.save.entities.ms,1774321353658000000,1774321413657000000,0
jps.apply.loaded.storage.ms,1774321353658000000,1774321413657000000,0
jps.save.changed.project.entities.ms,1774321353658000000,1774321413657000000,0
workspaceModel.moduleBridge.update.option.ms,1774321353658000000,1774321413657000000,0
jps.project.serializers.save.ms,1774321353658000000,1774321413657000000,0
workspaceModel.global.apply.state.to.project.builder.ms,1774321353658000000,1774321413657000000,0
workspaceModel.mutableEntityStorage.mutable.vfurl.index.ms,1774321353658000000,1774321413657000000,0
jps.library.entities.serializer.load.entities.ms,1774321353658000000,1774321413657000000,0
workspaceModel.mutableEntityStorage.modify.entity.ms,1774321353658000000,1774321413657000000,0
workspaceModel.mutableEntityStorage.add.entity.ms,1774321353658000000,1774321413657000000,0
compiler.ArtifactModifiableModelBridge.dispose.ms,1774321353658000000,1774321413657000000,0
compiler.ArtifactManagerBridge.getArtifacts.ms,1774321353658000000,1774321413657000000,0
compiler.ArtifactModifiableModelBridge.findArtifacts.ms,1774321353658000000,1774321413657000000,0
compiler.ArtifactManagerBridge.initBridges.ms,1774321353658000000,1774321413657000000,0
compiler.ArtifactModifiableModelBridge.getArtifacts.ms,1774321353658000000,1774321413657000000,0
compiler.ArtifactManagerBridge.commit.ms,1774321353658000000,1774321413657000000,0
compiler.ArtifactManagerBridge.getArtifactsByType.ms,1774321353658000000,1774321413657000000,0
compiler.ArtifactManagerBridge.findArtifact.ms,1774321353658000000,1774321413657000000,0
compiler.ArtifactVirtualFileListener.filePathChanged.ms,1774321353658000000,1774321413657000000,0
compiler.ArtifactManagerBridge.addArtifact.ms,1774321353658000000,1774321413657000000,0
compiler.ArtifactModifiableModelBridge.addArtifact.ms,1774321353658000000,1774321413657000000,0
compiler.ArtifactManagerBridge.dropMappings.ms,1774321353658000000,1774321413657000000,0
compiler.ArtifactModifiableModelBridge.commit.ms,1774321353658000000,1774321413657000000,2
compiler.ArtifactModifiableModelBridge.getArtifactsByType.ms,1774321353658000000,1774321413657000000,0
compiler.ArtifactVirtualFileListener.propertyChanged.ms,1774321353658000000,1774321413657000000,0
writeAction.max.wait.ms,1774321353658000000,1774321413657000000,581
writeAction.median.wait.ms,1774321353658000000,1774321413657000000,1000
writeAction.count,1774321353658000000,1774321413657000000,1
DiskQueryRelay.taskWaitingTotalTimeUs,1774321353658000000,1774321413657000000,0
DiskQueryRelay.tasksRequested,1774321353658000000,1774321413657000000,0
DiskQueryRelay.tasksExecuted,1774321353658000000,1774321413657000000,0
writeAction.wait.ms,1774321353658000000,1774321413657000000,0
DiskQueryRelay.taskExecutionTotalTimeUs,1774321353658000000,1774321413657000000,0
VFS.contentStorage.recordsStoredCompressed,1774321353658000000,1774321413657000000,0
VFS.contentStorage.recordsDecompressionTimeUs,1774321353658000000,1774321413657000000,0
VFS.contentStorage.recordsStoredSize,1774321353658000000,1774321413657000000,0
VFS.contentStorage.recordsRead,1774321353658000000,1774321413657000000,0
VFS.contentStorage.recordsUncompressedSize,1774321353658000000,1774321413657000000,0
VFS.contentStorage.recordsReadSize,1774321353658000000,1774321413657000000,0
VFS.contentStorage.recordsDeduplicated,1774321353658000000,1774321413657000000,0
VFS.fileByIdCache.hits,1774321353658000000,1774321413657000000,0
VFS.fileByIdCache.misses,1774321353658000000,1774321413657000000,0
VFS.invertedFileNameIndex.requests,1774321353658000000,1774321413657000000,0
FileNameCache.queries,1774321353658000000,1774321413657000000,5760
VFS.fileChildByName,1774321353658000000,1774321413657000000,12
FileNameCache.totalMisses,1774321353658000000,1774321413657000000,128
VFS.contentStorage.recordsReadDecompressed,1774321353658000000,1774321413657000000,0
VFS.contentStorage.recordsStored,1774321353658000000,1774321413657000000,0
Indexes.entries.lookupDurationMaxMs,1774321413657000000,1774321473657000000,0.0
Indexing.writesQueuedMax,1774321413657000000,1774321473657000000,0
Indexes.entries.lookups,1774321413657000000,1774321473657000000,0
Indexes.stubs.lookups,1774321413657000000,1774321473657000000,0
Indexes.entries.lookupDurationAvgMs,1774321413657000000,1774321473657000000,0.0
Indexes.stubs.lookupDuration90PMs,1774321413657000000,1774321473657000000,0.0
IndexesFlusher.totalFlushesRetried,1774321413657000000,1774321473657000000,0
Indexing.cache.totalCacheEvicted,1774321413657000000,1774321473657000000,0
Indexing.writer_3.totalTimeSpentWritingMs,1774321413657000000,1774321473657000000,0
Indexes.stubs.lookupDurationMaxMs,1774321413657000000,1774321473657000000,0.0
Indexing.writesQueuedMin,1774321413657000000,1774321473657000000,0
Indexing.writer_2.totalTimeSpentWritingMs,1774321413657000000,1774321473657000000,0
Indexing.writer_0.totalTimeSpentWritingMs,1774321413657000000,1774321473657000000,0
Indexes.allKeys.lookups,1774321413657000000,1774321473657000000,0
Indexes.entries.lookupDuration90PMs,1774321413657000000,1774321473657000000,0.0
Indexing.writesQueuedAvg,1774321413657000000,1774321473657000000,0.0
IndexesFlusher.totalFlushingTimeUs,1774321413657000000,1774321473657000000,232225
Indexing.cache.totalCacheAccesses,1774321413657000000,1774321473657000000,0
Indexes.allKeys.lookupDurationAvgMs,1774321413657000000,1774321473657000000,0.0
Indexes.allKeys.lookupDuration90PMs,1774321413657000000,1774321473657000000,0.0
Indexing.totalTimeIndexersSleptMs,1774321413657000000,1774321473657000000,0
Indexing.cache.totalCacheMisses,1774321413657000000,1774321473657000000,0
Indexes.stubs.lookupDurationAvgMs,1774321413657000000,1774321473657000000,0.0
Indexes.allKeys.lookupDurationMaxMs,1774321413657000000,1774321473657000000,0.0
IndexesFlusher.totalFlushes,1774321413657000000,1774321473657000000,118
IndexesFlusher.totalContentionQuotaSpent,1774321413657000000,1774321473657000000,0
Indexing.writer_1.totalTimeSpentWritingMs,1774321413657000000,1774321473657000000,0
StreamlinedBlobStorage.totalLiveRecordsPayloadBytes,1774321413657000000,1774321473657000000,0
FilePageCacheLockFree.housekeeperTimeSpentMs,1774321413657000000,1774321473657000000,0
FilePageCacheLockFree.totalPagesWriteMs,1774321413657000000,1774321473657000000,0
FilePageCacheLockFree.totalBytesRead,1774321413657000000,1774321473657000000,0
FilePageCache.maxCacheSizeInBytes,1774321413657000000,1774321473657000000,359702528
FilePageCacheLockFree.totalPagesWritten,1774321413657000000,1774321473657000000,0
FileChannelInterruptsRetryer.totalRetriedAttempts,1774321413657000000,1774321473657000000,0
FilePageCacheLockFree.totalNativeBytesReclaimed,1774321413657000000,1774321473657000000,0
FilePageCache.totalPageLoadsUs,1774321413657000000,1774321473657000000,0
FilePageCache.maxRegisteredFiles,1774321413657000000,1774321473657000000,550
FilePageCacheLockFree.totalHeapBytesReclaimed,1774321413657000000,1774321473657000000,0
FilePageCache.uncachedFileAccess,1774321413657000000,1774321473657000000,0
MappedFileStorage.totalPagesMapped,1774321413657000000,1774321473657000000,21
FilePageCache.pageHits,1774321413657000000,1774321473657000000,0
FilePageCacheLockFree.heapBytesInUse,1774321413657000000,1774321473657000000,0
FilePageCacheLockFree.totalPagesAllocated,1774321413657000000,1774321473657000000,0
FilePageCacheLockFree.totalBytesRequested,1774321413657000000,1774321473657000000,0
FilePageCache.capacityInBytes,1774321413657000000,1774321473657000000,503316478
StreamlinedBlobStorage.totalLiveRecordsCapacityBytes,1774321413657000000,1774321473657000000,0
StreamlinedBlobStorage.recordsRelocated,1774321413657000000,1774321473657000000,0
FilePageCacheLockFree.totalPagesRequested,1774321413657000000,1774321473657000000,0
FilePageCacheLockFree.totalHeapBytesAllocated,1774321413657000000,1774321473657000000,0
FilePageCacheLockFree.housekeeperTurnsSkipped,1774321413657000000,1774321473657000000,0
FilePageCacheLockFree.totalClosedStoragesReclaimed,1774321413657000000,1774321473657000000,0
DirectByteBufferAllocator.reclaimed,1774321413657000000,1774321473657000000,0
FilePageCacheLockFree.totalNativeBytesAllocated,1774321413657000000,1774321473657000000,0
DirectByteBufferAllocator.disposed,1774321413657000000,1774321473657000000,0
FilePageCacheLockFree.totalBytesWritten,1774321413657000000,1774321473657000000,0
FilePageCache.totalPageDisposalsUs,1774321413657000000,1774321473657000000,0
FilePageCache.pageLoadsAboveSizeThreshold,1774321413657000000,1774321473657000000,0
DirectByteBufferAllocator.totalSizeOfBuffersCachedInBytes,1774321413657000000,1774321473657000000,0
StorageLockContext.competingThreads.max,1774321413657000000,1774321473657000000,0
StreamlinedBlobStorage.recordsDeleted,1774321413657000000,1774321473657000000,0
FilePageCache.disposedBuffers,1774321413657000000,1774321473657000000,0
FilePageCacheLockFree.totalPagesReadMs,1774321413657000000,1774321473657000000,0
DirectByteBufferAllocator.misses,1774321413657000000,1774321473657000000,0
FilePageCacheLockFree.totalPagesHandedOver,1774321413657000000,1774321473657000000,0
DirectByteBufferAllocator.hits,1774321413657000000,1774321473657000000,0
MappedFileStorage.totalTimeSpentOnMappingUs,1774321413657000000,1774321473657000000,12784
FilePageCacheLockFree.totalPageAllocationsWaited,1774321413657000000,1774321473657000000,0
FilePageCacheLockFree.totalPagesRequestsMs,1774321413657000000,1774321473657000000,0
FilePageCacheLockFree.nativeBytesInUse,1774321413657000000,1774321473657000000,0
StorageLockContext.competingThreads.avg,1774321413657000000,1774321473657000000,0.0
FilePageCacheLockFree.totalPagesReclaimed,1774321413657000000,1774321473657000000,0
FilePageCache.pageFastCacheHits,1774321413657000000,1774321473657000000,0
StreamlinedBlobStorage.recordsAllocated,1774321413657000000,1774321473657000000,0
MappedFileStorage.storages,1774321413657000000,1774321473657000000,16
FilePageCacheLockFree.housekeeperTurnsDone,1774321413657000000,1774321473657000000,0
FilePageCache.pageLoads,1774321413657000000,1774321473657000000,0
MappedFileStorage.totalBytesMapped,1774321413657000000,1774321473657000000,252968960
StorageLockContext.competingThreads.90P,1774321413657000000,1774321473657000000,0
DirectByteBufferAllocator.totalSizeOfBuffersAllocatedInBytes,1774321413657000000,1774321473657000000,359702528
workspaceModel.update.unloaded.entities.ms,1774321413657000000,1774321473657000000,0
workspaceModel.on.changed.ms,1774321413657000000,1774321473657000000,0
workspaceModel.workspaceFileIndexContributor.registerFileSets.ms,1774321413657000000,1774321473657000000,0
workspaceModel.cachedValueWithParameters.calculated.count,1774321413657000000,1774321473657000000,0
workspaceModel.workspaceFileIndexData.getFileInfo.ms,1774321413657000000,1774321473657000000,0
workspaceModel.updates.precise.ms,1774321413657000000,1774321473657000000,0
workspaceModel.workspaceFileIndexData.markDirty.ms,1774321413657000000,1774321473657000000,0
workspaceModel.workspaceFileIndexData.instances.count,1774321413657000000,1774321473657000000,0
workspaceModel.cachedValueWithParameters.total.get.count,1774321413657000000,1774321473657000000,0
workspaceModel.cachedValue.from.cache.count,1774321413657000000,1774321473657000000,0
workspaceModel.loading.total.ms,1774321413657000000,1774321473657000000,0
workspaceModel.pre.handlers.ms,1774321413657000000,1774321473657000000,0
workspaceModel.workspaceFileIndexData.processFileSets.ms,1774321413657000000,1774321473657000000,0
workspaceModel.entityStorageSnapshotImpl.instances.count,1774321413657000000,1774321473657000000,0
workspaceModel.cachedValueWithParameters.from.cache.count,1774321413657000000,1774321473657000000,0
workspaceModel.cachedValueWithParameters.clear.count,1774321413657000000,1774321473657000000,0
workspaceModel.updates.count,1774321413657000000,1774321473657000000,0
workspaceModel.updates.ms,1774321413657000000,1774321473657000000,0
workspaceModel.init.bridges.ms,1774321413657000000,1774321473657000000,0
workspaceModel.check.recursive.update.ms,1774321413657000000,1774321473657000000,0
workspaceModel.workspaceFileIndexData.visitFileSets.ms,1774321413657000000,1774321473657000000,0
workspaceModel.on.before.changed.ms,1774321413657000000,1774321473657000000,0
workspaceModel.workspaceFileIndexData.getDirectoriesByPackageName.ms,1774321413657000000,1774321473657000000,0
workspaceModel.to.snapshot.ms,1774321413657000000,1774321473657000000,0
workspaceModel.workspaceFileIndexData.onEntitiesChanged.ms,1774321413657000000,1774321473657000000,0
workspaceModel.initializing.ms,1774321413657000000,1774321473657000000,0
workspaceModel.cachedValue.total.get.count,1774321413657000000,1774321473657000000,0
workspaceModel.workspaceFileIndexData.getPackageName.ms,1774321413657000000,1774321473657000000,0
workspaceModel.cachedValue.calculated.count,1774321413657000000,1774321473657000000,0
workspaceModel.cachedValue.clear.count,1774321413657000000,1774321473657000000,0
workspaceModel.workspaceFileIndexData.updateDirtyEntities.ms,1774321413657000000,1774321473657000000,0
workspaceModel.collect.changes.ms,1774321413657000000,1774321473657000000,0
workspaceModel.full.replace.project.model.ms,1774321413657000000,1774321473657000000,0
workspaceModel.replace.project.model.ms,1774321413657000000,1774321473657000000,0
workspaceModel.workspaceFileIndexData.init.ms,1774321413657000000,1774321473657000000,0
workspaceModel.loading.from.cache.ms,1774321413657000000,1774321473657000000,0
FlushQueue.waitingTime90PNs,1774321413657000000,1774321473657000000,684031
AWTEventQueue.dispatchTimeMaxNs,1774321413657000000,1774321473657000000,9306111
FlushQueue.queueSizeAvg,1774321413657000000,1774321473657000000,0.1939799331103679
FlushQueue.executionTime90PNs,1774321413657000000,1774321473657000000,335871
FlushQueue.queueSize90P,1774321413657000000,1774321473657000000,1
FlushQueue.waitingTimeMaxNs,1774321413657000000,1774321473657000000,3915775
FlushQueue.executionTimeMaxNs,1774321413657000000,1774321473657000000,2015231
AWTEventQueue.eventsDispatched,1774321413657000000,1774321473657000000,537
FlushQueue.queueSizeMax,1774321413657000000,1774321473657000000,1
NonBlockingReadAction.failedExecutionTimeUs,1774321413657000000,1774321473657000000,0
AWTEventQueue.dispatchTimeAvgNs,1774321413657000000,1774321473657000000,1330750.4804469275
FlushQueue.tasksExecuted,1774321413657000000,1774321473657000000,299
NonBlockingReadAction.finalizedExecutionTimeUs,1774321413657000000,1774321473657000000,0
FlushQueue.waitingTimeAvgNs,1774321413657000000,1774321473657000000,424861.53846153844
AWTEventQueue.dispatchTimeTotalNS,1774321413657000000,1774321473657000000,714694122
NonBlockingReadAction.finalizedExecutionsCount,1774321413657000000,1774321473657000000,0
AWTEventQueue.dispatchTime90PNs,1774321413657000000,1774321473657000000,5603327
FlushQueue.executionTimeAvgNs,1774321413657000000,1774321473657000000,141688.24080267557
ReadAction.executionsCount,1774321413657000000,1774321473657000000,3094
WriteAction.executionsCount,1774321413657000000,1774321473657000000,0
NonBlockingReadAction.failedExecutionsCount,1774321413657000000,1774321473657000000,0
JVM.GC.collections,1774321413657000000,1774321473657000000,0
OS.loadAverage,1774321413657000000,1774321473657000000,61.15771484375
JVM.usedNativeBytes,1774321413657000000,1774321473657000000,582107984
JVM.totalTimeToSafepointsMs,1774321413657000000,1774321473657000000,22
JVM.threadCount,1774321413657000000,1774321473657000000,71
JVM.maxThreadCount,1774321413657000000,1774321473657000000,146
JVM.newThreadsCount,1774321413657000000,1774321473657000000,27
JVM.totalSafepointCount,1774321413657000000,1774321473657000000,16
JVM.totalBytesAllocated,1774321413657000000,1774321473657000000,57903184
JVM.GC.collectionTimesMs,1774321413657000000,1774321473657000000,0
JVM.usedHeapBytes,1774321413657000000,1774321473657000000,661014144
JVM.maxHeapBytes,1774321413657000000,1774321473657000000,2147483648
JVM.totalTimeAtSafepointsMs,1774321413657000000,1774321473657000000,1
JVM.totalDirectByteBuffersBytes,1774321413657000000,1774321473657000000,361331221
JVM.totalCpuTimeMs,1774321413657000000,1774321473657000000,3098
cacheStateStorage.set.counter,1774321413657000000,1774321473657000000,0
cacheStateStorage.get.counter,1774321413657000000,1774321473657000000,0
cacheStateStorage.set.duration,1774321413657000000,1774321473657000000,0
cacheStateStorage.get.duration,1774321413657000000,1774321473657000000,0
jps.app.storage.content.writer.save.component.ms,1774321413657000000,1774321473657000000,0
workspaceModel.moduleManagerBridge.build.module.graph.ms,1774321413657000000,1774321473657000000,0
jps.app.storage.content.reader.load.component.ms,1774321413657000000,1774321473657000000,0
jps.modifiable.module.model.bridge.disposing.ms,1774321413657000000,1774321473657000000,0
jps.global.get.libraries.ms,1774321413657000000,1774321473657000000,0
workspaceModel.moduleManagerBridge.load.module.ms,1774321413657000000,1774321473657000000,0
jps.modifiable.module.model.bridge.new.module.ms,1774321413657000000,1774321473657000000,0
workspaceModel.delayed.project.synchronizer.sync.ms,1774321413657000000,1774321473657000000,0
workspaceModel.mutableEntityStorage.instances.count,1774321413657000000,1774321473657000000,0
jps.modifiable.module.model.bridge.renaming.ms,1774321413657000000,1774321473657000000,0
workspaceModel.moduleManagerBridge.create.module.instance.ms,1774321413657000000,1774321473657000000,0
workspaceModel.do.save.caches.ms,1774321413657000000,1774321473657000000,0
jps.global.get.library.by.name.ms,1774321413657000000,1774321473657000000,0
jps.module.iml.entities.serializer.save.entities.ms,1774321413657000000,1774321473657000000,0
jps.global.handle.before.change.events.ms,1774321413657000000,1774321473657000000,0
jps.load.initial.state.ms,1774321413657000000,1774321473657000000,0
workspaceModel.mutableEntityStorage.entities.ms,1774321413657000000,1774321473657000000,0
workspaceModel.mutableEntityStorage.remove.entity.ms,1774321413657000000,1774321473657000000,0
workspaceModel.mutableEntityStorage.put.entity.ms,1774321413657000000,1774321473657000000,0
workspaceModel.global.apply.state.to.project.ms,1774321413657000000,1774321473657000000,0
workspaceModel.moduleBridgeLoader.loading.modules.ms,1774321413657000000,1774321473657000000,0
jps.global.handle.changed.events.ms,1774321413657000000,1774321473657000000,0
jps.modifiable.module.model.bridge.load.module.ms,1774321413657000000,1774321473657000000,0
workspaceModel.global.updates.count,1774321413657000000,1774321473657000000,0
jps.facet.change.listener.process.change.events.ms,1774321413657000000,1774321473657000000,0
workspaceModel.mutableEntityStorage.has.same.entities.ms,1774321413657000000,1774321473657000000,0
jps.module.iml.entities.serializer.load.entities.ms,1774321413657000000,1774321473657000000,0
workspaceModel.moduleManagerBridge.new.nonPersistent.module.ms,1774321413657000000,1774321473657000000,0
workspaceModel.mutableEntityStorage.changeLog.addReplaceEventForRemovedChild.ms,1774321413657000000,1774321473657000000,0
jps.global.initialize.library.bridges.ms,1774321413657000000,1774321473657000000,0
jps.save.global.entities.ms,1774321413657000000,1774321473657000000,0
workspaceModel.mutableEntityStorage.apply.changes.from.ms,1774321413657000000,1774321473657000000,0
jps.project.serializers.load.ms,1774321413657000000,1774321473657000000,0
jps.global.get.library.ms,1774321413657000000,1774321473657000000,0
workspaceModel.orphan.listener.update.ms,1774321413657000000,1774321473657000000,0
jps.facet.change.listener.before.change.events.ms,1774321413657000000,1774321473657000000,0
workspaceModel.moduleManagerBridge.newModule.ms,1774321413657000000,1774321473657000000,0
jps.load.project.to.empty.storage.ms,1774321413657000000,1774321473657000000,0
workspaceModel.mutableEntityStorage.collect.changes.ms,1774321413657000000,1774321473657000000,0
workspaceModel.mutableEntityStorage.mutable.ext.mapping.ms,1774321413657000000,1774321473657000000,0
workspaceModel.mutableEntityStorage.referrers.ms,1774321413657000000,1774321473657000000,0
workspaceModel.mutableEntityStorage.replace.by.source.ms,1774321413657000000,1774321473657000000,0
workspaceModel.mutableEntityStorage.resolve.ms,1774321413657000000,1774321473657000000,0
workspaceModel.global.updates.ms,1774321413657000000,1774321473657000000,0
workspaceModel.mutableEntityStorage.entities.by.source.ms,1774321413657000000,1774321473657000000,0
workspaceModel.save.cache.to.file.ms,1774321413657000000,1774321473657000000,0
workspaceModel.load.cache.from.file.ms,1774321413657000000,1774321473657000000,0
jps.module.dependency.index.workspace.model.listener.on.changed.ms,1774321413657000000,1774321473657000000,0
workspaceModel.moduleManagerBridge.load.all.modules.ms,1774321413657000000,1774321473657000000,0
jps.facet.change.listener.init.bridge.ms,1774321413657000000,1774321473657000000,0
jps.global.initialize.library.bridges.after.loading.ms,1774321413657000000,1774321473657000000,0
workspaceModel.mutableEntityStorage.changeLog.addReplaceEventForRemovedParent.ms,1774321413657000000,1774321473657000000,0
workspaceModel.load.cache.metadata.from.file.ms,1774321413657000000,1774321473657000000,0
workspaceModel.mutableEntityStorage.to.snapshot.ms,1774321413657000000,1774321473657000000,0
jps.reload.project.entities.ms,1774321413657000000,1774321473657000000,0
jps.artifact.entities.serializer.load.entities.ms,1774321413657000000,1774321473657000000,0
workspaceModel.moduleManagerBridge.get.modules.ms,1774321413657000000,1774321473657000000,0
workspaceModel.moduleBridge.before.changed.ms,1774321413657000000,1774321473657000000,0
workspaceModel.sync.entities.ms,1774321413657000000,1774321473657000000,0
workspaceModel.mutableEntityStorage.changeLog.addReplaceEventForNewParent.ms,1774321413657000000,1774321473657000000,0
workspaceModel.moduleManagerBridge.set.unloadedModules.ms,1774321413657000000,1774321473657000000,0
jps.artifact.entities.serializer.save.entities.ms,1774321413657000000,1774321473657000000,0
workspaceModel.moduleBridge.facet.initialization.ms,1774321413657000000,1774321473657000000,0
workspaceModel.mutableEntityStorage.changeLog.addReplaceEventForNewChild.ms,1774321413657000000,1774321473657000000,0
jps.storage.jps.conf.reader.load.component.ms,1774321413657000000,1774321473657000000,0
jps.library.entities.serializer.save.entities.ms,1774321413657000000,1774321473657000000,0
jps.apply.loaded.storage.ms,1774321413657000000,1774321473657000000,0
jps.save.changed.project.entities.ms,1774321413657000000,1774321473657000000,0
workspaceModel.moduleBridge.update.option.ms,1774321413657000000,1774321473657000000,0
jps.project.serializers.save.ms,1774321413657000000,1774321473657000000,0
workspaceModel.global.apply.state.to.project.builder.ms,1774321413657000000,1774321473657000000,0
workspaceModel.mutableEntityStorage.mutable.vfurl.index.ms,1774321413657000000,1774321473657000000,0
jps.library.entities.serializer.load.entities.ms,1774321413657000000,1774321473657000000,0
workspaceModel.mutableEntityStorage.modify.entity.ms,1774321413657000000,1774321473657000000,0
workspaceModel.mutableEntityStorage.add.entity.ms,1774321413657000000,1774321473657000000,0
compiler.ArtifactModifiableModelBridge.dispose.ms,1774321413657000000,1774321473657000000,0
compiler.ArtifactManagerBridge.getArtifacts.ms,1774321413657000000,1774321473657000000,0
compiler.ArtifactModifiableModelBridge.findArtifacts.ms,1774321413657000000,1774321473657000000,0
compiler.ArtifactManagerBridge.initBridges.ms,1774321413657000000,1774321473657000000,0
compiler.ArtifactModifiableModelBridge.getArtifacts.ms,1774321413657000000,1774321473657000000,0
compiler.ArtifactManagerBridge.commit.ms,1774321413657000000,1774321473657000000,0
compiler.ArtifactManagerBridge.getArtifactsByType.ms,1774321413657000000,1774321473657000000,0
compiler.ArtifactManagerBridge.findArtifact.ms,1774321413657000000,1774321473657000000,0
compiler.ArtifactVirtualFileListener.filePathChanged.ms,1774321413657000000,1774321473657000000,0
compiler.ArtifactManagerBridge.addArtifact.ms,1774321413657000000,1774321473657000000,0
compiler.ArtifactModifiableModelBridge.addArtifact.ms,1774321413657000000,1774321473657000000,0
compiler.ArtifactManagerBridge.dropMappings.ms,1774321413657000000,1774321473657000000,0
compiler.ArtifactModifiableModelBridge.commit.ms,1774321413657000000,1774321473657000000,2
compiler.ArtifactModifiableModelBridge.getArtifactsByType.ms,1774321413657000000,1774321473657000000,0
compiler.ArtifactVirtualFileListener.propertyChanged.ms,1774321413657000000,1774321473657000000,0
writeAction.max.wait.ms,1774321413657000000,1774321473657000000,581
writeAction.median.wait.ms,1774321413657000000,1774321473657000000,1000
writeAction.count,1774321413657000000,1774321473657000000,0
DiskQueryRelay.taskWaitingTotalTimeUs,1774321413657000000,1774321473657000000,0
DiskQueryRelay.tasksRequested,1774321413657000000,1774321473657000000,0
DiskQueryRelay.tasksExecuted,1774321413657000000,1774321473657000000,0
writeAction.wait.ms,1774321413657000000,1774321473657000000,0
DiskQueryRelay.taskExecutionTotalTimeUs,1774321413657000000,1774321473657000000,0
VFS.contentStorage.recordsStoredCompressed,1774321413657000000,1774321473657000000,0
VFS.contentStorage.recordsDecompressionTimeUs,1774321413657000000,1774321473657000000,0
VFS.contentStorage.recordsStoredSize,1774321413657000000,1774321473657000000,0
VFS.contentStorage.recordsRead,1774321413657000000,1774321473657000000,0
VFS.contentStorage.recordsUncompressedSize,1774321413657000000,1774321473657000000,0
VFS.contentStorage.recordsReadSize,1774321413657000000,1774321473657000000,0
VFS.contentStorage.recordsDeduplicated,1774321413657000000,1774321473657000000,0
VFS.fileByIdCache.hits,1774321413657000000,1774321473657000000,0
VFS.fileByIdCache.misses,1774321413657000000,1774321473657000000,0
VFS.invertedFileNameIndex.requests,1774321413657000000,1774321473657000000,0
FileNameCache.queries,1774321413657000000,1774321473657000000,320
VFS.fileChildByName,1774321413657000000,1774321473657000000,0
FileNameCache.totalMisses,1774321413657000000,1774321473657000000,0
VFS.contentStorage.recordsReadDecompressed,1774321413657000000,1774321473657000000,0
VFS.contentStorage.recordsStored,1774321413657000000,1774321473657000000,0
Indexes.entries.lookupDurationMaxMs,1774321473657000000,1774321533654000000,2.0
Indexing.writesQueuedMax,1774321473657000000,1774321533654000000,0
Indexes.entries.lookups,1774321473657000000,1774321533654000000,145
Indexes.stubs.lookups,1774321473657000000,1774321533654000000,313
Indexes.entries.lookupDurationAvgMs,1774321473657000000,1774321533654000000,0.05517241379310345
Indexes.stubs.lookupDuration90PMs,1774321473657000000,1774321533654000000,0.0
IndexesFlusher.totalFlushesRetried,1774321473657000000,1774321533654000000,0
Indexing.cache.totalCacheEvicted,1774321473657000000,1774321533654000000,398
Indexing.writer_3.totalTimeSpentWritingMs,1774321473657000000,1774321533654000000,0
Indexes.stubs.lookupDurationMaxMs,1774321473657000000,1774321533654000000,6.0
Indexing.writesQueuedMin,1774321473657000000,1774321533654000000,0
Indexing.writer_2.totalTimeSpentWritingMs,1774321473657000000,1774321533654000000,0
Indexing.writer_0.totalTimeSpentWritingMs,1774321473657000000,1774321533654000000,0
Indexes.allKeys.lookups,1774321473657000000,1774321533654000000,0
Indexes.entries.lookupDuration90PMs,1774321473657000000,1774321533654000000,0.0
Indexing.writesQueuedAvg,1774321473657000000,1774321533654000000,0.0
IndexesFlusher.totalFlushingTimeUs,1774321473657000000,1774321533654000000,275117
Indexing.cache.totalCacheAccesses,1774321473657000000,1774321533654000000,515
Indexes.allKeys.lookupDurationAvgMs,1774321473657000000,1774321533654000000,0.0
Indexes.allKeys.lookupDuration90PMs,1774321473657000000,1774321533654000000,0.0
Indexing.totalTimeIndexersSleptMs,1774321473657000000,1774321533654000000,0
Indexing.cache.totalCacheMisses,1774321473657000000,1774321533654000000,398
Indexes.stubs.lookupDurationAvgMs,1774321473657000000,1774321533654000000,0.12779552715654952
Indexes.allKeys.lookupDurationMaxMs,1774321473657000000,1774321533654000000,0.0
IndexesFlusher.totalFlushes,1774321473657000000,1774321533654000000,118
IndexesFlusher.totalContentionQuotaSpent,1774321473657000000,1774321533654000000,0
Indexing.writer_1.totalTimeSpentWritingMs,1774321473657000000,1774321533654000000,0
StreamlinedBlobStorage.totalLiveRecordsPayloadBytes,1774321473657000000,1774321533654000000,4
FilePageCacheLockFree.housekeeperTimeSpentMs,1774321473657000000,1774321533654000000,0
FilePageCacheLockFree.totalPagesWriteMs,1774321473657000000,1774321533654000000,0
FilePageCacheLockFree.totalBytesRead,1774321473657000000,1774321533654000000,0
FilePageCache.maxCacheSizeInBytes,1774321473657000000,1774321533654000000,359710720
FilePageCacheLockFree.totalPagesWritten,1774321473657000000,1774321533654000000,0
FileChannelInterruptsRetryer.totalRetriedAttempts,1774321473657000000,1774321533654000000,0
FilePageCacheLockFree.totalNativeBytesReclaimed,1774321473657000000,1774321533654000000,0
FilePageCache.totalPageLoadsUs,1774321473657000000,1774321533654000000,265
FilePageCache.maxRegisteredFiles,1774321473657000000,1774321533654000000,550
FilePageCacheLockFree.totalHeapBytesReclaimed,1774321473657000000,1774321533654000000,0
FilePageCache.uncachedFileAccess,1774321473657000000,1774321533654000000,7
MappedFileStorage.totalPagesMapped,1774321473657000000,1774321533654000000,21
FilePageCache.pageHits,1774321473657000000,1774321533654000000,0
FilePageCacheLockFree.heapBytesInUse,1774321473657000000,1774321533654000000,0
FilePageCacheLockFree.totalPagesAllocated,1774321473657000000,1774321533654000000,0
FilePageCacheLockFree.totalBytesRequested,1774321473657000000,1774321533654000000,0
FilePageCache.capacityInBytes,1774321473657000000,1774321533654000000,503316478
StreamlinedBlobStorage.totalLiveRecordsCapacityBytes,1774321473657000000,1774321533654000000,70
StreamlinedBlobStorage.recordsRelocated,1774321473657000000,1774321533654000000,0
FilePageCacheLockFree.totalPagesRequested,1774321473657000000,1774321533654000000,0
FilePageCacheLockFree.totalHeapBytesAllocated,1774321473657000000,1774321533654000000,0
FilePageCacheLockFree.housekeeperTurnsSkipped,1774321473657000000,1774321533654000000,0
FilePageCacheLockFree.totalClosedStoragesReclaimed,1774321473657000000,1774321533654000000,0
DirectByteBufferAllocator.reclaimed,1774321473657000000,1774321533654000000,0
FilePageCacheLockFree.totalNativeBytesAllocated,1774321473657000000,1774321533654000000,0
DirectByteBufferAllocator.disposed,1774321473657000000,1774321533654000000,0
FilePageCacheLockFree.totalBytesWritten,1774321473657000000,1774321533654000000,0
FilePageCache.totalPageDisposalsUs,1774321473657000000,1774321533654000000,5
FilePageCache.pageLoadsAboveSizeThreshold,1774321473657000000,1774321533654000000,0
DirectByteBufferAllocator.totalSizeOfBuffersCachedInBytes,1774321473657000000,1774321533654000000,0
StorageLockContext.competingThreads.max,1774321473657000000,1774321533654000000,0
StreamlinedBlobStorage.recordsDeleted,1774321473657000000,1774321533654000000,0
FilePageCache.disposedBuffers,1774321473657000000,1774321533654000000,0
FilePageCacheLockFree.totalPagesReadMs,1774321473657000000,1774321533654000000,0
DirectByteBufferAllocator.misses,1774321473657000000,1774321533654000000,1
FilePageCacheLockFree.totalPagesHandedOver,1774321473657000000,1774321533654000000,0
DirectByteBufferAllocator.hits,1774321473657000000,1774321533654000000,0
MappedFileStorage.totalTimeSpentOnMappingUs,1774321473657000000,1774321533654000000,12784
FilePageCacheLockFree.totalPageAllocationsWaited,1774321473657000000,1774321533654000000,0
FilePageCacheLockFree.totalPagesRequestsMs,1774321473657000000,1774321533654000000,0
FilePageCacheLockFree.nativeBytesInUse,1774321473657000000,1774321533654000000,0
StorageLockContext.competingThreads.avg,1774321473657000000,1774321533654000000,0.0
FilePageCacheLockFree.totalPagesReclaimed,1774321473657000000,1774321533654000000,0
FilePageCache.pageFastCacheHits,1774321473657000000,1774321533654000000,690
StreamlinedBlobStorage.recordsAllocated,1774321473657000000,1774321533654000000,1
MappedFileStorage.storages,1774321473657000000,1774321533654000000,16
FilePageCacheLockFree.housekeeperTurnsDone,1774321473657000000,1774321533654000000,0
FilePageCache.pageLoads,1774321473657000000,1774321533654000000,1
MappedFileStorage.totalBytesMapped,1774321473657000000,1774321533654000000,252968960
StorageLockContext.competingThreads.90P,1774321473657000000,1774321533654000000,0
DirectByteBufferAllocator.totalSizeOfBuffersAllocatedInBytes,1774321473657000000,1774321533654000000,359710720
workspaceModel.update.unloaded.entities.ms,1774321473657000000,1774321533654000000,0
workspaceModel.on.changed.ms,1774321473657000000,1774321533654000000,0
workspaceModel.workspaceFileIndexContributor.registerFileSets.ms,1774321473657000000,1774321533654000000,0
workspaceModel.cachedValueWithParameters.calculated.count,1774321473657000000,1774321533654000000,0
workspaceModel.workspaceFileIndexData.getFileInfo.ms,1774321473657000000,1774321533654000000,7
workspaceModel.updates.precise.ms,1774321473657000000,1774321533654000000,0
workspaceModel.workspaceFileIndexData.markDirty.ms,1774321473657000000,1774321533654000000,0
workspaceModel.workspaceFileIndexData.instances.count,1774321473657000000,1774321533654000000,0
workspaceModel.cachedValueWithParameters.total.get.count,1774321473657000000,1774321533654000000,0
workspaceModel.cachedValue.from.cache.count,1774321473657000000,1774321533654000000,224
workspaceModel.loading.total.ms,1774321473657000000,1774321533654000000,0
workspaceModel.pre.handlers.ms,1774321473657000000,1774321533654000000,0
workspaceModel.workspaceFileIndexData.processFileSets.ms,1774321473657000000,1774321533654000000,0
workspaceModel.entityStorageSnapshotImpl.instances.count,1774321473657000000,1774321533654000000,0
workspaceModel.cachedValueWithParameters.from.cache.count,1774321473657000000,1774321533654000000,0
workspaceModel.cachedValueWithParameters.clear.count,1774321473657000000,1774321533654000000,0
workspaceModel.updates.count,1774321473657000000,1774321533654000000,0
workspaceModel.updates.ms,1774321473657000000,1774321533654000000,0
workspaceModel.init.bridges.ms,1774321473657000000,1774321533654000000,0
workspaceModel.check.recursive.update.ms,1774321473657000000,1774321533654000000,0
workspaceModel.workspaceFileIndexData.visitFileSets.ms,1774321473657000000,1774321533654000000,0
workspaceModel.on.before.changed.ms,1774321473657000000,1774321533654000000,0
workspaceModel.workspaceFileIndexData.getDirectoriesByPackageName.ms,1774321473657000000,1774321533654000000,0
workspaceModel.to.snapshot.ms,1774321473657000000,1774321533654000000,0
workspaceModel.workspaceFileIndexData.onEntitiesChanged.ms,1774321473657000000,1774321533654000000,0
workspaceModel.initializing.ms,1774321473657000000,1774321533654000000,0
workspaceModel.cachedValue.total.get.count,1774321473657000000,1774321533654000000,226
workspaceModel.workspaceFileIndexData.getPackageName.ms,1774321473657000000,1774321533654000000,0
workspaceModel.cachedValue.calculated.count,1774321473657000000,1774321533654000000,2
workspaceModel.cachedValue.clear.count,1774321473657000000,1774321533654000000,0
workspaceModel.workspaceFileIndexData.updateDirtyEntities.ms,1774321473657000000,1774321533654000000,0
workspaceModel.collect.changes.ms,1774321473657000000,1774321533654000000,0
workspaceModel.full.replace.project.model.ms,1774321473657000000,1774321533654000000,0
workspaceModel.replace.project.model.ms,1774321473657000000,1774321533654000000,0
workspaceModel.workspaceFileIndexData.init.ms,1774321473657000000,1774321533654000000,0
workspaceModel.loading.from.cache.ms,1774321473657000000,1774321533654000000,0
FlushQueue.waitingTime90PNs,1774321473657000000,1774321533654000000,7110655
AWTEventQueue.dispatchTimeMaxNs,1774321473657000000,1774321533654000000,218103807
FlushQueue.queueSizeAvg,1774321473657000000,1774321533654000000,4.580160320641283
FlushQueue.executionTime90PNs,1774321473657000000,1774321533654000000,276479
FlushQueue.queueSize90P,1774321473657000000,1774321533654000000,9
FlushQueue.waitingTimeMaxNs,1774321473657000000,1774321533654000000,179306495
FlushQueue.executionTimeMaxNs,1774321473657000000,1774321533654000000,163577855
AWTEventQueue.eventsDispatched,1774321473657000000,1774321533654000000,4451
FlushQueue.queueSizeMax,1774321473657000000,1774321533654000000,67
NonBlockingReadAction.failedExecutionTimeUs,1774321473657000000,1774321533654000000,0
AWTEventQueue.dispatchTimeAvgNs,1774321473657000000,1774321533654000000,752556.0709952819
FlushQueue.tasksExecuted,1774321473657000000,1774321533654000000,1996
NonBlockingReadAction.finalizedExecutionTimeUs,1774321473657000000,1774321533654000000,79308
FlushQueue.waitingTimeAvgNs,1774321473657000000,1774321533654000000,5482508.301603206
AWTEventQueue.dispatchTimeTotalNS,1774321473657000000,1774321533654000000,3352758320
NonBlockingReadAction.finalizedExecutionsCount,1774321473657000000,1774321533654000000,39
AWTEventQueue.dispatchTime90PNs,1774321473657000000,1774321533654000000,622591
FlushQueue.executionTimeAvgNs,1774321473657000000,1774321533654000000,510589.4539078156
ReadAction.executionsCount,1774321473657000000,1774321533654000000,24998
WriteAction.executionsCount,1774321473657000000,1774321533654000000,5
NonBlockingReadAction.failedExecutionsCount,1774321473657000000,1774321533654000000,0
JVM.GC.collections,1774321473657000000,1774321533654000000,1
OS.loadAverage,1774321473657000000,1774321533654000000,30.158203125
JVM.usedNativeBytes,1774321473657000000,1774321533654000000,603768888
JVM.totalTimeToSafepointsMs,1774321473657000000,1774321533654000000,2
JVM.threadCount,1774321473657000000,1774321533654000000,63
JVM.maxThreadCount,1774321473657000000,1774321533654000000,146
JVM.newThreadsCount,1774321473657000000,1774321533654000000,21
JVM.totalSafepointCount,1774321473657000000,1774321533654000000,48
JVM.totalBytesAllocated,1774321473657000000,1774321533654000000,258082808
JVM.GC.collectionTimesMs,1774321473657000000,1774321533654000000,81
JVM.usedHeapBytes,1774321473657000000,1774321533654000000,621571336
JVM.maxHeapBytes,1774321473657000000,1774321533654000000,2147483648
JVM.totalTimeAtSafepointsMs,1774321473657000000,1774321533654000000,84
JVM.totalDirectByteBuffersBytes,1774321473657000000,1774321533654000000,361446725
JVM.totalCpuTimeMs,1774321473657000000,1774321533654000000,10475
cacheStateStorage.set.counter,1774321473657000000,1774321533654000000,0
cacheStateStorage.get.counter,1774321473657000000,1774321533654000000,0
cacheStateStorage.set.duration,1774321473657000000,1774321533654000000,0
cacheStateStorage.get.duration,1774321473657000000,1774321533654000000,0
jps.app.storage.content.writer.save.component.ms,1774321473657000000,1774321533654000000,5
workspaceModel.moduleManagerBridge.build.module.graph.ms,1774321473657000000,1774321533654000000,1
jps.app.storage.content.reader.load.component.ms,1774321473657000000,1774321533654000000,0
jps.modifiable.module.model.bridge.disposing.ms,1774321473657000000,1774321533654000000,0
jps.global.get.libraries.ms,1774321473657000000,1774321533654000000,0
workspaceModel.moduleManagerBridge.load.module.ms,1774321473657000000,1774321533654000000,0
jps.modifiable.module.model.bridge.new.module.ms,1774321473657000000,1774321533654000000,0
workspaceModel.delayed.project.synchronizer.sync.ms,1774321473657000000,1774321533654000000,0
workspaceModel.mutableEntityStorage.instances.count,1774321473657000000,1774321533654000000,9
jps.modifiable.module.model.bridge.renaming.ms,1774321473657000000,1774321533654000000,0
workspaceModel.moduleManagerBridge.create.module.instance.ms,1774321473657000000,1774321533654000000,0
workspaceModel.do.save.caches.ms,1774321473657000000,1774321533654000000,0
jps.global.get.library.by.name.ms,1774321473657000000,1774321533654000000,0
jps.module.iml.entities.serializer.save.entities.ms,1774321473657000000,1774321533654000000,0
jps.global.handle.before.change.events.ms,1774321473657000000,1774321533654000000,0
jps.load.initial.state.ms,1774321473657000000,1774321533654000000,0
workspaceModel.mutableEntityStorage.entities.ms,1774321473657000000,1774321533654000000,0
workspaceModel.mutableEntityStorage.remove.entity.ms,1774321473657000000,1774321533654000000,0
workspaceModel.mutableEntityStorage.put.entity.ms,1774321473657000000,1774321533654000000,0
workspaceModel.global.apply.state.to.project.ms,1774321473657000000,1774321533654000000,0
workspaceModel.moduleBridgeLoader.loading.modules.ms,1774321473657000000,1774321533654000000,0
jps.global.handle.changed.events.ms,1774321473657000000,1774321533654000000,0
jps.modifiable.module.model.bridge.load.module.ms,1774321473657000000,1774321533654000000,0
workspaceModel.global.updates.count,1774321473657000000,1774321533654000000,0
jps.facet.change.listener.process.change.events.ms,1774321473657000000,1774321533654000000,0
workspaceModel.mutableEntityStorage.has.same.entities.ms,1774321473657000000,1774321533654000000,0
jps.module.iml.entities.serializer.load.entities.ms,1774321473657000000,1774321533654000000,0
workspaceModel.moduleManagerBridge.new.nonPersistent.module.ms,1774321473657000000,1774321533654000000,0
workspaceModel.mutableEntityStorage.changeLog.addReplaceEventForRemovedChild.ms,1774321473657000000,1774321533654000000,0
jps.global.initialize.library.bridges.ms,1774321473657000000,1774321533654000000,0
jps.save.global.entities.ms,1774321473657000000,1774321533654000000,13
workspaceModel.mutableEntityStorage.apply.changes.from.ms,1774321473657000000,1774321533654000000,0
jps.project.serializers.load.ms,1774321473657000000,1774321533654000000,0
jps.global.get.library.ms,1774321473657000000,1774321533654000000,0
workspaceModel.orphan.listener.update.ms,1774321473657000000,1774321533654000000,0
jps.facet.change.listener.before.change.events.ms,1774321473657000000,1774321533654000000,0
workspaceModel.moduleManagerBridge.newModule.ms,1774321473657000000,1774321533654000000,0
jps.load.project.to.empty.storage.ms,1774321473657000000,1774321533654000000,0
workspaceModel.mutableEntityStorage.collect.changes.ms,1774321473657000000,1774321533654000000,0
workspaceModel.mutableEntityStorage.mutable.ext.mapping.ms,1774321473657000000,1774321533654000000,0
workspaceModel.mutableEntityStorage.referrers.ms,1774321473657000000,1774321533654000000,0
workspaceModel.mutableEntityStorage.replace.by.source.ms,1774321473657000000,1774321533654000000,0
workspaceModel.mutableEntityStorage.resolve.ms,1774321473657000000,1774321533654000000,0
workspaceModel.global.updates.ms,1774321473657000000,1774321533654000000,0
workspaceModel.mutableEntityStorage.entities.by.source.ms,1774321473657000000,1774321533654000000,0
workspaceModel.save.cache.to.file.ms,1774321473657000000,1774321533654000000,0
workspaceModel.load.cache.from.file.ms,1774321473657000000,1774321533654000000,0
jps.module.dependency.index.workspace.model.listener.on.changed.ms,1774321473657000000,1774321533654000000,0
workspaceModel.moduleManagerBridge.load.all.modules.ms,1774321473657000000,1774321533654000000,0
jps.facet.change.listener.init.bridge.ms,1774321473657000000,1774321533654000000,0
jps.global.initialize.library.bridges.after.loading.ms,1774321473657000000,1774321533654000000,0
workspaceModel.mutableEntityStorage.changeLog.addReplaceEventForRemovedParent.ms,1774321473657000000,1774321533654000000,0
workspaceModel.load.cache.metadata.from.file.ms,1774321473657000000,1774321533654000000,0
workspaceModel.mutableEntityStorage.to.snapshot.ms,1774321473657000000,1774321533654000000,0
jps.reload.project.entities.ms,1774321473657000000,1774321533654000000,6
jps.artifact.entities.serializer.load.entities.ms,1774321473657000000,1774321533654000000,0
workspaceModel.moduleManagerBridge.get.modules.ms,1774321473657000000,1774321533654000000,0
workspaceModel.moduleBridge.before.changed.ms,1774321473657000000,1774321533654000000,0
workspaceModel.sync.entities.ms,1774321473657000000,1774321533654000000,0
workspaceModel.mutableEntityStorage.changeLog.addReplaceEventForNewParent.ms,1774321473657000000,1774321533654000000,0
workspaceModel.moduleManagerBridge.set.unloadedModules.ms,1774321473657000000,1774321533654000000,0
jps.artifact.entities.serializer.save.entities.ms,1774321473657000000,1774321533654000000,0
workspaceModel.moduleBridge.facet.initialization.ms,1774321473657000000,1774321533654000000,0
workspaceModel.mutableEntityStorage.changeLog.addReplaceEventForNewChild.ms,1774321473657000000,1774321533654000000,0
jps.storage.jps.conf.reader.load.component.ms,1774321473657000000,1774321533654000000,0
jps.library.entities.serializer.save.entities.ms,1774321473657000000,1774321533654000000,0
jps.apply.loaded.storage.ms,1774321473657000000,1774321533654000000,0
jps.save.changed.project.entities.ms,1774321473657000000,1774321533654000000,4
workspaceModel.moduleBridge.update.option.ms,1774321473657000000,1774321533654000000,0
jps.project.serializers.save.ms,1774321473657000000,1774321533654000000,3
workspaceModel.global.apply.state.to.project.builder.ms,1774321473657000000,1774321533654000000,0
workspaceModel.mutableEntityStorage.mutable.vfurl.index.ms,1774321473657000000,1774321533654000000,0
jps.library.entities.serializer.load.entities.ms,1774321473657000000,1774321533654000000,0
workspaceModel.mutableEntityStorage.modify.entity.ms,1774321473657000000,1774321533654000000,0
workspaceModel.mutableEntityStorage.add.entity.ms,1774321473657000000,1774321533654000000,0
compiler.ArtifactModifiableModelBridge.dispose.ms,1774321473657000000,1774321533654000000,0
compiler.ArtifactManagerBridge.getArtifacts.ms,1774321473657000000,1774321533654000000,0
compiler.ArtifactModifiableModelBridge.findArtifacts.ms,1774321473657000000,1774321533654000000,0
compiler.ArtifactManagerBridge.initBridges.ms,1774321473657000000,1774321533654000000,0
compiler.ArtifactModifiableModelBridge.getArtifacts.ms,1774321473657000000,1774321533654000000,0
compiler.ArtifactManagerBridge.commit.ms,1774321473657000000,1774321533654000000,0
compiler.ArtifactManagerBridge.getArtifactsByType.ms,1774321473657000000,1774321533654000000,0
compiler.ArtifactManagerBridge.findArtifact.ms,1774321473657000000,1774321533654000000,0
compiler.ArtifactVirtualFileListener.filePathChanged.ms,1774321473657000000,1774321533654000000,0
compiler.ArtifactManagerBridge.addArtifact.ms,1774321473657000000,1774321533654000000,0
compiler.ArtifactModifiableModelBridge.addArtifact.ms,1774321473657000000,1774321533654000000,0
compiler.ArtifactManagerBridge.dropMappings.ms,1774321473657000000,1774321533654000000,0
compiler.ArtifactModifiableModelBridge.commit.ms,1774321473657000000,1774321533654000000,2
compiler.ArtifactModifiableModelBridge.getArtifactsByType.ms,1774321473657000000,1774321533654000000,0
compiler.ArtifactVirtualFileListener.propertyChanged.ms,1774321473657000000,1774321533654000000,0
writeAction.max.wait.ms,1774321473657000000,1774321533654000000,581
lexer.JAVA.time.ns,1774321473657000000,1774321533654000000,1031333
writeAction.median.wait.ms,1774321473657000000,1774321533654000000,1000
writeAction.count,1774321473657000000,1774321533654000000,5
DiskQueryRelay.taskWaitingTotalTimeUs,1774321473657000000,1774321533654000000,537610
DiskQueryRelay.tasksRequested,1774321473657000000,1774321533654000000,2728
DiskQueryRelay.tasksExecuted,1774321473657000000,1774321533654000000,2728
lexer.JAVA.size.bytes,1774321473657000000,1774321533654000000,5549
writeAction.wait.ms,1774321473657000000,1774321533654000000,0
parser.JAVA.size.bytes,1774321473657000000,1774321533654000000,5549
DiskQueryRelay.taskExecutionTotalTimeUs,1774321473657000000,1774321533654000000,533610
parser.JAVA.time.ns,1774321473657000000,1774321533654000000,2304959
VFS.contentStorage.recordsStoredCompressed,1774321473657000000,1774321533654000000,0
VFS.contentStorage.recordsDecompressionTimeUs,1774321473657000000,1774321533654000000,3124
VFS.contentStorage.recordsStoredSize,1774321473657000000,1774321533654000000,0
VFS.contentStorage.recordsRead,1774321473657000000,1774321533654000000,64
VFS.contentStorage.recordsUncompressedSize,1774321473657000000,1774321533654000000,0
VFS.contentStorage.recordsReadSize,1774321473657000000,1774321533654000000,1543245
VFS.contentStorage.recordsDeduplicated,1774321473657000000,1774321533654000000,0
VFS.fileByIdCache.hits,1774321473657000000,1774321533654000000,1
VFS.fileByIdCache.misses,1774321473657000000,1774321533654000000,556
VFS.invertedFileNameIndex.requests,1774321473657000000,1774321533654000000,2
FileNameCache.queries,1774321473657000000,1774321533654000000,52288
VFS.fileChildByName,1774321473657000000,1774321533654000000,15243
FileNameCache.totalMisses,1774321473657000000,1774321533654000000,3072
VFS.contentStorage.recordsReadDecompressed,1774321473657000000,1774321533654000000,17
VFS.contentStorage.recordsStored,1774321473657000000,1774321533654000000,0
Indexes.entries.lookupDurationMaxMs,1774321533654000000,1774321593656000000,8.0
Indexing.writesQueuedMax,1774321533654000000,1774321593656000000,0
Indexes.entries.lookups,1774321533654000000,1774321593656000000,149
Indexes.stubs.lookups,1774321533654000000,1774321593656000000,2389
Indexes.entries.lookupDurationAvgMs,1774321533654000000,1774321593656000000,0.12080536912751678
Indexes.stubs.lookupDuration90PMs,1774321533654000000,1774321593656000000,0.0
IndexesFlusher.totalFlushesRetried,1774321533654000000,1774321593656000000,0
Indexing.cache.totalCacheEvicted,1774321533654000000,1774321593656000000,1900
Indexing.writer_3.totalTimeSpentWritingMs,1774321533654000000,1774321593656000000,0
Indexes.stubs.lookupDurationMaxMs,1774321533654000000,1774321593656000000,36.0
Indexing.writesQueuedMin,1774321533654000000,1774321593656000000,0
Indexing.writer_2.totalTimeSpentWritingMs,1774321533654000000,1774321593656000000,0
Indexing.writer_0.totalTimeSpentWritingMs,1774321533654000000,1774321593656000000,0
Indexes.allKeys.lookups,1774321533654000000,1774321593656000000,2
Indexes.entries.lookupDuration90PMs,1774321533654000000,1774321593656000000,0.0
Indexing.writesQueuedAvg,1774321533654000000,1774321593656000000,0.0
IndexesFlusher.totalFlushingTimeUs,1774321533654000000,1774321593656000000,206569
Indexing.cache.totalCacheAccesses,1774321533654000000,1774321593656000000,2742
Indexes.allKeys.lookupDurationAvgMs,1774321533654000000,1774321593656000000,2.0
Indexes.allKeys.lookupDuration90PMs,1774321533654000000,1774321593656000000,2.0
Indexing.totalTimeIndexersSleptMs,1774321533654000000,1774321593656000000,0
Indexing.cache.totalCacheMisses,1774321533654000000,1774321593656000000,1900
Indexes.stubs.lookupDurationAvgMs,1774321533654000000,1774321593656000000,0.08664713269150272
Indexes.allKeys.lookupDurationMaxMs,1774321533654000000,1774321593656000000,2.0
IndexesFlusher.totalFlushes,1774321533654000000,1774321593656000000,117
IndexesFlusher.totalContentionQuotaSpent,1774321533654000000,1774321593656000000,0
Indexing.writer_1.totalTimeSpentWritingMs,1774321533654000000,1774321593656000000,0
StreamlinedBlobStorage.totalLiveRecordsPayloadBytes,1774321533654000000,1774321593656000000,74
FilePageCacheLockFree.housekeeperTimeSpentMs,1774321533654000000,1774321593656000000,0
FilePageCacheLockFree.totalPagesWriteMs,1774321533654000000,1774321593656000000,0
FilePageCacheLockFree.totalBytesRead,1774321533654000000,1774321593656000000,0
FilePageCache.maxCacheSizeInBytes,1774321533654000000,1774321593656000000,363905024
FilePageCacheLockFree.totalPagesWritten,1774321533654000000,1774321593656000000,0
FileChannelInterruptsRetryer.totalRetriedAttempts,1774321533654000000,1774321593656000000,0
FilePageCacheLockFree.totalNativeBytesReclaimed,1774321533654000000,1774321593656000000,0
FilePageCache.totalPageLoadsUs,1774321533654000000,1774321593656000000,5785
FilePageCache.maxRegisteredFiles,1774321533654000000,1774321593656000000,550
FilePageCacheLockFree.totalHeapBytesReclaimed,1774321533654000000,1774321593656000000,0
FilePageCache.uncachedFileAccess,1774321533654000000,1774321593656000000,13
MappedFileStorage.totalPagesMapped,1774321533654000000,1774321593656000000,22
FilePageCache.pageHits,1774321533654000000,1774321593656000000,15
FilePageCacheLockFree.heapBytesInUse,1774321533654000000,1774321593656000000,0
FilePageCacheLockFree.totalPagesAllocated,1774321533654000000,1774321593656000000,0
FilePageCacheLockFree.totalBytesRequested,1774321533654000000,1774321593656000000,0
FilePageCache.capacityInBytes,1774321533654000000,1774321593656000000,503316478
StreamlinedBlobStorage.totalLiveRecordsCapacityBytes,1774321533654000000,1774321593656000000,420
StreamlinedBlobStorage.recordsRelocated,1774321533654000000,1774321593656000000,0
FilePageCacheLockFree.totalPagesRequested,1774321533654000000,1774321593656000000,0
FilePageCacheLockFree.totalHeapBytesAllocated,1774321533654000000,1774321593656000000,0
FilePageCacheLockFree.housekeeperTurnsSkipped,1774321533654000000,1774321593656000000,0
FilePageCacheLockFree.totalClosedStoragesReclaimed,1774321533654000000,1774321593656000000,0
DirectByteBufferAllocator.reclaimed,1774321533654000000,1774321593656000000,0
FilePageCacheLockFree.totalNativeBytesAllocated,1774321533654000000,1774321593656000000,0
DirectByteBufferAllocator.disposed,1774321533654000000,1774321593656000000,0
FilePageCacheLockFree.totalBytesWritten,1774321533654000000,1774321593656000000,0
FilePageCache.totalPageDisposalsUs,1774321533654000000,1774321593656000000,1
FilePageCache.pageLoadsAboveSizeThreshold,1774321533654000000,1774321593656000000,0
DirectByteBufferAllocator.totalSizeOfBuffersCachedInBytes,1774321533654000000,1774321593656000000,0
StorageLockContext.competingThreads.max,1774321533654000000,1774321593656000000,0
StreamlinedBlobStorage.recordsDeleted,1774321533654000000,1774321593656000000,0
FilePageCache.disposedBuffers,1774321533654000000,1774321593656000000,0
FilePageCacheLockFree.totalPagesReadMs,1774321533654000000,1774321593656000000,0
DirectByteBufferAllocator.misses,1774321533654000000,1774321593656000000,4
FilePageCacheLockFree.totalPagesHandedOver,1774321533654000000,1774321593656000000,0
DirectByteBufferAllocator.hits,1774321533654000000,1774321593656000000,0
MappedFileStorage.totalTimeSpentOnMappingUs,1774321533654000000,1774321593656000000,17146
FilePageCacheLockFree.totalPageAllocationsWaited,1774321533654000000,1774321593656000000,0
FilePageCacheLockFree.totalPagesRequestsMs,1774321533654000000,1774321593656000000,0
FilePageCacheLockFree.nativeBytesInUse,1774321533654000000,1774321593656000000,0
StorageLockContext.competingThreads.avg,1774321533654000000,1774321593656000000,0.0
FilePageCacheLockFree.totalPagesReclaimed,1774321533654000000,1774321593656000000,0
FilePageCache.pageFastCacheHits,1774321533654000000,1774321593656000000,2093
StreamlinedBlobStorage.recordsAllocated,1774321533654000000,1774321593656000000,6
MappedFileStorage.storages,1774321533654000000,1774321593656000000,16
FilePageCacheLockFree.housekeeperTurnsDone,1774321533654000000,1774321593656000000,0
FilePageCache.pageLoads,1774321533654000000,1774321593656000000,4
MappedFileStorage.totalBytesMapped,1774321533654000000,1774321593656000000,257163264
StorageLockContext.competingThreads.90P,1774321533654000000,1774321593656000000,0
DirectByteBufferAllocator.totalSizeOfBuffersAllocatedInBytes,1774321533654000000,1774321593656000000,363905024
workspaceModel.update.unloaded.entities.ms,1774321533654000000,1774321593656000000,0
workspaceModel.on.changed.ms,1774321533654000000,1774321593656000000,0
workspaceModel.workspaceFileIndexContributor.registerFileSets.ms,1774321533654000000,1774321593656000000,0
workspaceModel.cachedValueWithParameters.calculated.count,1774321533654000000,1774321593656000000,0
workspaceModel.workspaceFileIndexData.getFileInfo.ms,1774321533654000000,1774321593656000000,341
workspaceModel.updates.precise.ms,1774321533654000000,1774321593656000000,0
workspaceModel.workspaceFileIndexData.markDirty.ms,1774321533654000000,1774321593656000000,0
workspaceModel.workspaceFileIndexData.instances.count,1774321533654000000,1774321593656000000,0
workspaceModel.cachedValueWithParameters.total.get.count,1774321533654000000,1774321593656000000,0
workspaceModel.cachedValue.from.cache.count,1774321533654000000,1774321593656000000,316
workspaceModel.loading.total.ms,1774321533654000000,1774321593656000000,0
workspaceModel.pre.handlers.ms,1774321533654000000,1774321593656000000,0
workspaceModel.workspaceFileIndexData.processFileSets.ms,1774321533654000000,1774321593656000000,0
workspaceModel.entityStorageSnapshotImpl.instances.count,1774321533654000000,1774321593656000000,0
workspaceModel.cachedValueWithParameters.from.cache.count,1774321533654000000,1774321593656000000,0
workspaceModel.cachedValueWithParameters.clear.count,1774321533654000000,1774321593656000000,0
workspaceModel.updates.count,1774321533654000000,1774321593656000000,0
workspaceModel.updates.ms,1774321533654000000,1774321593656000000,0
workspaceModel.init.bridges.ms,1774321533654000000,1774321593656000000,0
workspaceModel.check.recursive.update.ms,1774321533654000000,1774321593656000000,0
workspaceModel.workspaceFileIndexData.visitFileSets.ms,1774321533654000000,1774321593656000000,1
workspaceModel.on.before.changed.ms,1774321533654000000,1774321593656000000,0
workspaceModel.workspaceFileIndexData.getDirectoriesByPackageName.ms,1774321533654000000,1774321593656000000,38
workspaceModel.to.snapshot.ms,1774321533654000000,1774321593656000000,0
workspaceModel.workspaceFileIndexData.onEntitiesChanged.ms,1774321533654000000,1774321593656000000,0
workspaceModel.initializing.ms,1774321533654000000,1774321593656000000,0
workspaceModel.cachedValue.total.get.count,1774321533654000000,1774321593656000000,319
workspaceModel.workspaceFileIndexData.getPackageName.ms,1774321533654000000,1774321593656000000,3
workspaceModel.cachedValue.calculated.count,1774321533654000000,1774321593656000000,3
workspaceModel.cachedValue.clear.count,1774321533654000000,1774321593656000000,0
workspaceModel.workspaceFileIndexData.updateDirtyEntities.ms,1774321533654000000,1774321593656000000,0
workspaceModel.collect.changes.ms,1774321533654000000,1774321593656000000,0
workspaceModel.full.replace.project.model.ms,1774321533654000000,1774321593656000000,0
workspaceModel.replace.project.model.ms,1774321533654000000,1774321593656000000,0
workspaceModel.workspaceFileIndexData.init.ms,1774321533654000000,1774321593656000000,0
workspaceModel.loading.from.cache.ms,1774321533654000000,1774321593656000000,0
FlushQueue.waitingTime90PNs,1774321533654000000,1774321593656000000,3145727
AWTEventQueue.dispatchTimeMaxNs,1774321533654000000,1774321593656000000,88080383
FlushQueue.queueSizeAvg,1774321533654000000,1774321593656000000,4.256159641620851
FlushQueue.executionTime90PNs,1774321533654000000,1774321593656000000,122367
FlushQueue.queueSize90P,1774321533654000000,1774321593656000000,14
FlushQueue.waitingTimeMaxNs,1774321533654000000,1774321593656000000,92274687
FlushQueue.executionTimeMaxNs,1774321533654000000,1774321593656000000,23592959
AWTEventQueue.eventsDispatched,1774321533654000000,1774321593656000000,7889
FlushQueue.queueSizeMax,1774321533654000000,1774321593656000000,39
NonBlockingReadAction.failedExecutionTimeUs,1774321533654000000,1774321593656000000,1505
AWTEventQueue.dispatchTimeAvgNs,1774321533654000000,1774321593656000000,505564.3006718215
FlushQueue.tasksExecuted,1774321533654000000,1774321593656000000,4911
NonBlockingReadAction.finalizedExecutionTimeUs,1774321533654000000,1774321593656000000,62775
FlushQueue.waitingTimeAvgNs,1774321533654000000,1774321593656000000,1406220.658928935
AWTEventQueue.dispatchTimeTotalNS,1774321533654000000,1774321593656000000,3988247128
NonBlockingReadAction.finalizedExecutionsCount,1774321533654000000,1774321593656000000,230
AWTEventQueue.dispatchTime90PNs,1774321533654000000,1774321593656000000,962559
FlushQueue.executionTimeAvgNs,1774321533654000000,1774321593656000000,87841.02504581552
ReadAction.executionsCount,1774321533654000000,1774321593656000000,1434862
WriteAction.executionsCount,1774321533654000000,1774321593656000000,11
NonBlockingReadAction.failedExecutionsCount,1774321533654000000,1774321593656000000,1
JVM.GC.collections,1774321533654000000,1774321593656000000,5
OS.loadAverage,1774321533654000000,1774321593656000000,15.5771484375
JVM.usedNativeBytes,1774321533654000000,1774321593656000000,627108120
JVM.totalTimeToSafepointsMs,1774321533654000000,1774321593656000000,9
JVM.threadCount,1774321533654000000,1774321593656000000,70
JVM.maxThreadCount,1774321533654000000,1774321593656000000,146
JVM.newThreadsCount,1774321533654000000,1774321593656000000,10
JVM.totalSafepointCount,1774321533654000000,1774321593656000000,60
JVM.totalBytesAllocated,1774321533654000000,1774321593656000000,718622920
JVM.GC.collectionTimesMs,1774321533654000000,1774321593656000000,156
JVM.usedHeapBytes,1774321533654000000,1774321593656000000,631767040
JVM.maxHeapBytes,1774321533654000000,1774321593656000000,2147483648
JVM.totalTimeAtSafepointsMs,1774321533654000000,1774321593656000000,162
JVM.totalDirectByteBuffersBytes,1774321533654000000,1774321593656000000,365470884
JVM.totalCpuTimeMs,1774321533654000000,1774321593656000000,16307
cacheStateStorage.set.counter,1774321533654000000,1774321593656000000,0
cacheStateStorage.get.counter,1774321533654000000,1774321593656000000,3
cacheStateStorage.set.duration,1774321533654000000,1774321593656000000,0
cacheStateStorage.get.duration,1774321533654000000,1774321593656000000,11
jps.app.storage.content.writer.save.component.ms,1774321533654000000,1774321593656000000,1
workspaceModel.moduleManagerBridge.build.module.graph.ms,1774321533654000000,1774321593656000000,1
jps.app.storage.content.reader.load.component.ms,1774321533654000000,1774321593656000000,0
jps.modifiable.module.model.bridge.disposing.ms,1774321533654000000,1774321593656000000,0
jps.global.get.libraries.ms,1774321533654000000,1774321593656000000,0
workspaceModel.moduleManagerBridge.load.module.ms,1774321533654000000,1774321593656000000,0
jps.modifiable.module.model.bridge.new.module.ms,1774321533654000000,1774321593656000000,0
workspaceModel.delayed.project.synchronizer.sync.ms,1774321533654000000,1774321593656000000,0
workspaceModel.mutableEntityStorage.instances.count,1774321533654000000,1774321593656000000,0
jps.modifiable.module.model.bridge.renaming.ms,1774321533654000000,1774321593656000000,0
workspaceModel.moduleManagerBridge.create.module.instance.ms,1774321533654000000,1774321593656000000,0
workspaceModel.do.save.caches.ms,1774321533654000000,1774321593656000000,0
jps.global.get.library.by.name.ms,1774321533654000000,1774321593656000000,0
jps.module.iml.entities.serializer.save.entities.ms,1774321533654000000,1774321593656000000,0
jps.global.handle.before.change.events.ms,1774321533654000000,1774321593656000000,0
jps.load.initial.state.ms,1774321533654000000,1774321593656000000,0
workspaceModel.mutableEntityStorage.entities.ms,1774321533654000000,1774321593656000000,0
workspaceModel.mutableEntityStorage.remove.entity.ms,1774321533654000000,1774321593656000000,0
workspaceModel.mutableEntityStorage.put.entity.ms,1774321533654000000,1774321593656000000,0
workspaceModel.global.apply.state.to.project.ms,1774321533654000000,1774321593656000000,0
workspaceModel.moduleBridgeLoader.loading.modules.ms,1774321533654000000,1774321593656000000,0
jps.global.handle.changed.events.ms,1774321533654000000,1774321593656000000,0
jps.modifiable.module.model.bridge.load.module.ms,1774321533654000000,1774321593656000000,0
workspaceModel.global.updates.count,1774321533654000000,1774321593656000000,0
jps.facet.change.listener.process.change.events.ms,1774321533654000000,1774321593656000000,0
workspaceModel.mutableEntityStorage.has.same.entities.ms,1774321533654000000,1774321593656000000,0
jps.module.iml.entities.serializer.load.entities.ms,1774321533654000000,1774321593656000000,0
workspaceModel.moduleManagerBridge.new.nonPersistent.module.ms,1774321533654000000,1774321593656000000,0
workspaceModel.mutableEntityStorage.changeLog.addReplaceEventForRemovedChild.ms,1774321533654000000,1774321593656000000,0
jps.global.initialize.library.bridges.ms,1774321533654000000,1774321593656000000,0
jps.save.global.entities.ms,1774321533654000000,1774321593656000000,3
workspaceModel.mutableEntityStorage.apply.changes.from.ms,1774321533654000000,1774321593656000000,0
jps.project.serializers.load.ms,1774321533654000000,1774321593656000000,0
jps.global.get.library.ms,1774321533654000000,1774321593656000000,0
workspaceModel.orphan.listener.update.ms,1774321533654000000,1774321593656000000,0
jps.facet.change.listener.before.change.events.ms,1774321533654000000,1774321593656000000,0
workspaceModel.moduleManagerBridge.newModule.ms,1774321533654000000,1774321593656000000,0
jps.load.project.to.empty.storage.ms,1774321533654000000,1774321593656000000,0
workspaceModel.mutableEntityStorage.collect.changes.ms,1774321533654000000,1774321593656000000,0
workspaceModel.mutableEntityStorage.mutable.ext.mapping.ms,1774321533654000000,1774321593656000000,0
workspaceModel.mutableEntityStorage.referrers.ms,1774321533654000000,1774321593656000000,0
workspaceModel.mutableEntityStorage.replace.by.source.ms,1774321533654000000,1774321593656000000,0
workspaceModel.mutableEntityStorage.resolve.ms,1774321533654000000,1774321593656000000,0
workspaceModel.global.updates.ms,1774321533654000000,1774321593656000000,0
workspaceModel.mutableEntityStorage.entities.by.source.ms,1774321533654000000,1774321593656000000,0
workspaceModel.save.cache.to.file.ms,1774321533654000000,1774321593656000000,0
workspaceModel.load.cache.from.file.ms,1774321533654000000,1774321593656000000,0
jps.module.dependency.index.workspace.model.listener.on.changed.ms,1774321533654000000,1774321593656000000,0
workspaceModel.moduleManagerBridge.load.all.modules.ms,1774321533654000000,1774321593656000000,0
jps.facet.change.listener.init.bridge.ms,1774321533654000000,1774321593656000000,0
jps.global.initialize.library.bridges.after.loading.ms,1774321533654000000,1774321593656000000,0
workspaceModel.mutableEntityStorage.changeLog.addReplaceEventForRemovedParent.ms,1774321533654000000,1774321593656000000,0
workspaceModel.load.cache.metadata.from.file.ms,1774321533654000000,1774321593656000000,0
workspaceModel.mutableEntityStorage.to.snapshot.ms,1774321533654000000,1774321593656000000,0
jps.reload.project.entities.ms,1774321533654000000,1774321593656000000,0
jps.artifact.entities.serializer.load.entities.ms,1774321533654000000,1774321593656000000,0
workspaceModel.moduleManagerBridge.get.modules.ms,1774321533654000000,1774321593656000000,1
workspaceModel.moduleBridge.before.changed.ms,1774321533654000000,1774321593656000000,0
workspaceModel.sync.entities.ms,1774321533654000000,1774321593656000000,0
workspaceModel.mutableEntityStorage.changeLog.addReplaceEventForNewParent.ms,1774321533654000000,1774321593656000000,0
workspaceModel.moduleManagerBridge.set.unloadedModules.ms,1774321533654000000,1774321593656000000,0
jps.artifact.entities.serializer.save.entities.ms,1774321533654000000,1774321593656000000,0
workspaceModel.moduleBridge.facet.initialization.ms,1774321533654000000,1774321593656000000,0
workspaceModel.mutableEntityStorage.changeLog.addReplaceEventForNewChild.ms,1774321533654000000,1774321593656000000,0
jps.storage.jps.conf.reader.load.component.ms,1774321533654000000,1774321593656000000,0
jps.library.entities.serializer.save.entities.ms,1774321533654000000,1774321593656000000,0
jps.apply.loaded.storage.ms,1774321533654000000,1774321593656000000,0
jps.save.changed.project.entities.ms,1774321533654000000,1774321593656000000,0
workspaceModel.moduleBridge.update.option.ms,1774321533654000000,1774321593656000000,0
jps.project.serializers.save.ms,1774321533654000000,1774321593656000000,0
workspaceModel.global.apply.state.to.project.builder.ms,1774321533654000000,1774321593656000000,0
workspaceModel.mutableEntityStorage.mutable.vfurl.index.ms,1774321533654000000,1774321593656000000,0
jps.library.entities.serializer.load.entities.ms,1774321533654000000,1774321593656000000,0
workspaceModel.mutableEntityStorage.modify.entity.ms,1774321533654000000,1774321593656000000,0
workspaceModel.mutableEntityStorage.add.entity.ms,1774321533654000000,1774321593656000000,0
compiler.ArtifactModifiableModelBridge.dispose.ms,1774321533654000000,1774321593656000000,0
compiler.ArtifactManagerBridge.getArtifacts.ms,1774321533654000000,1774321593656000000,0
compiler.ArtifactModifiableModelBridge.findArtifacts.ms,1774321533654000000,1774321593656000000,0
compiler.ArtifactManagerBridge.initBridges.ms,1774321533654000000,1774321593656000000,0
compiler.ArtifactModifiableModelBridge.getArtifacts.ms,1774321533654000000,1774321593656000000,0
compiler.ArtifactManagerBridge.commit.ms,1774321533654000000,1774321593656000000,0
compiler.ArtifactManagerBridge.getArtifactsByType.ms,1774321533654000000,1774321593656000000,0
compiler.ArtifactManagerBridge.findArtifact.ms,1774321533654000000,1774321593656000000,0
compiler.ArtifactVirtualFileListener.filePathChanged.ms,1774321533654000000,1774321593656000000,0
compiler.ArtifactManagerBridge.addArtifact.ms,1774321533654000000,1774321593656000000,0
compiler.ArtifactModifiableModelBridge.addArtifact.ms,1774321533654000000,1774321593656000000,0
compiler.ArtifactManagerBridge.dropMappings.ms,1774321533654000000,1774321593656000000,0
compiler.ArtifactModifiableModelBridge.commit.ms,1774321533654000000,1774321593656000000,2
compiler.ArtifactModifiableModelBridge.getArtifactsByType.ms,1774321533654000000,1774321593656000000,0
compiler.ArtifactVirtualFileListener.propertyChanged.ms,1774321533654000000,1774321593656000000,0
writeAction.max.wait.ms,1774321533654000000,1774321593656000000,581
lexer.JAVA.time.ns,1774321533654000000,1774321593656000000,196043
writeAction.median.wait.ms,1774321533654000000,1774321593656000000,1000
writeAction.count,1774321533654000000,1774321593656000000,11
DiskQueryRelay.taskWaitingTotalTimeUs,1774321533654000000,1774321593656000000,292496
DiskQueryRelay.tasksRequested,1774321533654000000,1774321593656000000,1567
DiskQueryRelay.tasksExecuted,1774321533654000000,1774321593656000000,1567
lexer.JAVA.size.bytes,1774321533654000000,1774321593656000000,5549
writeAction.wait.ms,1774321533654000000,1774321593656000000,2
parser.JAVA.size.bytes,1774321533654000000,1774321593656000000,5549
DiskQueryRelay.taskExecutionTotalTimeUs,1774321533654000000,1774321593656000000,283217
parser.JAVA.time.ns,1774321533654000000,1774321593656000000,464792
VFS.contentStorage.recordsStoredCompressed,1774321533654000000,1774321593656000000,0
VFS.contentStorage.recordsDecompressionTimeUs,1774321533654000000,1774321593656000000,2343
VFS.contentStorage.recordsStoredSize,1774321533654000000,1774321593656000000,0
VFS.contentStorage.recordsRead,1774321533654000000,1774321593656000000,83
VFS.contentStorage.recordsUncompressedSize,1774321533654000000,1774321593656000000,0
VFS.contentStorage.recordsReadSize,1774321533654000000,1774321593656000000,1614540
VFS.contentStorage.recordsDeduplicated,1774321533654000000,1774321593656000000,0
VFS.fileByIdCache.hits,1774321533654000000,1774321593656000000,3
VFS.fileByIdCache.misses,1774321533654000000,1774321593656000000,1259
VFS.invertedFileNameIndex.requests,1774321533654000000,1774321593656000000,2
FileNameCache.queries,1774321533654000000,1774321593656000000,76416
VFS.fileChildByName,1774321533654000000,1774321593656000000,18261
FileNameCache.totalMisses,1774321533654000000,1774321593656000000,2624
VFS.contentStorage.recordsReadDecompressed,1774321533654000000,1774321593656000000,20
VFS.contentStorage.recordsStored,1774321533654000000,1774321593656000000,0
Indexes.entries.lookupDurationMaxMs,1774321593656000000,1774321653656000000,0.0
Indexing.writesQueuedMax,1774321593656000000,1774321653656000000,0
Indexes.entries.lookups,1774321593656000000,1774321653656000000,0
Indexes.stubs.lookups,1774321593656000000,1774321653656000000,0
Indexes.entries.lookupDurationAvgMs,1774321593656000000,1774321653656000000,0.0
Indexes.stubs.lookupDuration90PMs,1774321593656000000,1774321653656000000,0.0
IndexesFlusher.totalFlushesRetried,1774321593656000000,1774321653656000000,0
Indexing.cache.totalCacheEvicted,1774321593656000000,1774321653656000000,0
Indexing.writer_3.totalTimeSpentWritingMs,1774321593656000000,1774321653656000000,0
Indexes.stubs.lookupDurationMaxMs,1774321593656000000,1774321653656000000,0.0
Indexing.writesQueuedMin,1774321593656000000,1774321653656000000,0
Indexing.writer_2.totalTimeSpentWritingMs,1774321593656000000,1774321653656000000,0
Indexing.writer_0.totalTimeSpentWritingMs,1774321593656000000,1774321653656000000,0
Indexes.allKeys.lookups,1774321593656000000,1774321653656000000,0
Indexes.entries.lookupDuration90PMs,1774321593656000000,1774321653656000000,0.0
Indexing.writesQueuedAvg,1774321593656000000,1774321653656000000,0.0
IndexesFlusher.totalFlushingTimeUs,1774321593656000000,1774321653656000000,221606
Indexing.cache.totalCacheAccesses,1774321593656000000,1774321653656000000,0
Indexes.allKeys.lookupDurationAvgMs,1774321593656000000,1774321653656000000,0.0
Indexes.allKeys.lookupDuration90PMs,1774321593656000000,1774321653656000000,0.0
Indexing.totalTimeIndexersSleptMs,1774321593656000000,1774321653656000000,0
Indexing.cache.totalCacheMisses,1774321593656000000,1774321653656000000,0
Indexes.stubs.lookupDurationAvgMs,1774321593656000000,1774321653656000000,0.0
Indexes.allKeys.lookupDurationMaxMs,1774321593656000000,1774321653656000000,0.0
IndexesFlusher.totalFlushes,1774321593656000000,1774321653656000000,117
IndexesFlusher.totalContentionQuotaSpent,1774321593656000000,1774321653656000000,0
Indexing.writer_1.totalTimeSpentWritingMs,1774321593656000000,1774321653656000000,0
StreamlinedBlobStorage.totalLiveRecordsPayloadBytes,1774321593656000000,1774321653656000000,0
FilePageCacheLockFree.housekeeperTimeSpentMs,1774321593656000000,1774321653656000000,0
FilePageCacheLockFree.totalPagesWriteMs,1774321593656000000,1774321653656000000,0
FilePageCacheLockFree.totalBytesRead,1774321593656000000,1774321653656000000,0
FilePageCache.maxCacheSizeInBytes,1774321593656000000,1774321653656000000,363905024
FilePageCacheLockFree.totalPagesWritten,1774321593656000000,1774321653656000000,0
FileChannelInterruptsRetryer.totalRetriedAttempts,1774321593656000000,1774321653656000000,0
FilePageCacheLockFree.totalNativeBytesReclaimed,1774321593656000000,1774321653656000000,0
FilePageCache.totalPageLoadsUs,1774321593656000000,1774321653656000000,0
FilePageCache.maxRegisteredFiles,1774321593656000000,1774321653656000000,550
FilePageCacheLockFree.totalHeapBytesReclaimed,1774321593656000000,1774321653656000000,0
FilePageCache.uncachedFileAccess,1774321593656000000,1774321653656000000,0
MappedFileStorage.totalPagesMapped,1774321593656000000,1774321653656000000,22
FilePageCache.pageHits,1774321593656000000,1774321653656000000,0
FilePageCacheLockFree.heapBytesInUse,1774321593656000000,1774321653656000000,0
FilePageCacheLockFree.totalPagesAllocated,1774321593656000000,1774321653656000000,0
FilePageCacheLockFree.totalBytesRequested,1774321593656000000,1774321653656000000,0
FilePageCache.capacityInBytes,1774321593656000000,1774321653656000000,503316478
StreamlinedBlobStorage.totalLiveRecordsCapacityBytes,1774321593656000000,1774321653656000000,0
StreamlinedBlobStorage.recordsRelocated,1774321593656000000,1774321653656000000,0
FilePageCacheLockFree.totalPagesRequested,1774321593656000000,1774321653656000000,0
FilePageCacheLockFree.totalHeapBytesAllocated,1774321593656000000,1774321653656000000,0
FilePageCacheLockFree.housekeeperTurnsSkipped,1774321593656000000,1774321653656000000,0
FilePageCacheLockFree.totalClosedStoragesReclaimed,1774321593656000000,1774321653656000000,0
DirectByteBufferAllocator.reclaimed,1774321593656000000,1774321653656000000,0
FilePageCacheLockFree.totalNativeBytesAllocated,1774321593656000000,1774321653656000000,0
DirectByteBufferAllocator.disposed,1774321593656000000,1774321653656000000,0
FilePageCacheLockFree.totalBytesWritten,1774321593656000000,1774321653656000000,0
FilePageCache.totalPageDisposalsUs,1774321593656000000,1774321653656000000,0
FilePageCache.pageLoadsAboveSizeThreshold,1774321593656000000,1774321653656000000,0
DirectByteBufferAllocator.totalSizeOfBuffersCachedInBytes,1774321593656000000,1774321653656000000,0
StorageLockContext.competingThreads.max,1774321593656000000,1774321653656000000,0
StreamlinedBlobStorage.recordsDeleted,1774321593656000000,1774321653656000000,0
FilePageCache.disposedBuffers,1774321593656000000,1774321653656000000,0
FilePageCacheLockFree.totalPagesReadMs,1774321593656000000,1774321653656000000,0
DirectByteBufferAllocator.misses,1774321593656000000,1774321653656000000,0
FilePageCacheLockFree.totalPagesHandedOver,1774321593656000000,1774321653656000000,0
DirectByteBufferAllocator.hits,1774321593656000000,1774321653656000000,0
MappedFileStorage.totalTimeSpentOnMappingUs,1774321593656000000,1774321653656000000,17146
FilePageCacheLockFree.totalPageAllocationsWaited,1774321593656000000,1774321653656000000,0
FilePageCacheLockFree.totalPagesRequestsMs,1774321593656000000,1774321653656000000,0
FilePageCacheLockFree.nativeBytesInUse,1774321593656000000,1774321653656000000,0
StorageLockContext.competingThreads.avg,1774321593656000000,1774321653656000000,0.0
FilePageCacheLockFree.totalPagesReclaimed,1774321593656000000,1774321653656000000,0
FilePageCache.pageFastCacheHits,1774321593656000000,1774321653656000000,0
StreamlinedBlobStorage.recordsAllocated,1774321593656000000,1774321653656000000,0
MappedFileStorage.storages,1774321593656000000,1774321653656000000,16
FilePageCacheLockFree.housekeeperTurnsDone,1774321593656000000,1774321653656000000,0
FilePageCache.pageLoads,1774321593656000000,1774321653656000000,0
MappedFileStorage.totalBytesMapped,1774321593656000000,1774321653656000000,257163264
StorageLockContext.competingThreads.90P,1774321593656000000,1774321653656000000,0
DirectByteBufferAllocator.totalSizeOfBuffersAllocatedInBytes,1774321593656000000,1774321653656000000,363905024
workspaceModel.update.unloaded.entities.ms,1774321593656000000,1774321653656000000,0
workspaceModel.on.changed.ms,1774321593656000000,1774321653656000000,0
workspaceModel.workspaceFileIndexContributor.registerFileSets.ms,1774321593656000000,1774321653656000000,0
workspaceModel.cachedValueWithParameters.calculated.count,1774321593656000000,1774321653656000000,0
workspaceModel.workspaceFileIndexData.getFileInfo.ms,1774321593656000000,1774321653656000000,0
workspaceModel.updates.precise.ms,1774321593656000000,1774321653656000000,0
workspaceModel.workspaceFileIndexData.markDirty.ms,1774321593656000000,1774321653656000000,0
workspaceModel.workspaceFileIndexData.instances.count,1774321593656000000,1774321653656000000,0
workspaceModel.cachedValueWithParameters.total.get.count,1774321593656000000,1774321653656000000,0
workspaceModel.cachedValue.from.cache.count,1774321593656000000,1774321653656000000,0
workspaceModel.loading.total.ms,1774321593656000000,1774321653656000000,0
workspaceModel.pre.handlers.ms,1774321593656000000,1774321653656000000,0
workspaceModel.workspaceFileIndexData.processFileSets.ms,1774321593656000000,1774321653656000000,0
workspaceModel.entityStorageSnapshotImpl.instances.count,1774321593656000000,1774321653656000000,0
workspaceModel.cachedValueWithParameters.from.cache.count,1774321593656000000,1774321653656000000,0
workspaceModel.cachedValueWithParameters.clear.count,1774321593656000000,1774321653656000000,0
workspaceModel.updates.count,1774321593656000000,1774321653656000000,0
workspaceModel.updates.ms,1774321593656000000,1774321653656000000,0
workspaceModel.init.bridges.ms,1774321593656000000,1774321653656000000,0
workspaceModel.check.recursive.update.ms,1774321593656000000,1774321653656000000,0
workspaceModel.workspaceFileIndexData.visitFileSets.ms,1774321593656000000,1774321653656000000,0
workspaceModel.on.before.changed.ms,1774321593656000000,1774321653656000000,0
workspaceModel.workspaceFileIndexData.getDirectoriesByPackageName.ms,1774321593656000000,1774321653656000000,0
workspaceModel.to.snapshot.ms,1774321593656000000,1774321653656000000,0
workspaceModel.workspaceFileIndexData.onEntitiesChanged.ms,1774321593656000000,1774321653656000000,0
workspaceModel.initializing.ms,1774321593656000000,1774321653656000000,0
workspaceModel.cachedValue.total.get.count,1774321593656000000,1774321653656000000,0
workspaceModel.workspaceFileIndexData.getPackageName.ms,1774321593656000000,1774321653656000000,0
workspaceModel.cachedValue.calculated.count,1774321593656000000,1774321653656000000,0
workspaceModel.cachedValue.clear.count,1774321593656000000,1774321653656000000,0
workspaceModel.workspaceFileIndexData.updateDirtyEntities.ms,1774321593656000000,1774321653656000000,0
workspaceModel.collect.changes.ms,1774321593656000000,1774321653656000000,0
workspaceModel.full.replace.project.model.ms,1774321593656000000,1774321653656000000,0
workspaceModel.replace.project.model.ms,1774321593656000000,1774321653656000000,0
workspaceModel.workspaceFileIndexData.init.ms,1774321593656000000,1774321653656000000,0
workspaceModel.loading.from.cache.ms,1774321593656000000,1774321653656000000,0
FlushQueue.waitingTime90PNs,1774321593656000000,1774321653656000000,647167
AWTEventQueue.dispatchTimeMaxNs,1774321593656000000,1774321653656000000,19529727
FlushQueue.queueSizeAvg,1774321593656000000,1774321653656000000,0.4888888888888889
FlushQueue.executionTime90PNs,1774321593656000000,1774321653656000000,125951
FlushQueue.queueSize90P,1774321593656000000,1774321653656000000,2
FlushQueue.waitingTimeMaxNs,1774321593656000000,1774321653656000000,51642367
FlushQueue.executionTimeMaxNs,1774321593656000000,1774321653656000000,17563647
AWTEventQueue.eventsDispatched,1774321593656000000,1774321653656000000,373
FlushQueue.queueSizeMax,1774321593656000000,1774321653656000000,5
NonBlockingReadAction.failedExecutionTimeUs,1774321593656000000,1774321653656000000,0
AWTEventQueue.dispatchTimeAvgNs,1774321593656000000,1774321653656000000,407251.2386058981
FlushQueue.tasksExecuted,1774321593656000000,1774321653656000000,450
NonBlockingReadAction.finalizedExecutionTimeUs,1774321593656000000,1774321653656000000,4259
FlushQueue.waitingTimeAvgNs,1774321593656000000,1774321653656000000,832826.76
AWTEventQueue.dispatchTimeTotalNS,1774321593656000000,1774321653656000000,151941465
NonBlockingReadAction.finalizedExecutionsCount,1774321593656000000,1774321653656000000,3
AWTEventQueue.dispatchTime90PNs,1774321593656000000,1774321653656000000,411647
FlushQueue.executionTimeAvgNs,1774321593656000000,1774321653656000000,152216.42666666667
ReadAction.executionsCount,1774321593656000000,1774321653656000000,305
WriteAction.executionsCount,1774321593656000000,1774321653656000000,1
NonBlockingReadAction.failedExecutionsCount,1774321593656000000,1774321653656000000,0
JVM.GC.collections,1774321593656000000,1774321653656000000,0
OS.loadAverage,1774321593656000000,1774321653656000000,11.88232421875
JVM.usedNativeBytes,1774321593656000000,1774321653656000000,629559232
JVM.totalTimeToSafepointsMs,1774321593656000000,1774321653656000000,3
JVM.threadCount,1774321593656000000,1774321653656000000,88
JVM.maxThreadCount,1774321593656000000,1774321653656000000,146
JVM.newThreadsCount,1774321593656000000,1774321653656000000,32
JVM.totalSafepointCount,1774321593656000000,1774321653656000000,12
JVM.totalBytesAllocated,1774321593656000000,1774321653656000000,74414944
JVM.GC.collectionTimesMs,1774321593656000000,1774321653656000000,0
JVM.usedHeapBytes,1774321593656000000,1774321653656000000,710410240
JVM.maxHeapBytes,1774321593656000000,1774321653656000000,2147483648
JVM.totalTimeAtSafepointsMs,1774321593656000000,1774321653656000000,1
JVM.totalDirectByteBuffersBytes,1774321593656000000,1774321653656000000,365703093
JVM.totalCpuTimeMs,1774321593656000000,1774321653656000000,2113
cacheStateStorage.set.counter,1774321593656000000,1774321653656000000,0
cacheStateStorage.get.counter,1774321593656000000,1774321653656000000,0
cacheStateStorage.set.duration,1774321593656000000,1774321653656000000,0
cacheStateStorage.get.duration,1774321593656000000,1774321653656000000,0
jps.app.storage.content.writer.save.component.ms,1774321593656000000,1774321653656000000,0
workspaceModel.moduleManagerBridge.build.module.graph.ms,1774321593656000000,1774321653656000000,0
jps.app.storage.content.reader.load.component.ms,1774321593656000000,1774321653656000000,0
jps.modifiable.module.model.bridge.disposing.ms,1774321593656000000,1774321653656000000,0
jps.global.get.libraries.ms,1774321593656000000,1774321653656000000,0
workspaceModel.moduleManagerBridge.load.module.ms,1774321593656000000,1774321653656000000,0
jps.modifiable.module.model.bridge.new.module.ms,1774321593656000000,1774321653656000000,0
workspaceModel.delayed.project.synchronizer.sync.ms,1774321593656000000,1774321653656000000,0
workspaceModel.mutableEntityStorage.instances.count,1774321593656000000,1774321653656000000,0
jps.modifiable.module.model.bridge.renaming.ms,1774321593656000000,1774321653656000000,0
workspaceModel.moduleManagerBridge.create.module.instance.ms,1774321593656000000,1774321653656000000,0
workspaceModel.do.save.caches.ms,1774321593656000000,1774321653656000000,0
jps.global.get.library.by.name.ms,1774321593656000000,1774321653656000000,0
jps.module.iml.entities.serializer.save.entities.ms,1774321593656000000,1774321653656000000,0
jps.global.handle.before.change.events.ms,1774321593656000000,1774321653656000000,0
jps.load.initial.state.ms,1774321593656000000,1774321653656000000,0
workspaceModel.mutableEntityStorage.entities.ms,1774321593656000000,1774321653656000000,0
workspaceModel.mutableEntityStorage.remove.entity.ms,1774321593656000000,1774321653656000000,0
workspaceModel.mutableEntityStorage.put.entity.ms,1774321593656000000,1774321653656000000,0
workspaceModel.global.apply.state.to.project.ms,1774321593656000000,1774321653656000000,0
workspaceModel.moduleBridgeLoader.loading.modules.ms,1774321593656000000,1774321653656000000,0
jps.global.handle.changed.events.ms,1774321593656000000,1774321653656000000,0
jps.modifiable.module.model.bridge.load.module.ms,1774321593656000000,1774321653656000000,0
workspaceModel.global.updates.count,1774321593656000000,1774321653656000000,0
jps.facet.change.listener.process.change.events.ms,1774321593656000000,1774321653656000000,0
workspaceModel.mutableEntityStorage.has.same.entities.ms,1774321593656000000,1774321653656000000,0
jps.module.iml.entities.serializer.load.entities.ms,1774321593656000000,1774321653656000000,0
workspaceModel.moduleManagerBridge.new.nonPersistent.module.ms,1774321593656000000,1774321653656000000,0
workspaceModel.mutableEntityStorage.changeLog.addReplaceEventForRemovedChild.ms,1774321593656000000,1774321653656000000,0
jps.global.initialize.library.bridges.ms,1774321593656000000,1774321653656000000,0
jps.save.global.entities.ms,1774321593656000000,1774321653656000000,0
workspaceModel.mutableEntityStorage.apply.changes.from.ms,1774321593656000000,1774321653656000000,0
jps.project.serializers.load.ms,1774321593656000000,1774321653656000000,0
jps.global.get.library.ms,1774321593656000000,1774321653656000000,0
workspaceModel.orphan.listener.update.ms,1774321593656000000,1774321653656000000,0
jps.facet.change.listener.before.change.events.ms,1774321593656000000,1774321653656000000,0
workspaceModel.moduleManagerBridge.newModule.ms,1774321593656000000,1774321653656000000,0
jps.load.project.to.empty.storage.ms,1774321593656000000,1774321653656000000,0
workspaceModel.mutableEntityStorage.collect.changes.ms,1774321593656000000,1774321653656000000,0
workspaceModel.mutableEntityStorage.mutable.ext.mapping.ms,1774321593656000000,1774321653656000000,0
workspaceModel.mutableEntityStorage.referrers.ms,1774321593656000000,1774321653656000000,0
workspaceModel.mutableEntityStorage.replace.by.source.ms,1774321593656000000,1774321653656000000,0
workspaceModel.mutableEntityStorage.resolve.ms,1774321593656000000,1774321653656000000,0
workspaceModel.global.updates.ms,1774321593656000000,1774321653656000000,0
workspaceModel.mutableEntityStorage.entities.by.source.ms,1774321593656000000,1774321653656000000,0
workspaceModel.save.cache.to.file.ms,1774321593656000000,1774321653656000000,0
workspaceModel.load.cache.from.file.ms,1774321593656000000,1774321653656000000,0
jps.module.dependency.index.workspace.model.listener.on.changed.ms,1774321593656000000,1774321653656000000,0
workspaceModel.moduleManagerBridge.load.all.modules.ms,1774321593656000000,1774321653656000000,0
jps.facet.change.listener.init.bridge.ms,1774321593656000000,1774321653656000000,0
jps.global.initialize.library.bridges.after.loading.ms,1774321593656000000,1774321653656000000,0
workspaceModel.mutableEntityStorage.changeLog.addReplaceEventForRemovedParent.ms,1774321593656000000,1774321653656000000,0
workspaceModel.load.cache.metadata.from.file.ms,1774321593656000000,1774321653656000000,0
workspaceModel.mutableEntityStorage.to.snapshot.ms,1774321593656000000,1774321653656000000,0
jps.reload.project.entities.ms,1774321593656000000,1774321653656000000,0
jps.artifact.entities.serializer.load.entities.ms,1774321593656000000,1774321653656000000,0
workspaceModel.moduleManagerBridge.get.modules.ms,1774321593656000000,1774321653656000000,0
workspaceModel.moduleBridge.before.changed.ms,1774321593656000000,1774321653656000000,0
workspaceModel.sync.entities.ms,1774321593656000000,1774321653656000000,0
workspaceModel.mutableEntityStorage.changeLog.addReplaceEventForNewParent.ms,1774321593656000000,1774321653656000000,0
workspaceModel.moduleManagerBridge.set.unloadedModules.ms,1774321593656000000,1774321653656000000,0
jps.artifact.entities.serializer.save.entities.ms,1774321593656000000,1774321653656000000,0
workspaceModel.moduleBridge.facet.initialization.ms,1774321593656000000,1774321653656000000,0
workspaceModel.mutableEntityStorage.changeLog.addReplaceEventForNewChild.ms,1774321593656000000,1774321653656000000,0
jps.storage.jps.conf.reader.load.component.ms,1774321593656000000,1774321653656000000,0
jps.library.entities.serializer.save.entities.ms,1774321593656000000,1774321653656000000,0
jps.apply.loaded.storage.ms,1774321593656000000,1774321653656000000,0
jps.save.changed.project.entities.ms,1774321593656000000,1774321653656000000,0
workspaceModel.moduleBridge.update.option.ms,1774321593656000000,1774321653656000000,0
jps.project.serializers.save.ms,1774321593656000000,1774321653656000000,0
workspaceModel.global.apply.state.to.project.builder.ms,1774321593656000000,1774321653656000000,0
workspaceModel.mutableEntityStorage.mutable.vfurl.index.ms,1774321593656000000,1774321653656000000,0
jps.library.entities.serializer.load.entities.ms,1774321593656000000,1774321653656000000,0
workspaceModel.mutableEntityStorage.modify.entity.ms,1774321593656000000,1774321653656000000,0
workspaceModel.mutableEntityStorage.add.entity.ms,1774321593656000000,1774321653656000000,0
compiler.ArtifactModifiableModelBridge.dispose.ms,1774321593656000000,1774321653656000000,0
compiler.ArtifactManagerBridge.getArtifacts.ms,1774321593656000000,1774321653656000000,0
compiler.ArtifactModifiableModelBridge.findArtifacts.ms,1774321593656000000,1774321653656000000,0
compiler.ArtifactManagerBridge.initBridges.ms,1774321593656000000,1774321653656000000,0
compiler.ArtifactModifiableModelBridge.getArtifacts.ms,1774321593656000000,1774321653656000000,0
compiler.ArtifactManagerBridge.commit.ms,1774321593656000000,1774321653656000000,0
compiler.ArtifactManagerBridge.getArtifactsByType.ms,1774321593656000000,1774321653656000000,0
compiler.ArtifactManagerBridge.findArtifact.ms,1774321593656000000,1774321653656000000,0
compiler.ArtifactVirtualFileListener.filePathChanged.ms,1774321593656000000,1774321653656000000,0
compiler.ArtifactManagerBridge.addArtifact.ms,1774321593656000000,1774321653656000000,0
compiler.ArtifactModifiableModelBridge.addArtifact.ms,1774321593656000000,1774321653656000000,0
compiler.ArtifactManagerBridge.dropMappings.ms,1774321593656000000,1774321653656000000,0
compiler.ArtifactModifiableModelBridge.commit.ms,1774321593656000000,1774321653656000000,2
compiler.ArtifactModifiableModelBridge.getArtifactsByType.ms,1774321593656000000,1774321653656000000,0
compiler.ArtifactVirtualFileListener.propertyChanged.ms,1774321593656000000,1774321653656000000,0
writeAction.max.wait.ms,1774321593656000000,1774321653656000000,581
writeAction.median.wait.ms,1774321593656000000,1774321653656000000,1000
writeAction.count,1774321593656000000,1774321653656000000,1
DiskQueryRelay.taskWaitingTotalTimeUs,1774321593656000000,1774321653656000000,8071
DiskQueryRelay.tasksRequested,1774321593656000000,1774321653656000000,30
DiskQueryRelay.tasksExecuted,1774321593656000000,1774321653656000000,30
writeAction.wait.ms,1774321593656000000,1774321653656000000,0
DiskQueryRelay.taskExecutionTotalTimeUs,1774321593656000000,1774321653656000000,8029
VFS.contentStorage.recordsStoredCompressed,1774321593656000000,1774321653656000000,0
VFS.contentStorage.recordsDecompressionTimeUs,1774321593656000000,1774321653656000000,0
VFS.contentStorage.recordsStoredSize,1774321593656000000,1774321653656000000,0
VFS.contentStorage.recordsRead,1774321593656000000,1774321653656000000,0
VFS.contentStorage.recordsUncompressedSize,1774321593656000000,1774321653656000000,0
VFS.contentStorage.recordsReadSize,1774321593656000000,1774321653656000000,0
VFS.contentStorage.recordsDeduplicated,1774321593656000000,1774321653656000000,0
VFS.fileByIdCache.hits,1774321593656000000,1774321653656000000,0
VFS.fileByIdCache.misses,1774321593656000000,1774321653656000000,0
VFS.invertedFileNameIndex.requests,1774321593656000000,1774321653656000000,0
FileNameCache.queries,1774321593656000000,1774321653656000000,1088
VFS.fileChildByName,1774321593656000000,1774321653656000000,40
FileNameCache.totalMisses,1774321593656000000,1774321653656000000,0
VFS.contentStorage.recordsReadDecompressed,1774321593656000000,1774321653656000000,0
VFS.contentStorage.recordsStored,1774321593656000000,1774321653656000000,0
Indexes.entries.lookupDurationMaxMs,1774321653656000000,1774321698550000000,30.0
Indexing.writesQueuedMax,1774321653656000000,1774321698550000000,0
Indexes.entries.lookups,1774321653656000000,1774321698550000000,9
Indexes.stubs.lookups,1774321653656000000,1774321698550000000,0
Indexes.entries.lookupDurationAvgMs,1774321653656000000,1774321698550000000,7.0
Indexes.stubs.lookupDuration90PMs,1774321653656000000,1774321698550000000,0.0
Indexing.cache.totalCacheEvicted,1774321653656000000,1774321698550000000,150
Indexing.writer_3.totalTimeSpentWritingMs,1774321653656000000,1774321698550000000,0
Indexes.stubs.lookupDurationMaxMs,1774321653656000000,1774321698550000000,0.0
Indexing.writesQueuedMin,1774321653656000000,1774321698550000000,0
Indexing.writer_2.totalTimeSpentWritingMs,1774321653656000000,1774321698550000000,0
Indexing.writer_0.totalTimeSpentWritingMs,1774321653656000000,1774321698550000000,0
Indexes.allKeys.lookups,1774321653656000000,1774321698550000000,8
Indexes.entries.lookupDuration90PMs,1774321653656000000,1774321698550000000,30.0
Indexing.writesQueuedAvg,1774321653656000000,1774321698550000000,0.0
Indexing.cache.totalCacheAccesses,1774321653656000000,1774321698550000000,163
Indexes.allKeys.lookupDurationAvgMs,1774321653656000000,1774321698550000000,7.375
Indexes.allKeys.lookupDuration90PMs,1774321653656000000,1774321698550000000,28.0
Indexing.totalTimeIndexersSleptMs,1774321653656000000,1774321698550000000,0
Indexing.cache.totalCacheMisses,1774321653656000000,1774321698550000000,150
Indexes.stubs.lookupDurationAvgMs,1774321653656000000,1774321698550000000,0.0
Indexes.allKeys.lookupDurationMaxMs,1774321653656000000,1774321698550000000,28.0
Indexing.writer_1.totalTimeSpentWritingMs,1774321653656000000,1774321698550000000,0
FilePageCacheLockFree.housekeeperTimeSpentMs,1774321653656000000,1774321698550000000,0
FilePageCacheLockFree.totalPagesWriteMs,1774321653656000000,1774321698550000000,0
FilePageCacheLockFree.totalBytesRead,1774321653656000000,1774321698550000000,0
FilePageCache.maxCacheSizeInBytes,1774321653656000000,1774321698550000000,363905024
FilePageCacheLockFree.totalPagesWritten,1774321653656000000,1774321698550000000,0
FileChannelInterruptsRetryer.totalRetriedAttempts,1774321653656000000,1774321698550000000,0
FilePageCacheLockFree.totalNativeBytesReclaimed,1774321653656000000,1774321698550000000,0
FilePageCache.totalPageLoadsUs,1774321653656000000,1774321698550000000,0
FilePageCache.maxRegisteredFiles,1774321653656000000,1774321698550000000,550
FilePageCacheLockFree.totalHeapBytesReclaimed,1774321653656000000,1774321698550000000,0
FilePageCache.uncachedFileAccess,1774321653656000000,1774321698550000000,9
MappedFileStorage.totalPagesMapped,1774321653656000000,1774321698550000000,0
FilePageCache.pageHits,1774321653656000000,1774321698550000000,88
FilePageCacheLockFree.heapBytesInUse,1774321653656000000,1774321698550000000,0
FilePageCacheLockFree.totalPagesAllocated,1774321653656000000,1774321698550000000,0
FilePageCacheLockFree.totalBytesRequested,1774321653656000000,1774321698550000000,0
FilePageCache.capacityInBytes,1774321653656000000,1774321698550000000,503316478
FilePageCacheLockFree.totalPagesRequested,1774321653656000000,1774321698550000000,0
FilePageCacheLockFree.totalHeapBytesAllocated,1774321653656000000,1774321698550000000,0
FilePageCacheLockFree.housekeeperTurnsSkipped,1774321653656000000,1774321698550000000,0
FilePageCacheLockFree.totalClosedStoragesReclaimed,1774321653656000000,1774321698550000000,0
DirectByteBufferAllocator.reclaimed,1774321653656000000,1774321698550000000,46
FilePageCacheLockFree.totalNativeBytesAllocated,1774321653656000000,1774321698550000000,0
DirectByteBufferAllocator.disposed,1774321653656000000,1774321698550000000,301
FilePageCacheLockFree.totalBytesWritten,1774321653656000000,1774321698550000000,0
FilePageCache.totalPageDisposalsUs,1774321653656000000,1774321698550000000,0
FilePageCache.pageLoadsAboveSizeThreshold,1774321653656000000,1774321698550000000,0
DirectByteBufferAllocator.totalSizeOfBuffersCachedInBytes,1774321653656000000,1774321698550000000,41992192
StorageLockContext.competingThreads.max,1774321653656000000,1774321698550000000,1
FilePageCache.disposedBuffers,1774321653656000000,1774321698550000000,347
FilePageCacheLockFree.totalPagesReadMs,1774321653656000000,1774321698550000000,0
DirectByteBufferAllocator.misses,1774321653656000000,1774321698550000000,0
FilePageCacheLockFree.totalPagesHandedOver,1774321653656000000,1774321698550000000,0
DirectByteBufferAllocator.hits,1774321653656000000,1774321698550000000,0
MappedFileStorage.totalTimeSpentOnMappingUs,1774321653656000000,1774321698550000000,17146
FilePageCacheLockFree.totalPageAllocationsWaited,1774321653656000000,1774321698550000000,0
FilePageCacheLockFree.totalPagesRequestsMs,1774321653656000000,1774321698550000000,0
FilePageCacheLockFree.nativeBytesInUse,1774321653656000000,1774321698550000000,0
StorageLockContext.competingThreads.avg,1774321653656000000,1774321698550000000,0.011235955056179775
FilePageCacheLockFree.totalPagesReclaimed,1774321653656000000,1774321698550000000,0
FilePageCache.pageFastCacheHits,1774321653656000000,1774321698550000000,366
MappedFileStorage.storages,1774321653656000000,1774321698550000000,0
FilePageCacheLockFree.housekeeperTurnsDone,1774321653656000000,1774321698550000000,0
FilePageCache.pageLoads,1774321653656000000,1774321698550000000,0
MappedFileStorage.totalBytesMapped,1774321653656000000,1774321698550000000,0
StorageLockContext.competingThreads.90P,1774321653656000000,1774321698550000000,0
DirectByteBufferAllocator.totalSizeOfBuffersAllocatedInBytes,1774321653656000000,1774321698550000000,48283648
workspaceModel.update.unloaded.entities.ms,1774321653656000000,1774321698550000000,0
workspaceModel.on.changed.ms,1774321653656000000,1774321698550000000,18
workspaceModel.workspaceFileIndexContributor.registerFileSets.ms,1774321653656000000,1774321698550000000,0
workspaceModel.cachedValueWithParameters.calculated.count,1774321653656000000,1774321698550000000,0
workspaceModel.workspaceFileIndexData.getFileInfo.ms,1774321653656000000,1774321698550000000,8
workspaceModel.updates.precise.ms,1774321653656000000,1774321698550000000,3
workspaceModel.workspaceFileIndexData.markDirty.ms,1774321653656000000,1774321698550000000,0
workspaceModel.workspaceFileIndexData.instances.count,1774321653656000000,1774321698550000000,0
workspaceModel.cachedValueWithParameters.total.get.count,1774321653656000000,1774321698550000000,0
workspaceModel.cachedValue.from.cache.count,1774321653656000000,1774321698550000000,1165
workspaceModel.loading.total.ms,1774321653656000000,1774321698550000000,0
workspaceModel.pre.handlers.ms,1774321653656000000,1774321698550000000,0
workspaceModel.workspaceFileIndexData.processFileSets.ms,1774321653656000000,1774321698550000000,0
workspaceModel.entityStorageSnapshotImpl.instances.count,1774321653656000000,1774321698550000000,29
workspaceModel.cachedValueWithParameters.from.cache.count,1774321653656000000,1774321698550000000,0
workspaceModel.cachedValueWithParameters.clear.count,1774321653656000000,1774321698550000000,0
workspaceModel.updates.count,1774321653656000000,1774321698550000000,12
workspaceModel.updates.ms,1774321653656000000,1774321698550000000,32
workspaceModel.init.bridges.ms,1774321653656000000,1774321698550000000,1
workspaceModel.check.recursive.update.ms,1774321653656000000,1774321698550000000,1
workspaceModel.workspaceFileIndexData.visitFileSets.ms,1774321653656000000,1774321698550000000,1
workspaceModel.on.before.changed.ms,1774321653656000000,1774321698550000000,4
workspaceModel.workspaceFileIndexData.getDirectoriesByPackageName.ms,1774321653656000000,1774321698550000000,53
workspaceModel.to.snapshot.ms,1774321653656000000,1774321698550000000,2
workspaceModel.workspaceFileIndexData.onEntitiesChanged.ms,1774321653656000000,1774321698550000000,3
workspaceModel.initializing.ms,1774321653656000000,1774321698550000000,1
workspaceModel.cachedValue.total.get.count,1774321653656000000,1774321698550000000,1380
workspaceModel.workspaceFileIndexData.getPackageName.ms,1774321653656000000,1774321698550000000,5
workspaceModel.cachedValue.calculated.count,1774321653656000000,1774321698550000000,215
workspaceModel.cachedValue.clear.count,1774321653656000000,1774321698550000000,3
workspaceModel.workspaceFileIndexData.updateDirtyEntities.ms,1774321653656000000,1774321698550000000,0
workspaceModel.collect.changes.ms,1774321653656000000,1774321698550000000,0
workspaceModel.full.replace.project.model.ms,1774321653656000000,1774321698550000000,0
workspaceModel.replace.project.model.ms,1774321653656000000,1774321698550000000,2
workspaceModel.workspaceFileIndexData.init.ms,1774321653656000000,1774321698550000000,0
workspaceModel.loading.from.cache.ms,1774321653656000000,1774321698550000000,0
FlushQueue.waitingTime90PNs,1774321653656000000,1774321698550000000,8847359
AWTEventQueue.dispatchTimeMaxNs,1774321653656000000,1774321698550000000,175112191
FlushQueue.queueSizeAvg,1774321653656000000,1774321698550000000,4.258606213266163
FlushQueue.executionTime90PNs,1774321653656000000,1774321698550000000,284671
FlushQueue.queueSize90P,1774321653656000000,1774321698550000000,12
FlushQueue.waitingTimeMaxNs,1774321653656000000,1774321698550000000,170917887
FlushQueue.executionTimeMaxNs,1774321653656000000,1774321698550000000,174063615
AWTEventQueue.eventsDispatched,1774321653656000000,1774321698550000000,1249
FlushQueue.queueSizeMax,1774321653656000000,1774321698550000000,40
NonBlockingReadAction.failedExecutionTimeUs,1774321653656000000,1774321698550000000,2437
AWTEventQueue.dispatchTimeAvgNs,1774321653656000000,1774321698550000000,1813452.6885508406
FlushQueue.tasksExecuted,1774321653656000000,1774321698550000000,2382
NonBlockingReadAction.finalizedExecutionTimeUs,1774321653656000000,1774321698550000000,139564
FlushQueue.waitingTimeAvgNs,1774321653656000000,1774321698550000000,5231826.5491183875
AWTEventQueue.dispatchTimeTotalNS,1774321653656000000,1774321698550000000,2265039216
NonBlockingReadAction.finalizedExecutionsCount,1774321653656000000,1774321698550000000,52
AWTEventQueue.dispatchTime90PNs,1774321653656000000,1774321698550000000,3194879
FlushQueue.executionTimeAvgNs,1774321653656000000,1774321698550000000,419558.1200671705
ReadAction.executionsCount,1774321653656000000,1774321698550000000,13660
WriteAction.executionsCount,1774321653656000000,1774321698550000000,31
NonBlockingReadAction.failedExecutionsCount,1774321653656000000,1774321698550000000,1
JVM.GC.collections,1774321653656000000,1774321698550000000,2
OS.loadAverage,1774321653656000000,1774321698550000000,13.87646484375
JVM.usedNativeBytes,1774321653656000000,1774321698550000000,635550328
JVM.totalTimeToSafepointsMs,1774321653656000000,1774321698550000000,6
JVM.threadCount,1774321653656000000,1774321698550000000,61
JVM.maxThreadCount,1774321653656000000,1774321698550000000,146
JVM.newThreadsCount,1774321653656000000,1774321698550000000,25
JVM.totalSafepointCount,1774321653656000000,1774321698550000000,20
JVM.totalBytesAllocated,1774321653656000000,1774321698550000000,194777456
JVM.GC.collectionTimesMs,1774321653656000000,1774321698550000000,110
JVM.usedHeapBytes,1774321653656000000,1774321698550000000,558533840
JVM.maxHeapBytes,1774321653656000000,1774321698550000000,2147483648
JVM.totalTimeAtSafepointsMs,1774321653656000000,1774321698550000000,111
JVM.totalDirectByteBuffersBytes,1774321653656000000,1774321698550000000,49189438
JVM.totalCpuTimeMs,1774321653656000000,1774321698550000000,6573
cacheStateStorage.set.counter,1774321653656000000,1774321698550000000,4
cacheStateStorage.get.counter,1774321653656000000,1774321698550000000,57
cacheStateStorage.set.duration,1774321653656000000,1774321698550000000,1
cacheStateStorage.get.duration,1774321653656000000,1774321698550000000,122
jps.app.storage.content.writer.save.component.ms,1774321653656000000,1774321698550000000,2
workspaceModel.moduleManagerBridge.build.module.graph.ms,1774321653656000000,1774321698550000000,1
jps.app.storage.content.reader.load.component.ms,1774321653656000000,1774321698550000000,0
jps.modifiable.module.model.bridge.disposing.ms,1774321653656000000,1774321698550000000,0
jps.global.get.libraries.ms,1774321653656000000,1774321698550000000,0
workspaceModel.moduleManagerBridge.load.module.ms,1774321653656000000,1774321698550000000,0
jps.modifiable.module.model.bridge.new.module.ms,1774321653656000000,1774321698550000000,0
workspaceModel.delayed.project.synchronizer.sync.ms,1774321653656000000,1774321698550000000,0
workspaceModel.mutableEntityStorage.instances.count,1774321653656000000,1774321698550000000,42
jps.modifiable.module.model.bridge.renaming.ms,1774321653656000000,1774321698550000000,0
workspaceModel.moduleManagerBridge.create.module.instance.ms,1774321653656000000,1774321698550000000,0
workspaceModel.do.save.caches.ms,1774321653656000000,1774321698550000000,137
jps.global.get.library.by.name.ms,1774321653656000000,1774321698550000000,0
jps.module.iml.entities.serializer.save.entities.ms,1774321653656000000,1774321698550000000,0
jps.global.handle.before.change.events.ms,1774321653656000000,1774321698550000000,0
jps.load.initial.state.ms,1774321653656000000,1774321698550000000,0
workspaceModel.mutableEntityStorage.entities.ms,1774321653656000000,1774321698550000000,1
workspaceModel.mutableEntityStorage.remove.entity.ms,1774321653656000000,1774321698550000000,4
workspaceModel.mutableEntityStorage.put.entity.ms,1774321653656000000,1774321698550000000,1
workspaceModel.global.apply.state.to.project.ms,1774321653656000000,1774321698550000000,0
workspaceModel.moduleBridgeLoader.loading.modules.ms,1774321653656000000,1774321698550000000,0
jps.global.handle.changed.events.ms,1774321653656000000,1774321698550000000,0
jps.modifiable.module.model.bridge.load.module.ms,1774321653656000000,1774321698550000000,0
workspaceModel.global.updates.count,1774321653656000000,1774321698550000000,0
jps.facet.change.listener.process.change.events.ms,1774321653656000000,1774321698550000000,3
workspaceModel.mutableEntityStorage.has.same.entities.ms,1774321653656000000,1774321698550000000,0
jps.module.iml.entities.serializer.load.entities.ms,1774321653656000000,1774321698550000000,0
workspaceModel.moduleManagerBridge.new.nonPersistent.module.ms,1774321653656000000,1774321698550000000,0
workspaceModel.mutableEntityStorage.changeLog.addReplaceEventForRemovedChild.ms,1774321653656000000,1774321698550000000,1
jps.global.initialize.library.bridges.ms,1774321653656000000,1774321698550000000,0
jps.save.global.entities.ms,1774321653656000000,1774321698550000000,10
workspaceModel.mutableEntityStorage.apply.changes.from.ms,1774321653656000000,1774321698550000000,3
jps.project.serializers.load.ms,1774321653656000000,1774321698550000000,0
jps.global.get.library.ms,1774321653656000000,1774321698550000000,0
workspaceModel.orphan.listener.update.ms,1774321653656000000,1774321698550000000,3
jps.facet.change.listener.before.change.events.ms,1774321653656000000,1774321698550000000,0
workspaceModel.moduleManagerBridge.newModule.ms,1774321653656000000,1774321698550000000,0
jps.load.project.to.empty.storage.ms,1774321653656000000,1774321698550000000,0
workspaceModel.mutableEntityStorage.collect.changes.ms,1774321653656000000,1774321698550000000,0
workspaceModel.mutableEntityStorage.mutable.ext.mapping.ms,1774321653656000000,1774321698550000000,0
workspaceModel.mutableEntityStorage.referrers.ms,1774321653656000000,1774321698550000000,0
workspaceModel.mutableEntityStorage.replace.by.source.ms,1774321653656000000,1774321698550000000,0
workspaceModel.mutableEntityStorage.resolve.ms,1774321653656000000,1774321698550000000,0
workspaceModel.global.updates.ms,1774321653656000000,1774321698550000000,0
workspaceModel.mutableEntityStorage.entities.by.source.ms,1774321653656000000,1774321698550000000,4
workspaceModel.save.cache.to.file.ms,1774321653656000000,1774321698550000000,103
workspaceModel.load.cache.from.file.ms,1774321653656000000,1774321698550000000,0
jps.module.dependency.index.workspace.model.listener.on.changed.ms,1774321653656000000,1774321698550000000,2
workspaceModel.moduleManagerBridge.load.all.modules.ms,1774321653656000000,1774321698550000000,0
jps.facet.change.listener.init.bridge.ms,1774321653656000000,1774321698550000000,0
jps.global.initialize.library.bridges.after.loading.ms,1774321653656000000,1774321698550000000,0
workspaceModel.mutableEntityStorage.changeLog.addReplaceEventForRemovedParent.ms,1774321653656000000,1774321698550000000,0
workspaceModel.load.cache.metadata.from.file.ms,1774321653656000000,1774321698550000000,0
workspaceModel.mutableEntityStorage.to.snapshot.ms,1774321653656000000,1774321698550000000,3
jps.reload.project.entities.ms,1774321653656000000,1774321698550000000,0
jps.artifact.entities.serializer.load.entities.ms,1774321653656000000,1774321698550000000,0
workspaceModel.moduleManagerBridge.get.modules.ms,1774321653656000000,1774321698550000000,1
workspaceModel.moduleBridge.before.changed.ms,1774321653656000000,1774321698550000000,0
workspaceModel.sync.entities.ms,1774321653656000000,1774321698550000000,0
workspaceModel.mutableEntityStorage.changeLog.addReplaceEventForNewParent.ms,1774321653656000000,1774321698550000000,0
workspaceModel.moduleManagerBridge.set.unloadedModules.ms,1774321653656000000,1774321698550000000,0
jps.artifact.entities.serializer.save.entities.ms,1774321653656000000,1774321698550000000,0
workspaceModel.moduleBridge.facet.initialization.ms,1774321653656000000,1774321698550000000,0
workspaceModel.mutableEntityStorage.changeLog.addReplaceEventForNewChild.ms,1774321653656000000,1774321698550000000,0
jps.storage.jps.conf.reader.load.component.ms,1774321653656000000,1774321698550000000,0
jps.library.entities.serializer.save.entities.ms,1774321653656000000,1774321698550000000,0
jps.apply.loaded.storage.ms,1774321653656000000,1774321698550000000,0
jps.save.changed.project.entities.ms,1774321653656000000,1774321698550000000,1
workspaceModel.moduleBridge.update.option.ms,1774321653656000000,1774321698550000000,0
jps.project.serializers.save.ms,1774321653656000000,1774321698550000000,1
workspaceModel.global.apply.state.to.project.builder.ms,1774321653656000000,1774321698550000000,0
workspaceModel.mutableEntityStorage.mutable.vfurl.index.ms,1774321653656000000,1774321698550000000,0
jps.library.entities.serializer.load.entities.ms,1774321653656000000,1774321698550000000,0
workspaceModel.mutableEntityStorage.modify.entity.ms,1774321653656000000,1774321698550000000,10
workspaceModel.mutableEntityStorage.add.entity.ms,1774321653656000000,1774321698550000000,2
compiler.ArtifactModifiableModelBridge.dispose.ms,1774321653656000000,1774321698550000000,0
compiler.ArtifactManagerBridge.getArtifacts.ms,1774321653656000000,1774321698550000000,0
compiler.ArtifactModifiableModelBridge.findArtifacts.ms,1774321653656000000,1774321698550000000,0
compiler.ArtifactManagerBridge.initBridges.ms,1774321653656000000,1774321698550000000,0
compiler.ArtifactModifiableModelBridge.getArtifacts.ms,1774321653656000000,1774321698550000000,0
compiler.ArtifactManagerBridge.commit.ms,1774321653656000000,1774321698550000000,1
compiler.ArtifactManagerBridge.getArtifactsByType.ms,1774321653656000000,1774321698550000000,0
compiler.ArtifactManagerBridge.findArtifact.ms,1774321653656000000,1774321698550000000,0
compiler.ArtifactVirtualFileListener.filePathChanged.ms,1774321653656000000,1774321698550000000,0
compiler.ArtifactManagerBridge.addArtifact.ms,1774321653656000000,1774321698550000000,0
compiler.ArtifactModifiableModelBridge.addArtifact.ms,1774321653656000000,1774321698550000000,0
compiler.ArtifactManagerBridge.dropMappings.ms,1774321653656000000,1774321698550000000,0
compiler.ArtifactModifiableModelBridge.commit.ms,1774321653656000000,1774321698550000000,3
compiler.ArtifactModifiableModelBridge.getArtifactsByType.ms,1774321653656000000,1774321698550000000,0
compiler.ArtifactVirtualFileListener.propertyChanged.ms,1774321653656000000,1774321698550000000,0
writeAction.max.wait.ms,1774321653656000000,1774321698550000000,581
writeAction.median.wait.ms,1774321653656000000,1774321698550000000,1000
writeAction.count,1774321653656000000,1774321698550000000,31
DiskQueryRelay.taskWaitingTotalTimeUs,1774321653656000000,1774321698550000000,512003
DiskQueryRelay.tasksRequested,1774321653656000000,1774321698550000000,3897
DiskQueryRelay.tasksExecuted,1774321653656000000,1774321698550000000,3888
writeAction.wait.ms,1774321653656000000,1774321698550000000,3
DiskQueryRelay.taskExecutionTotalTimeUs,1774321653656000000,1774321698550000000,123496
VFS.fileByIdCache.hits,1774321653656000000,1774321698550000000,0
VFS.fileByIdCache.misses,1774321653656000000,1774321698550000000,627
VFS.invertedFileNameIndex.requests,1774321653656000000,1774321698550000000,0
VFS.fileChildByName,1774321653656000000,1774321698550000000,9760
