# OpenTelemetry Metrics report: .csv, 4 fields: 
# <metric name>, <period start, nanoseconds>, <period end, nanoseconds>, <metric value>
# See CsvMetricsExporter for details.
# 
# NAME, PERIOD_START_NANOS, PERIOD_END_NANOS, VALUE
JVM.GC.collections,1774281469799000000,1774281527786000000,60
JVM.totalCpuTimeMs,1774281469799000000,1774281527786000000,49265
OS.loadAverage,1774281469799000000,1774281527786000000,25.24658203125
JVM.usedNativeBytes,1774281469799000000,1774281527786000000,391700160
JVM.maxHeapBytes,1774281469799000000,1774281527786000000,2147483648
JVM.totalTimeAtSafepointsMs,1774281469799000000,1774281527786000000,379
JVM.totalBytesAllocated,1774281469799000000,1774281527786000000,4326187416
JVM.totalTimeToSafepointsMs,1774281469799000000,1774281527786000000,89
JVM.threadCount,1774281469799000000,1774281527786000000,120
JVM.GC.collectionTimesMs,1774281469799000000,1774281527786000000,360
JVM.totalSafepointCount,1774281469799000000,1774281527786000000,333
JVM.totalDirectByteBuffersBytes,1774281469799000000,1774281527786000000,307259279
JVM.maxThreadCount,1774281469799000000,1774281527786000000,125
JVM.usedHeapBytes,1774281469799000000,1774281527786000000,480247808
JVM.newThreadsCount,1774281469799000000,1774281527786000000,152
parser.XML.size.bytes,1774281469799000000,1774281527786000000,4021
writeAction.max.wait.ms,1774281469799000000,1774281527786000000,479
lexer.XML.size.bytes,1774281469799000000,1774281527786000000,4021
DiskQueryRelay.tasksExecuted,1774281469799000000,1774281527786000000,14568
parser.XML.time.ns,1774281469799000000,1774281527786000000,4802292
writeAction.count,1774281469799000000,1774281527786000000,41
DiskQueryRelay.taskWaitingTotalTimeUs,1774281469799000000,1774281527786000000,2751957
lexer.XML.time.ns,1774281469799000000,1774281527786000000,4369334
writeAction.median.wait.ms,1774281469799000000,1774281527786000000,300
DiskQueryRelay.taskExecutionTotalTimeUs,1774281469799000000,1774281527786000000,1160239
DiskQueryRelay.tasksRequested,1774281469799000000,1774281527786000000,14617
writeAction.wait.ms,1774281469799000000,1774281527786000000,823
workspaceModel.moduleManagerBridge.newModule.ms,1774281469799000000,1774281527786000000,0
workspaceModel.mutableEntityStorage.apply.changes.from.ms,1774281469799000000,1774281527786000000,16
jps.load.initial.state.ms,1774281469799000000,1774281527786000000,14
workspaceModel.moduleBridge.before.changed.ms,1774281469799000000,1774281527786000000,0
jps.reload.project.entities.ms,1774281469799000000,1774281527786000000,0
workspaceModel.mutableEntityStorage.mutable.vfurl.index.ms,1774281469799000000,1774281527786000000,0
jps.save.changed.project.entities.ms,1774281469799000000,1774281527786000000,0
jps.global.initialize.library.bridges.after.loading.ms,1774281469799000000,1774281527786000000,0
jps.global.get.library.by.name.ms,1774281469799000000,1774281527786000000,0
jps.global.handle.changed.events.ms,1774281469799000000,1774281527786000000,0
workspaceModel.mutableEntityStorage.instances.count,1774281469799000000,1774281527786000000,93
workspaceModel.global.apply.state.to.project.ms,1774281469799000000,1774281527786000000,25
workspaceModel.mutableEntityStorage.has.same.entities.ms,1774281469799000000,1774281527786000000,0
workspaceModel.mutableEntityStorage.entities.by.source.ms,1774281469799000000,1774281527786000000,0
jps.library.entities.serializer.load.entities.ms,1774281469799000000,1774281527786000000,16
workspaceModel.mutableEntityStorage.modify.entity.ms,1774281469799000000,1774281527786000000,5
workspaceModel.global.updates.count,1774281469799000000,1774281527786000000,1
jps.app.storage.content.reader.load.component.ms,1774281469799000000,1774281527786000000,3
workspaceModel.mutableEntityStorage.changeLog.addReplaceEventForRemovedChild.ms,1774281469799000000,1774281527786000000,0
jps.global.get.libraries.ms,1774281469799000000,1774281527786000000,1
workspaceModel.moduleManagerBridge.set.unloadedModules.ms,1774281469799000000,1774281527786000000,0
workspaceModel.mutableEntityStorage.add.entity.ms,1774281469799000000,1774281527786000000,31
workspaceModel.mutableEntityStorage.remove.entity.ms,1774281469799000000,1774281527786000000,0
workspaceModel.mutableEntityStorage.mutable.ext.mapping.ms,1774281469799000000,1774281527786000000,3
workspaceModel.moduleManagerBridge.create.module.instance.ms,1774281469799000000,1774281527786000000,0
jps.apply.loaded.storage.ms,1774281469799000000,1774281527786000000,10
workspaceModel.moduleManagerBridge.load.module.ms,1774281469799000000,1774281527786000000,0
workspaceModel.mutableEntityStorage.changeLog.addReplaceEventForNewChild.ms,1774281469799000000,1774281527786000000,1
workspaceModel.delayed.project.synchronizer.sync.ms,1774281469799000000,1774281527786000000,89
workspaceModel.mutableEntityStorage.entities.ms,1774281469799000000,1774281527786000000,1
workspaceModel.moduleBridge.update.option.ms,1774281469799000000,1774281527786000000,0
workspaceModel.mutableEntityStorage.changeLog.addReplaceEventForNewParent.ms,1774281469799000000,1774281527786000000,1
workspaceModel.mutableEntityStorage.to.snapshot.ms,1774281469799000000,1774281527786000000,1
jps.facet.change.listener.process.change.events.ms,1774281469799000000,1774281527786000000,0
jps.facet.change.listener.before.change.events.ms,1774281469799000000,1774281527786000000,0
workspaceModel.moduleManagerBridge.new.nonPersistent.module.ms,1774281469799000000,1774281527786000000,0
jps.global.handle.before.change.events.ms,1774281469799000000,1774281527786000000,0
jps.module.iml.entities.serializer.save.entities.ms,1774281469799000000,1774281527786000000,0
jps.module.dependency.index.workspace.model.listener.on.changed.ms,1774281469799000000,1774281527786000000,1
workspaceModel.mutableEntityStorage.collect.changes.ms,1774281469799000000,1774281527786000000,1
workspaceModel.load.cache.from.file.ms,1774281469799000000,1774281527786000000,264
jps.save.global.entities.ms,1774281469799000000,1774281527786000000,0
workspaceModel.moduleManagerBridge.load.all.modules.ms,1774281469799000000,1774281527786000000,106
workspaceModel.mutableEntityStorage.replace.by.source.ms,1774281469799000000,1774281527786000000,19
jps.global.get.library.ms,1774281469799000000,1774281527786000000,0
workspaceModel.moduleBridge.facet.initialization.ms,1774281469799000000,1774281527786000000,1
workspaceModel.global.updates.ms,1774281469799000000,1774281527786000000,8
workspaceModel.moduleManagerBridge.get.modules.ms,1774281469799000000,1774281527786000000,0
workspaceModel.sync.entities.ms,1774281469799000000,1774281527786000000,0
jps.global.initialize.library.bridges.ms,1774281469799000000,1774281527786000000,0
workspaceModel.mutableEntityStorage.changeLog.addReplaceEventForRemovedParent.ms,1774281469799000000,1774281527786000000,0
jps.artifact.entities.serializer.save.entities.ms,1774281469799000000,1774281527786000000,0
workspaceModel.global.apply.state.to.project.builder.ms,1774281469799000000,1774281527786000000,6
jps.facet.change.listener.init.bridge.ms,1774281469799000000,1774281527786000000,0
jps.load.project.to.empty.storage.ms,1774281469799000000,1774281527786000000,113
jps.artifact.entities.serializer.load.entities.ms,1774281469799000000,1774281527786000000,5
workspaceModel.do.save.caches.ms,1774281469799000000,1774281527786000000,193
workspaceModel.mutableEntityStorage.referrers.ms,1774281469799000000,1774281527786000000,0
jps.library.entities.serializer.save.entities.ms,1774281469799000000,1774281527786000000,0
jps.module.iml.entities.serializer.load.entities.ms,1774281469799000000,1774281527786000000,121
jps.project.serializers.load.ms,1774281469799000000,1774281527786000000,77
workspaceModel.mutableEntityStorage.put.entity.ms,1774281469799000000,1774281527786000000,8
workspaceModel.moduleBridgeLoader.loading.modules.ms,1774281469799000000,1774281527786000000,1194
workspaceModel.load.cache.metadata.from.file.ms,1774281469799000000,1774281527786000000,22
jps.storage.jps.conf.reader.load.component.ms,1774281469799000000,1774281527786000000,17
jps.project.serializers.save.ms,1774281469799000000,1774281527786000000,0
workspaceModel.mutableEntityStorage.resolve.ms,1774281469799000000,1774281527786000000,4
workspaceModel.moduleManagerBridge.build.module.graph.ms,1774281469799000000,1774281527786000000,6
workspaceModel.save.cache.to.file.ms,1774281469799000000,1774281527786000000,176
workspaceModel.orphan.listener.update.ms,1774281469799000000,1774281527786000000,4
compiler.ArtifactManagerBridge.initBridges.ms,1774281469799000000,1774281527786000000,0
compiler.ArtifactManagerBridge.commit.ms,1774281469799000000,1774281527786000000,0
compiler.ArtifactManagerBridge.getArtifactsByType.ms,1774281469799000000,1774281527786000000,1
compiler.ArtifactManagerBridge.addArtifact.ms,1774281469799000000,1774281527786000000,0
compiler.ArtifactManagerBridge.getArtifacts.ms,1774281469799000000,1774281527786000000,0
compiler.ArtifactManagerBridge.dropMappings.ms,1774281469799000000,1774281527786000000,0
compiler.ArtifactVirtualFileListener.propertyChanged.ms,1774281469799000000,1774281527786000000,0
compiler.ArtifactVirtualFileListener.filePathChanged.ms,1774281469799000000,1774281527786000000,0
compiler.ArtifactManagerBridge.findArtifact.ms,1774281469799000000,1774281527786000000,0
VFS.contentStorage.recordsReadDecompressed,1774281469799000000,1774281527786000000,0
VFS.contentStorage.recordsReadSize,1774281469799000000,1774281527786000000,54755
VFS.contentStorage.recordsStored,1774281469799000000,1774281527786000000,0
VFS.invertedFileNameIndex.requests,1774281469799000000,1774281527786000000,2
VFS.contentStorage.recordsDecompressionTimeUs,1774281469799000000,1774281527786000000,0
VFS.fileByIdCache.misses,1774281469799000000,1774281527786000000,358664
FileNameCache.totalMisses,1774281469799000000,1774281527786000000,723904
VFS.contentStorage.recordsRead,1774281469799000000,1774281527786000000,30
VFS.contentStorage.recordsUncompressedSize,1774281469799000000,1774281527786000000,0
VFS.contentStorage.recordsStoredSize,1774281469799000000,1774281527786000000,0
FileNameCache.queries,1774281469799000000,1774281527786000000,8497024
VFS.fileChildByName,1774281469799000000,1774281527786000000,187397
VFS.contentStorage.recordsStoredCompressed,1774281469799000000,1774281527786000000,0
VFS.fileByIdCache.hits,1774281469799000000,1774281527786000000,6
VFS.contentStorage.recordsDeduplicated,1774281469799000000,1774281527786000000,0
Indexing.cache.totalCacheEvicted,1774281469799000000,1774281527786000000,34197
Indexing.writesQueuedMax,1774281469799000000,1774281527786000000,0
IndexesFlusher.totalFlushesRetried,1774281469799000000,1774281527786000000,0
IndexesFlusher.totalContentionQuotaSpent,1774281469799000000,1774281527786000000,1
Indexing.totalTimeIndexersSleptMs,1774281469799000000,1774281527786000000,0
Indexes.entries.lookups,1774281469799000000,1774281527786000000,14
Indexing.writer_0.totalTimeSpentWritingMs,1774281469799000000,1774281527786000000,112
Indexes.stubs.lookupDuration90PMs,1774281469799000000,1774281527786000000,6.0
Indexing.cache.totalCacheMisses,1774281469799000000,1774281527786000000,34197
Indexing.cache.totalCacheAccesses,1774281469799000000,1774281527786000000,252956
Indexing.writesQueuedMin,1774281469799000000,1774281527786000000,0
Indexes.entries.lookupDuration90PMs,1774281469799000000,1774281527786000000,6.0
Indexes.entries.lookupDurationAvgMs,1774281469799000000,1774281527786000000,2.142857142857143
Indexes.stubs.lookupDurationMaxMs,1774281469799000000,1774281527786000000,263.0
Indexes.entries.lookupDurationMaxMs,1774281469799000000,1774281527786000000,14.0
Indexes.allKeys.lookups,1774281469799000000,1774281527786000000,4
IndexesFlusher.totalFlushes,1774281469799000000,1774281527786000000,55
Indexes.allKeys.lookupDurationAvgMs,1774281469799000000,1774281527786000000,1.0
Indexes.allKeys.lookupDuration90PMs,1774281469799000000,1774281527786000000,2.0
Indexing.writesQueuedAvg,1774281469799000000,1774281527786000000,0.0
Indexes.stubs.lookups,1774281469799000000,1774281527786000000,94
Indexes.allKeys.lookupDurationMaxMs,1774281469799000000,1774281527786000000,2.0
Indexes.stubs.lookupDurationAvgMs,1774281469799000000,1774281527786000000,6.617021276595745
Indexing.writer_3.totalTimeSpentWritingMs,1774281469799000000,1774281527786000000,14
Indexing.writer_2.totalTimeSpentWritingMs,1774281469799000000,1774281527786000000,97
Indexing.writer_1.totalTimeSpentWritingMs,1774281469799000000,1774281527786000000,16
IndexesFlusher.totalFlushingTimeUs,1774281469799000000,1774281527786000000,613351
cacheStateStorage.set.duration,1774281469799000000,1774281527786000000,6
cacheStateStorage.set.counter,1774281469799000000,1774281527786000000,6
cacheStateStorage.get.counter,1774281469799000000,1774281527786000000,144
cacheStateStorage.get.duration,1774281469799000000,1774281527786000000,308
DirectByteBufferAllocator.disposed,1774281469799000000,1774281527786000000,0
StorageLockContext.competingThreads.max,1774281469799000000,1774281527786000000,0
StorageLockContext.competingThreads.avg,1774281469799000000,1774281527786000000,0.0
StorageLockContext.competingThreads.90P,1774281469799000000,1774281527786000000,0
MappedFileStorage.storages,1774281469799000000,1774281527786000000,16
FilePageCacheLockFree.housekeeperTimeSpentMs,1774281469799000000,1774281527786000000,0
FilePageCacheLockFree.nativeBytesInUse,1774281469799000000,1774281527786000000,0
DirectByteBufferAllocator.reclaimed,1774281469799000000,1774281527786000000,3
DirectByteBufferAllocator.totalSizeOfBuffersAllocatedInBytes,1774281469799000000,1774281527786000000,303063040
FilePageCache.capacityInBytes,1774281469799000000,1774281527786000000,503316478
FilePageCache.uncachedFileAccess,1774281469799000000,1774281527786000000,153
FilePageCache.maxRegisteredFiles,1774281469799000000,1774281527786000000,544
MappedFileStorage.totalTimeSpentOnMappingUs,1774281469799000000,1774281527786000000,15434
MappedFileStorage.totalPagesMapped,1774281469799000000,1774281527786000000,21
DirectByteBufferAllocator.hits,1774281469799000000,1774281527786000000,3
DirectByteBufferAllocator.totalSizeOfBuffersCachedInBytes,1774281469799000000,1774281527786000000,0
FilePageCacheLockFree.totalBytesRead,1774281469799000000,1774281527786000000,0
FilePageCacheLockFree.heapBytesInUse,1774281469799000000,1774281527786000000,0
FilePageCacheLockFree.totalHeapBytesReclaimed,1774281469799000000,1774281527786000000,0
FilePageCacheLockFree.totalNativeBytesAllocated,1774281469799000000,1774281527786000000,0
StreamlinedBlobStorage.recordsRelocated,1774281469799000000,1774281527786000000,0
FilePageCache.maxCacheSizeInBytes,1774281469799000000,1774281527786000000,303063040
FilePageCacheLockFree.totalPagesRequestsMs,1774281469799000000,1774281527786000000,0
FilePageCache.pageFastCacheHits,1774281469799000000,1774281527786000000,57525
FilePageCacheLockFree.totalClosedStoragesReclaimed,1774281469799000000,1774281527786000000,0
FilePageCache.pageLoadsAboveSizeThreshold,1774281469799000000,1774281527786000000,0
FilePageCacheLockFree.totalPagesAllocated,1774281469799000000,1774281527786000000,0
FilePageCacheLockFree.totalNativeBytesReclaimed,1774281469799000000,1774281527786000000,0
DirectByteBufferAllocator.misses,1774281469799000000,1774281527786000000,292
FilePageCacheLockFree.totalHeapBytesAllocated,1774281469799000000,1774281527786000000,0
FilePageCacheLockFree.totalPagesRequested,1774281469799000000,1774281527786000000,0
FilePageCacheLockFree.housekeeperTurnsDone,1774281469799000000,1774281527786000000,0
FilePageCache.disposedBuffers,1774281469799000000,1774281527786000000,3
FilePageCacheLockFree.totalPageAllocationsWaited,1774281469799000000,1774281527786000000,0
FilePageCacheLockFree.totalPagesHandedOver,1774281469799000000,1774281527786000000,0
FilePageCacheLockFree.totalPagesReclaimed,1774281469799000000,1774281527786000000,0
FileChannelInterruptsRetryer.totalRetriedAttempts,1774281469799000000,1774281527786000000,0
MappedFileStorage.totalBytesMapped,1774281469799000000,1774281527786000000,252968960
FilePageCacheLockFree.totalBytesWritten,1774281469799000000,1774281527786000000,0
StreamlinedBlobStorage.recordsAllocated,1774281469799000000,1774281527786000000,549596
FilePageCacheLockFree.housekeeperTurnsSkipped,1774281469799000000,1774281527786000000,0
FilePageCacheLockFree.totalPagesWriteMs,1774281469799000000,1774281527786000000,0
StreamlinedBlobStorage.totalLiveRecordsPayloadBytes,1774281469799000000,1774281527786000000,8207455
FilePageCache.pageLoads,1774281469799000000,1774281527786000000,295
StreamlinedBlobStorage.recordsDeleted,1774281469799000000,1774281527786000000,27
FilePageCacheLockFree.totalPagesReadMs,1774281469799000000,1774281527786000000,0
FilePageCacheLockFree.totalBytesRequested,1774281469799000000,1774281527786000000,0
FilePageCache.pageHits,1774281469799000000,1774281527786000000,21482
StreamlinedBlobStorage.totalLiveRecordsCapacityBytes,1774281469799000000,1774281527786000000,40349132
FilePageCache.totalPageDisposalsUs,1774281469799000000,1774281527786000000,699
FilePageCacheLockFree.totalPagesWritten,1774281469799000000,1774281527786000000,0
FilePageCache.totalPageLoadsUs,1774281469799000000,1774281527786000000,199116
FlushQueue.executionTimeMaxNs,1774281469799000000,1774281527786000000,480247807
FlushQueue.waitingTimeMaxNs,1774281469799000000,1774281527786000000,914358271
WriteAction.executionsCount,1774281469799000000,1774281527786000000,41
AWTEventQueue.dispatchTimeMaxNs,1774281469799000000,1774281527786000000,480247807
NonBlockingReadAction.failedExecutionTimeUs,1774281469799000000,1774281527786000000,95499
NonBlockingReadAction.finalizedExecutionsCount,1774281469799000000,1774281527786000000,51
FlushQueue.waitingTime90PNs,1774281469799000000,1774281527786000000,329252863
FlushQueue.tasksExecuted,1774281469799000000,1774281527786000000,3566
AWTEventQueue.dispatchTimeTotalNS,1774281469799000000,1774281527786000000,7900566844
AWTEventQueue.dispatchTimeAvgNs,1774281469799000000,1774281527786000000,2966707.0521967704
AWTEventQueue.eventsDispatched,1774281469799000000,1774281527786000000,2663
FlushQueue.executionTime90PNs,1774281469799000000,1774281527786000000,407551
FlushQueue.waitingTimeAvgNs,1774281469799000000,1774281527786000000,1.2257035775883342E8
FlushQueue.queueSize90P,1774281469799000000,1774281527786000000,146
FlushQueue.executionTimeAvgNs,1774281469799000000,1774281527786000000,1072451.1093662367
FlushQueue.queueSizeMax,1774281469799000000,1774281527786000000,209
NonBlockingReadAction.finalizedExecutionTimeUs,1774281469799000000,1774281527786000000,695727
AWTEventQueue.dispatchTime90PNs,1774281469799000000,1774281527786000000,4882431
FlushQueue.queueSizeAvg,1774281469799000000,1774281527786000000,53.77874369040942
NonBlockingReadAction.failedExecutionsCount,1774281469799000000,1774281527786000000,4
ReadAction.executionsCount,1774281469799000000,1774281527786000000,998330
workspaceModel.workspaceFileIndexData.visitFileSets.ms,1774281469799000000,1774281527786000000,1
workspaceModel.cachedValue.from.cache.count,1774281469799000000,1774281527786000000,5792
workspaceModel.cachedValueWithParameters.from.cache.count,1774281469799000000,1774281527786000000,0
workspaceModel.to.snapshot.ms,1774281469799000000,1774281527786000000,0
workspaceModel.pre.handlers.ms,1774281469799000000,1774281527786000000,1
workspaceModel.workspaceFileIndexData.getPackageName.ms,1774281469799000000,1774281527786000000,8
workspaceModel.replace.project.model.ms,1774281469799000000,1774281527786000000,3
workspaceModel.updates.ms,1774281469799000000,1774281527786000000,54
workspaceModel.workspaceFileIndexData.updateDirtyEntities.ms,1774281469799000000,1774281527786000000,0
workspaceModel.on.before.changed.ms,1774281469799000000,1774281527786000000,19
workspaceModel.full.replace.project.model.ms,1774281469799000000,1774281527786000000,1
workspaceModel.updates.precise.ms,1774281469799000000,1774281527786000000,15
workspaceModel.workspaceFileIndexContributor.registerFileSets.ms,1774281469799000000,1774281527786000000,203
workspaceModel.cachedValue.total.get.count,1774281469799000000,1774281527786000000,6202
workspaceModel.loading.from.cache.ms,1774281469799000000,1774281527786000000,258
workspaceModel.cachedValueWithParameters.clear.count,1774281469799000000,1774281527786000000,0
workspaceModel.cachedValueWithParameters.calculated.count,1774281469799000000,1774281527786000000,0
workspaceModel.on.changed.ms,1774281469799000000,1774281527786000000,19
workspaceModel.workspaceFileIndexData.markDirty.ms,1774281469799000000,1774281527786000000,0
workspaceModel.cachedValue.clear.count,1774281469799000000,1774281527786000000,0
workspaceModel.cachedValueWithParameters.total.get.count,1774281469799000000,1774281527786000000,0
workspaceModel.cachedValue.calculated.count,1774281469799000000,1774281527786000000,410
workspaceModel.entityStorageSnapshotImpl.instances.count,1774281469799000000,1774281527786000000,45
workspaceModel.initializing.ms,1774281469799000000,1774281527786000000,4
workspaceModel.workspaceFileIndexData.getDirectoriesByPackageName.ms,1774281469799000000,1774281527786000000,335
workspaceModel.workspaceFileIndexData.onEntitiesChanged.ms,1774281469799000000,1774281527786000000,0
workspaceModel.update.unloaded.entities.ms,1774281469799000000,1774281527786000000,0
workspaceModel.workspaceFileIndexData.processFileSets.ms,1774281469799000000,1774281527786000000,0
workspaceModel.loading.total.ms,1774281469799000000,1774281527786000000,267
workspaceModel.check.recursive.update.ms,1774281469799000000,1774281527786000000,9
workspaceModel.workspaceFileIndexData.getFileInfo.ms,1774281469799000000,1774281527786000000,1836
workspaceModel.updates.count,1774281469799000000,1774281527786000000,13
workspaceModel.init.bridges.ms,1774281469799000000,1774281527786000000,4
workspaceModel.workspaceFileIndexData.instances.count,1774281469799000000,1774281527786000000,2
workspaceModel.collect.changes.ms,1774281469799000000,1774281527786000000,0
workspaceModel.workspaceFileIndexData.init.ms,1774281469799000000,1774281527786000000,108
JVM.GC.collections,1774281527786000000,1774281587782000000,18
JVM.totalCpuTimeMs,1774281527786000000,1774281587782000000,38955
OS.loadAverage,1774281527786000000,1774281587782000000,25.353515625
JVM.usedNativeBytes,1774281527786000000,1774281587782000000,506860432
JVM.maxHeapBytes,1774281527786000000,1774281587782000000,2147483648
JVM.totalTimeAtSafepointsMs,1774281527786000000,1774281587782000000,288
JVM.totalBytesAllocated,1774281527786000000,1774281587782000000,3003841336
JVM.totalTimeToSafepointsMs,1774281527786000000,1774281587782000000,16
JVM.threadCount,1774281527786000000,1774281587782000000,92
JVM.GC.collectionTimesMs,1774281527786000000,1774281587782000000,274
JVM.totalSafepointCount,1774281527786000000,1774281587782000000,169
JVM.totalDirectByteBuffersBytes,1774281527786000000,1774281587782000000,362723034
JVM.maxThreadCount,1774281527786000000,1774281587782000000,125
JVM.usedHeapBytes,1774281527786000000,1774281587782000000,668536752
JVM.newThreadsCount,1774281527786000000,1774281587782000000,56
writeAction.max.wait.ms,1774281527786000000,1774281587782000000,479
DiskQueryRelay.tasksExecuted,1774281527786000000,1774281587782000000,111
writeAction.count,1774281527786000000,1774281587782000000,24
DiskQueryRelay.taskWaitingTotalTimeUs,1774281527786000000,1774281587782000000,37802
writeAction.median.wait.ms,1774281527786000000,1774281587782000000,800
DiskQueryRelay.taskExecutionTotalTimeUs,1774281527786000000,1774281587782000000,37538
DiskQueryRelay.tasksRequested,1774281527786000000,1774281587782000000,111
writeAction.wait.ms,1774281527786000000,1774281587782000000,25
workspaceModel.moduleManagerBridge.newModule.ms,1774281527786000000,1774281587782000000,0
workspaceModel.mutableEntityStorage.apply.changes.from.ms,1774281527786000000,1774281587782000000,0
jps.load.initial.state.ms,1774281527786000000,1774281587782000000,0
workspaceModel.moduleBridge.before.changed.ms,1774281527786000000,1774281587782000000,0
jps.reload.project.entities.ms,1774281527786000000,1774281587782000000,0
workspaceModel.mutableEntityStorage.mutable.vfurl.index.ms,1774281527786000000,1774281587782000000,0
jps.save.changed.project.entities.ms,1774281527786000000,1774281587782000000,0
jps.global.initialize.library.bridges.after.loading.ms,1774281527786000000,1774281587782000000,0
jps.global.get.library.by.name.ms,1774281527786000000,1774281587782000000,0
jps.global.handle.changed.events.ms,1774281527786000000,1774281587782000000,0
workspaceModel.mutableEntityStorage.instances.count,1774281527786000000,1774281587782000000,3
workspaceModel.global.apply.state.to.project.ms,1774281527786000000,1774281587782000000,0
workspaceModel.mutableEntityStorage.has.same.entities.ms,1774281527786000000,1774281587782000000,0
workspaceModel.mutableEntityStorage.entities.by.source.ms,1774281527786000000,1774281587782000000,0
jps.library.entities.serializer.load.entities.ms,1774281527786000000,1774281587782000000,0
workspaceModel.mutableEntityStorage.modify.entity.ms,1774281527786000000,1774281587782000000,0
workspaceModel.global.updates.count,1774281527786000000,1774281587782000000,0
jps.app.storage.content.reader.load.component.ms,1774281527786000000,1774281587782000000,0
workspaceModel.mutableEntityStorage.changeLog.addReplaceEventForRemovedChild.ms,1774281527786000000,1774281587782000000,0
jps.global.get.libraries.ms,1774281527786000000,1774281587782000000,0
workspaceModel.moduleManagerBridge.set.unloadedModules.ms,1774281527786000000,1774281587782000000,0
workspaceModel.mutableEntityStorage.add.entity.ms,1774281527786000000,1774281587782000000,0
workspaceModel.mutableEntityStorage.remove.entity.ms,1774281527786000000,1774281587782000000,0
workspaceModel.mutableEntityStorage.mutable.ext.mapping.ms,1774281527786000000,1774281587782000000,0
workspaceModel.moduleManagerBridge.create.module.instance.ms,1774281527786000000,1774281587782000000,0
jps.apply.loaded.storage.ms,1774281527786000000,1774281587782000000,77071
workspaceModel.moduleManagerBridge.load.module.ms,1774281527786000000,1774281587782000000,0
workspaceModel.mutableEntityStorage.changeLog.addReplaceEventForNewChild.ms,1774281527786000000,1774281587782000000,0
workspaceModel.delayed.project.synchronizer.sync.ms,1774281527786000000,1774281587782000000,77109
workspaceModel.mutableEntityStorage.entities.ms,1774281527786000000,1774281587782000000,0
workspaceModel.moduleBridge.update.option.ms,1774281527786000000,1774281587782000000,0
workspaceModel.mutableEntityStorage.changeLog.addReplaceEventForNewParent.ms,1774281527786000000,1774281587782000000,0
workspaceModel.mutableEntityStorage.to.snapshot.ms,1774281527786000000,1774281587782000000,0
jps.facet.change.listener.process.change.events.ms,1774281527786000000,1774281587782000000,0
jps.facet.change.listener.before.change.events.ms,1774281527786000000,1774281587782000000,0
workspaceModel.moduleManagerBridge.new.nonPersistent.module.ms,1774281527786000000,1774281587782000000,0
jps.global.handle.before.change.events.ms,1774281527786000000,1774281587782000000,0
jps.module.iml.entities.serializer.save.entities.ms,1774281527786000000,1774281587782000000,0
jps.module.dependency.index.workspace.model.listener.on.changed.ms,1774281527786000000,1774281587782000000,0
workspaceModel.mutableEntityStorage.collect.changes.ms,1774281527786000000,1774281587782000000,0
workspaceModel.load.cache.from.file.ms,1774281527786000000,1774281587782000000,0
jps.save.global.entities.ms,1774281527786000000,1774281587782000000,0
workspaceModel.moduleManagerBridge.load.all.modules.ms,1774281527786000000,1774281587782000000,0
workspaceModel.mutableEntityStorage.replace.by.source.ms,1774281527786000000,1774281587782000000,0
jps.global.get.library.ms,1774281527786000000,1774281587782000000,0
workspaceModel.moduleBridge.facet.initialization.ms,1774281527786000000,1774281587782000000,0
workspaceModel.global.updates.ms,1774281527786000000,1774281587782000000,0
workspaceModel.moduleManagerBridge.get.modules.ms,1774281527786000000,1774281587782000000,0
workspaceModel.sync.entities.ms,1774281527786000000,1774281587782000000,0
jps.global.initialize.library.bridges.ms,1774281527786000000,1774281587782000000,0
workspaceModel.mutableEntityStorage.changeLog.addReplaceEventForRemovedParent.ms,1774281527786000000,1774281587782000000,0
jps.artifact.entities.serializer.save.entities.ms,1774281527786000000,1774281587782000000,0
workspaceModel.global.apply.state.to.project.builder.ms,1774281527786000000,1774281587782000000,0
jps.facet.change.listener.init.bridge.ms,1774281527786000000,1774281587782000000,0
jps.load.project.to.empty.storage.ms,1774281527786000000,1774281587782000000,0
jps.artifact.entities.serializer.load.entities.ms,1774281527786000000,1774281587782000000,0
workspaceModel.do.save.caches.ms,1774281527786000000,1774281587782000000,70
workspaceModel.mutableEntityStorage.referrers.ms,1774281527786000000,1774281587782000000,0
jps.library.entities.serializer.save.entities.ms,1774281527786000000,1774281587782000000,0
jps.module.iml.entities.serializer.load.entities.ms,1774281527786000000,1774281587782000000,0
jps.project.serializers.load.ms,1774281527786000000,1774281587782000000,0
workspaceModel.mutableEntityStorage.put.entity.ms,1774281527786000000,1774281587782000000,0
workspaceModel.moduleBridgeLoader.loading.modules.ms,1774281527786000000,1774281587782000000,0
workspaceModel.load.cache.metadata.from.file.ms,1774281527786000000,1774281587782000000,0
jps.storage.jps.conf.reader.load.component.ms,1774281527786000000,1774281587782000000,0
jps.project.serializers.save.ms,1774281527786000000,1774281587782000000,0
workspaceModel.mutableEntityStorage.resolve.ms,1774281527786000000,1774281587782000000,0
workspaceModel.moduleManagerBridge.build.module.graph.ms,1774281527786000000,1774281587782000000,0
workspaceModel.save.cache.to.file.ms,1774281527786000000,1774281587782000000,60
workspaceModel.orphan.listener.update.ms,1774281527786000000,1774281587782000000,0
compiler.ArtifactManagerBridge.initBridges.ms,1774281527786000000,1774281587782000000,0
compiler.ArtifactManagerBridge.commit.ms,1774281527786000000,1774281587782000000,0
compiler.ArtifactManagerBridge.getArtifactsByType.ms,1774281527786000000,1774281587782000000,0
compiler.ArtifactManagerBridge.addArtifact.ms,1774281527786000000,1774281587782000000,0
compiler.ArtifactManagerBridge.getArtifacts.ms,1774281527786000000,1774281587782000000,0
compiler.ArtifactManagerBridge.dropMappings.ms,1774281527786000000,1774281587782000000,0
compiler.ArtifactVirtualFileListener.propertyChanged.ms,1774281527786000000,1774281587782000000,0
compiler.ArtifactVirtualFileListener.filePathChanged.ms,1774281527786000000,1774281587782000000,0
compiler.ArtifactManagerBridge.findArtifact.ms,1774281527786000000,1774281587782000000,0
VFS.contentStorage.recordsReadDecompressed,1774281527786000000,1774281587782000000,5
VFS.contentStorage.recordsReadSize,1774281527786000000,1774281587782000000,124176
VFS.contentStorage.recordsStored,1774281527786000000,1774281587782000000,30
VFS.invertedFileNameIndex.requests,1774281527786000000,1774281587782000000,66755
VFS.contentStorage.recordsDecompressionTimeUs,1774281527786000000,1774281587782000000,101
VFS.fileByIdCache.misses,1774281527786000000,1774281587782000000,150092
FileNameCache.totalMisses,1774281527786000000,1774281587782000000,2560
VFS.contentStorage.recordsRead,1774281527786000000,1774281587782000000,33
VFS.contentStorage.recordsUncompressedSize,1774281527786000000,1774281587782000000,156911
VFS.contentStorage.recordsStoredSize,1774281527786000000,1774281587782000000,122388
FileNameCache.queries,1774281527786000000,1774281587782000000,32960
VFS.fileChildByName,1774281527786000000,1774281587782000000,12012
VFS.contentStorage.recordsStoredCompressed,1774281527786000000,1774281587782000000,6
VFS.fileByIdCache.hits,1774281527786000000,1774281587782000000,993
VFS.contentStorage.recordsDeduplicated,1774281527786000000,1774281587782000000,1
Indexing.cache.totalCacheEvicted,1774281527786000000,1774281587782000000,50786
Indexing.writesQueuedMax,1774281527786000000,1774281587782000000,0
IndexesFlusher.totalFlushesRetried,1774281527786000000,1774281587782000000,2
IndexesFlusher.totalContentionQuotaSpent,1774281527786000000,1774281587782000000,46
Indexing.totalTimeIndexersSleptMs,1774281527786000000,1774281587782000000,0
Indexes.entries.lookups,1774281527786000000,1774281587782000000,64
Indexing.writer_0.totalTimeSpentWritingMs,1774281527786000000,1774281587782000000,0
Indexes.stubs.lookupDuration90PMs,1774281527786000000,1774281587782000000,0.0
Indexing.cache.totalCacheMisses,1774281527786000000,1774281587782000000,50786
Indexing.cache.totalCacheAccesses,1774281527786000000,1774281587782000000,71331
Indexing.writesQueuedMin,1774281527786000000,1774281587782000000,0
Indexes.entries.lookupDuration90PMs,1774281527786000000,1774281587782000000,42.0
Indexes.entries.lookupDurationAvgMs,1774281527786000000,1774281587782000000,8.90625
Indexes.stubs.lookupDurationMaxMs,1774281527786000000,1774281587782000000,11.0
Indexes.entries.lookupDurationMaxMs,1774281527786000000,1774281587782000000,85.0
Indexes.allKeys.lookups,1774281527786000000,1774281587782000000,17
IndexesFlusher.totalFlushes,1774281527786000000,1774281587782000000,84
Indexes.allKeys.lookupDurationAvgMs,1774281527786000000,1774281587782000000,1.1764705882352942
Indexes.allKeys.lookupDuration90PMs,1774281527786000000,1774281587782000000,6.0
Indexing.writesQueuedAvg,1774281527786000000,1774281587782000000,0.0
Indexes.stubs.lookups,1774281527786000000,1774281587782000000,71261
Indexes.allKeys.lookupDurationMaxMs,1774281527786000000,1774281587782000000,8.0
Indexes.stubs.lookupDurationAvgMs,1774281527786000000,1774281587782000000,0.018523456027841317
Indexing.writer_3.totalTimeSpentWritingMs,1774281527786000000,1774281587782000000,0
Indexing.writer_2.totalTimeSpentWritingMs,1774281527786000000,1774281587782000000,0
Indexing.writer_1.totalTimeSpentWritingMs,1774281527786000000,1774281587782000000,0
IndexesFlusher.totalFlushingTimeUs,1774281527786000000,1774281587782000000,473182
cacheStateStorage.set.duration,1774281527786000000,1774281587782000000,0
cacheStateStorage.set.counter,1774281527786000000,1774281587782000000,0
cacheStateStorage.get.counter,1774281527786000000,1774281587782000000,3
cacheStateStorage.get.duration,1774281527786000000,1774281587782000000,6
DirectByteBufferAllocator.disposed,1774281527786000000,1774281587782000000,0
StorageLockContext.competingThreads.max,1774281527786000000,1774281587782000000,9
StorageLockContext.competingThreads.avg,1774281527786000000,1774281587782000000,0.09243697478991597
StorageLockContext.competingThreads.90P,1774281527786000000,1774281587782000000,0
MappedFileStorage.storages,1774281527786000000,1774281587782000000,16
FilePageCacheLockFree.housekeeperTimeSpentMs,1774281527786000000,1774281587782000000,0
FilePageCacheLockFree.nativeBytesInUse,1774281527786000000,1774281587782000000,0
DirectByteBufferAllocator.reclaimed,1774281527786000000,1774281587782000000,0
DirectByteBufferAllocator.totalSizeOfBuffersAllocatedInBytes,1774281527786000000,1774281587782000000,359686144
FilePageCache.capacityInBytes,1774281527786000000,1774281587782000000,503316478
FilePageCache.uncachedFileAccess,1774281527786000000,1774281587782000000,114
FilePageCache.maxRegisteredFiles,1774281527786000000,1774281587782000000,559
MappedFileStorage.totalTimeSpentOnMappingUs,1774281527786000000,1774281587782000000,15434
MappedFileStorage.totalPagesMapped,1774281527786000000,1774281587782000000,21
DirectByteBufferAllocator.hits,1774281527786000000,1774281587782000000,0
DirectByteBufferAllocator.totalSizeOfBuffersCachedInBytes,1774281527786000000,1774281587782000000,0
FilePageCacheLockFree.totalBytesRead,1774281527786000000,1774281587782000000,0
FilePageCacheLockFree.heapBytesInUse,1774281527786000000,1774281587782000000,0
FilePageCacheLockFree.totalHeapBytesReclaimed,1774281527786000000,1774281587782000000,0
FilePageCacheLockFree.totalNativeBytesAllocated,1774281527786000000,1774281587782000000,0
StreamlinedBlobStorage.recordsRelocated,1774281527786000000,1774281587782000000,0
FilePageCache.maxCacheSizeInBytes,1774281527786000000,1774281587782000000,359686144
FilePageCacheLockFree.totalPagesRequestsMs,1774281527786000000,1774281587782000000,0
FilePageCache.pageFastCacheHits,1774281527786000000,1774281587782000000,58011
FilePageCacheLockFree.totalClosedStoragesReclaimed,1774281527786000000,1774281587782000000,0
FilePageCache.pageLoadsAboveSizeThreshold,1774281527786000000,1774281587782000000,0
FilePageCacheLockFree.totalPagesAllocated,1774281527786000000,1774281587782000000,0
FilePageCacheLockFree.totalNativeBytesReclaimed,1774281527786000000,1774281587782000000,0
DirectByteBufferAllocator.misses,1774281527786000000,1774281587782000000,54
FilePageCacheLockFree.totalHeapBytesAllocated,1774281527786000000,1774281587782000000,0
FilePageCacheLockFree.totalPagesRequested,1774281527786000000,1774281587782000000,0
FilePageCacheLockFree.housekeeperTurnsDone,1774281527786000000,1774281587782000000,0
FilePageCache.disposedBuffers,1774281527786000000,1774281587782000000,0
FilePageCacheLockFree.totalPageAllocationsWaited,1774281527786000000,1774281587782000000,0
FilePageCacheLockFree.totalPagesHandedOver,1774281527786000000,1774281587782000000,0
FilePageCacheLockFree.totalPagesReclaimed,1774281527786000000,1774281587782000000,0
FileChannelInterruptsRetryer.totalRetriedAttempts,1774281527786000000,1774281587782000000,0
MappedFileStorage.totalBytesMapped,1774281527786000000,1774281587782000000,252968960
FilePageCacheLockFree.totalBytesWritten,1774281527786000000,1774281587782000000,0
StreamlinedBlobStorage.recordsAllocated,1774281527786000000,1774281587782000000,0
FilePageCacheLockFree.housekeeperTurnsSkipped,1774281527786000000,1774281587782000000,0
FilePageCacheLockFree.totalPagesWriteMs,1774281527786000000,1774281587782000000,0
StreamlinedBlobStorage.totalLiveRecordsPayloadBytes,1774281527786000000,1774281587782000000,0
FilePageCache.pageLoads,1774281527786000000,1774281587782000000,54
StreamlinedBlobStorage.recordsDeleted,1774281527786000000,1774281587782000000,0
FilePageCacheLockFree.totalPagesReadMs,1774281527786000000,1774281587782000000,0
FilePageCacheLockFree.totalBytesRequested,1774281527786000000,1774281587782000000,0
FilePageCache.pageHits,1774281527786000000,1774281587782000000,4144
StreamlinedBlobStorage.totalLiveRecordsCapacityBytes,1774281527786000000,1774281587782000000,0
FilePageCache.totalPageDisposalsUs,1774281527786000000,1774281587782000000,60
FilePageCacheLockFree.totalPagesWritten,1774281527786000000,1774281587782000000,0
FilePageCache.totalPageLoadsUs,1774281527786000000,1774281587782000000,28164
FlushQueue.executionTimeMaxNs,1774281527786000000,1774281587782000000,40108031
FlushQueue.waitingTimeMaxNs,1774281527786000000,1774281587782000000,226492415
WriteAction.executionsCount,1774281527786000000,1774281587782000000,24
AWTEventQueue.dispatchTimeMaxNs,1774281527786000000,1774281587782000000,197132287
NonBlockingReadAction.failedExecutionTimeUs,1774281527786000000,1774281587782000000,131131
NonBlockingReadAction.finalizedExecutionsCount,1774281527786000000,1774281587782000000,329
FlushQueue.waitingTime90PNs,1774281527786000000,1774281587782000000,2375679
FlushQueue.tasksExecuted,1774281527786000000,1774281587782000000,7467
AWTEventQueue.dispatchTimeTotalNS,1774281527786000000,1774281587782000000,4882092099
AWTEventQueue.dispatchTimeAvgNs,1774281527786000000,1774281587782000000,575347.5577557756
AWTEventQueue.eventsDispatched,1774281527786000000,1774281587782000000,8484
FlushQueue.executionTime90PNs,1774281527786000000,1774281587782000000,153599
FlushQueue.waitingTimeAvgNs,1774281527786000000,1774281587782000000,2730878.801392795
FlushQueue.queueSize90P,1774281527786000000,1774281587782000000,13
FlushQueue.executionTimeAvgNs,1774281527786000000,1774281587782000000,135288.31605731888
FlushQueue.queueSizeMax,1774281527786000000,1774281587782000000,60
NonBlockingReadAction.finalizedExecutionTimeUs,1774281527786000000,1774281587782000000,1306703
AWTEventQueue.dispatchTime90PNs,1774281527786000000,1774281587782000000,851967
FlushQueue.queueSizeAvg,1774281527786000000,1774281587782000000,4.668273737779564
NonBlockingReadAction.failedExecutionsCount,1774281527786000000,1774281587782000000,4
ReadAction.executionsCount,1774281527786000000,1774281587782000000,136388
workspaceModel.workspaceFileIndexData.visitFileSets.ms,1774281527786000000,1774281587782000000,0
workspaceModel.cachedValue.from.cache.count,1774281527786000000,1774281587782000000,140
workspaceModel.cachedValueWithParameters.from.cache.count,1774281527786000000,1774281587782000000,0
workspaceModel.to.snapshot.ms,1774281527786000000,1774281587782000000,0
workspaceModel.pre.handlers.ms,1774281527786000000,1774281587782000000,0
workspaceModel.workspaceFileIndexData.getPackageName.ms,1774281527786000000,1774281587782000000,2
workspaceModel.replace.project.model.ms,1774281527786000000,1774281587782000000,0
workspaceModel.updates.ms,1774281527786000000,1774281587782000000,0
workspaceModel.workspaceFileIndexData.updateDirtyEntities.ms,1774281527786000000,1774281587782000000,0
workspaceModel.on.before.changed.ms,1774281527786000000,1774281587782000000,1
workspaceModel.full.replace.project.model.ms,1774281527786000000,1774281587782000000,1
workspaceModel.updates.precise.ms,1774281527786000000,1774281587782000000,0
workspaceModel.workspaceFileIndexContributor.registerFileSets.ms,1774281527786000000,1774281587782000000,0
workspaceModel.cachedValue.total.get.count,1774281527786000000,1774281587782000000,143
workspaceModel.loading.from.cache.ms,1774281527786000000,1774281587782000000,0
workspaceModel.cachedValueWithParameters.clear.count,1774281527786000000,1774281587782000000,0
workspaceModel.cachedValueWithParameters.calculated.count,1774281527786000000,1774281587782000000,0
workspaceModel.on.changed.ms,1774281527786000000,1774281587782000000,0
workspaceModel.workspaceFileIndexData.markDirty.ms,1774281527786000000,1774281587782000000,0
workspaceModel.cachedValue.clear.count,1774281527786000000,1774281587782000000,0
workspaceModel.cachedValueWithParameters.total.get.count,1774281527786000000,1774281587782000000,0
workspaceModel.cachedValue.calculated.count,1774281527786000000,1774281587782000000,3
workspaceModel.entityStorageSnapshotImpl.instances.count,1774281527786000000,1774281587782000000,4
workspaceModel.initializing.ms,1774281527786000000,1774281587782000000,0
workspaceModel.workspaceFileIndexData.getDirectoriesByPackageName.ms,1774281527786000000,1774281587782000000,5
workspaceModel.workspaceFileIndexData.onEntitiesChanged.ms,1774281527786000000,1774281587782000000,0
workspaceModel.update.unloaded.entities.ms,1774281527786000000,1774281587782000000,0
workspaceModel.workspaceFileIndexData.processFileSets.ms,1774281527786000000,1774281587782000000,0
workspaceModel.loading.total.ms,1774281527786000000,1774281587782000000,0
workspaceModel.check.recursive.update.ms,1774281527786000000,1774281587782000000,0
workspaceModel.workspaceFileIndexData.getFileInfo.ms,1774281527786000000,1774281587782000000,111
workspaceModel.updates.count,1774281527786000000,1774281587782000000,0
workspaceModel.init.bridges.ms,1774281527786000000,1774281587782000000,0
workspaceModel.workspaceFileIndexData.instances.count,1774281527786000000,1774281587782000000,0
workspaceModel.collect.changes.ms,1774281527786000000,1774281587782000000,0
workspaceModel.workspaceFileIndexData.init.ms,1774281527786000000,1774281587782000000,0
JVM.GC.collections,1774281587782000000,1774281647782000000,0
JVM.totalCpuTimeMs,1774281587782000000,1774281647782000000,11888
OS.loadAverage,1774281587782000000,1774281647782000000,22.75048828125
JVM.usedNativeBytes,1774281587782000000,1774281647782000000,520657264
JVM.maxHeapBytes,1774281587782000000,1774281647782000000,2147483648
JVM.totalTimeAtSafepointsMs,1774281587782000000,1774281647782000000,5
JVM.totalBytesAllocated,1774281587782000000,1774281647782000000,208706584
JVM.totalTimeToSafepointsMs,1774281587782000000,1774281647782000000,2
JVM.threadCount,1774281587782000000,1774281647782000000,69
JVM.GC.collectionTimesMs,1774281587782000000,1774281647782000000,0
JVM.totalSafepointCount,1774281587782000000,1774281647782000000,55
JVM.totalDirectByteBuffersBytes,1774281587782000000,1774281647782000000,362812467
JVM.maxThreadCount,1774281587782000000,1774281647782000000,125
JVM.usedHeapBytes,1774281587782000000,1774281647782000000,887689128
JVM.newThreadsCount,1774281587782000000,1774281647782000000,0
writeAction.max.wait.ms,1774281587782000000,1774281647782000000,479
DiskQueryRelay.tasksExecuted,1774281587782000000,1774281647782000000,86
writeAction.count,1774281587782000000,1774281647782000000,3
DiskQueryRelay.taskWaitingTotalTimeUs,1774281587782000000,1774281647782000000,19143
writeAction.median.wait.ms,1774281587782000000,1774281647782000000,800
DiskQueryRelay.taskExecutionTotalTimeUs,1774281587782000000,1774281647782000000,19034
DiskQueryRelay.tasksRequested,1774281587782000000,1774281647782000000,86
writeAction.wait.ms,1774281587782000000,1774281647782000000,0
workspaceModel.moduleManagerBridge.newModule.ms,1774281587782000000,1774281647782000000,0
workspaceModel.mutableEntityStorage.apply.changes.from.ms,1774281587782000000,1774281647782000000,0
jps.load.initial.state.ms,1774281587782000000,1774281647782000000,0
workspaceModel.moduleBridge.before.changed.ms,1774281587782000000,1774281647782000000,0
jps.reload.project.entities.ms,1774281587782000000,1774281647782000000,0
workspaceModel.mutableEntityStorage.mutable.vfurl.index.ms,1774281587782000000,1774281647782000000,0
jps.save.changed.project.entities.ms,1774281587782000000,1774281647782000000,4
jps.global.initialize.library.bridges.after.loading.ms,1774281587782000000,1774281647782000000,0
jps.global.get.library.by.name.ms,1774281587782000000,1774281647782000000,0
jps.global.handle.changed.events.ms,1774281587782000000,1774281647782000000,0
workspaceModel.mutableEntityStorage.instances.count,1774281587782000000,1774281647782000000,0
workspaceModel.global.apply.state.to.project.ms,1774281587782000000,1774281647782000000,0
workspaceModel.mutableEntityStorage.has.same.entities.ms,1774281587782000000,1774281647782000000,0
workspaceModel.mutableEntityStorage.entities.by.source.ms,1774281587782000000,1774281647782000000,0
jps.library.entities.serializer.load.entities.ms,1774281587782000000,1774281647782000000,0
workspaceModel.mutableEntityStorage.modify.entity.ms,1774281587782000000,1774281647782000000,0
workspaceModel.global.updates.count,1774281587782000000,1774281647782000000,0
jps.app.storage.content.reader.load.component.ms,1774281587782000000,1774281647782000000,0
workspaceModel.mutableEntityStorage.changeLog.addReplaceEventForRemovedChild.ms,1774281587782000000,1774281647782000000,0
jps.global.get.libraries.ms,1774281587782000000,1774281647782000000,0
workspaceModel.moduleManagerBridge.set.unloadedModules.ms,1774281587782000000,1774281647782000000,0
workspaceModel.mutableEntityStorage.add.entity.ms,1774281587782000000,1774281647782000000,0
workspaceModel.mutableEntityStorage.remove.entity.ms,1774281587782000000,1774281647782000000,0
workspaceModel.mutableEntityStorage.mutable.ext.mapping.ms,1774281587782000000,1774281647782000000,0
workspaceModel.moduleManagerBridge.create.module.instance.ms,1774281587782000000,1774281647782000000,0
jps.apply.loaded.storage.ms,1774281587782000000,1774281647782000000,0
workspaceModel.moduleManagerBridge.load.module.ms,1774281587782000000,1774281647782000000,0
workspaceModel.mutableEntityStorage.changeLog.addReplaceEventForNewChild.ms,1774281587782000000,1774281647782000000,0
workspaceModel.delayed.project.synchronizer.sync.ms,1774281587782000000,1774281647782000000,0
workspaceModel.mutableEntityStorage.entities.ms,1774281587782000000,1774281647782000000,0
workspaceModel.moduleBridge.update.option.ms,1774281587782000000,1774281647782000000,0
workspaceModel.mutableEntityStorage.changeLog.addReplaceEventForNewParent.ms,1774281587782000000,1774281647782000000,0
workspaceModel.mutableEntityStorage.to.snapshot.ms,1774281587782000000,1774281647782000000,0
jps.facet.change.listener.process.change.events.ms,1774281587782000000,1774281647782000000,0
jps.facet.change.listener.before.change.events.ms,1774281587782000000,1774281647782000000,0
workspaceModel.moduleManagerBridge.new.nonPersistent.module.ms,1774281587782000000,1774281647782000000,0
jps.global.handle.before.change.events.ms,1774281587782000000,1774281647782000000,0
jps.module.iml.entities.serializer.save.entities.ms,1774281587782000000,1774281647782000000,0
jps.module.dependency.index.workspace.model.listener.on.changed.ms,1774281587782000000,1774281647782000000,0
workspaceModel.mutableEntityStorage.collect.changes.ms,1774281587782000000,1774281647782000000,0
workspaceModel.load.cache.from.file.ms,1774281587782000000,1774281647782000000,0
jps.save.global.entities.ms,1774281587782000000,1774281647782000000,45
workspaceModel.moduleManagerBridge.load.all.modules.ms,1774281587782000000,1774281647782000000,0
workspaceModel.mutableEntityStorage.replace.by.source.ms,1774281587782000000,1774281647782000000,0
jps.global.get.library.ms,1774281587782000000,1774281647782000000,0
workspaceModel.moduleBridge.facet.initialization.ms,1774281587782000000,1774281647782000000,0
workspaceModel.global.updates.ms,1774281587782000000,1774281647782000000,0
workspaceModel.moduleManagerBridge.get.modules.ms,1774281587782000000,1774281647782000000,0
workspaceModel.sync.entities.ms,1774281587782000000,1774281647782000000,0
jps.global.initialize.library.bridges.ms,1774281587782000000,1774281647782000000,0
workspaceModel.mutableEntityStorage.changeLog.addReplaceEventForRemovedParent.ms,1774281587782000000,1774281647782000000,0
jps.artifact.entities.serializer.save.entities.ms,1774281587782000000,1774281647782000000,0
workspaceModel.global.apply.state.to.project.builder.ms,1774281587782000000,1774281647782000000,0
jps.facet.change.listener.init.bridge.ms,1774281587782000000,1774281647782000000,0
jps.load.project.to.empty.storage.ms,1774281587782000000,1774281647782000000,0
jps.app.storage.content.writer.save.component.ms,1774281587782000000,1774281647782000000,17
jps.artifact.entities.serializer.load.entities.ms,1774281587782000000,1774281647782000000,0
workspaceModel.do.save.caches.ms,1774281587782000000,1774281647782000000,0
workspaceModel.mutableEntityStorage.referrers.ms,1774281587782000000,1774281647782000000,0
jps.library.entities.serializer.save.entities.ms,1774281587782000000,1774281647782000000,0
jps.module.iml.entities.serializer.load.entities.ms,1774281587782000000,1774281647782000000,0
jps.project.serializers.load.ms,1774281587782000000,1774281647782000000,0
workspaceModel.mutableEntityStorage.put.entity.ms,1774281587782000000,1774281647782000000,0
workspaceModel.moduleBridgeLoader.loading.modules.ms,1774281587782000000,1774281647782000000,0
workspaceModel.load.cache.metadata.from.file.ms,1774281587782000000,1774281647782000000,0
jps.storage.jps.conf.reader.load.component.ms,1774281587782000000,1774281647782000000,0
jps.project.serializers.save.ms,1774281587782000000,1774281647782000000,4
workspaceModel.mutableEntityStorage.resolve.ms,1774281587782000000,1774281647782000000,0
workspaceModel.moduleManagerBridge.build.module.graph.ms,1774281587782000000,1774281647782000000,0
workspaceModel.save.cache.to.file.ms,1774281587782000000,1774281647782000000,0
workspaceModel.orphan.listener.update.ms,1774281587782000000,1774281647782000000,0
compiler.ArtifactManagerBridge.initBridges.ms,1774281587782000000,1774281647782000000,0
compiler.ArtifactManagerBridge.commit.ms,1774281587782000000,1774281647782000000,0
compiler.ArtifactManagerBridge.getArtifactsByType.ms,1774281587782000000,1774281647782000000,0
compiler.ArtifactManagerBridge.addArtifact.ms,1774281587782000000,1774281647782000000,0
compiler.ArtifactManagerBridge.getArtifacts.ms,1774281587782000000,1774281647782000000,0
compiler.ArtifactManagerBridge.dropMappings.ms,1774281587782000000,1774281647782000000,0
compiler.ArtifactVirtualFileListener.propertyChanged.ms,1774281587782000000,1774281647782000000,0
compiler.ArtifactVirtualFileListener.filePathChanged.ms,1774281587782000000,1774281647782000000,0
compiler.ArtifactManagerBridge.findArtifact.ms,1774281587782000000,1774281647782000000,0
VFS.contentStorage.recordsReadDecompressed,1774281587782000000,1774281647782000000,0
VFS.contentStorage.recordsReadSize,1774281587782000000,1774281647782000000,6460
VFS.contentStorage.recordsStored,1774281587782000000,1774281647782000000,1
VFS.invertedFileNameIndex.requests,1774281587782000000,1774281647782000000,0
VFS.contentStorage.recordsDecompressionTimeUs,1774281587782000000,1774281647782000000,0
VFS.fileByIdCache.misses,1774281587782000000,1774281647782000000,0
FileNameCache.totalMisses,1774281587782000000,1774281647782000000,192
VFS.contentStorage.recordsRead,1774281587782000000,1774281647782000000,3
VFS.contentStorage.recordsUncompressedSize,1774281587782000000,1774281647782000000,2497
VFS.contentStorage.recordsStoredSize,1774281587782000000,1774281647782000000,2497
FileNameCache.queries,1774281587782000000,1774281647782000000,6656
VFS.fileChildByName,1774281587782000000,1774281647782000000,4042
VFS.contentStorage.recordsStoredCompressed,1774281587782000000,1774281647782000000,0
VFS.fileByIdCache.hits,1774281587782000000,1774281647782000000,0
VFS.contentStorage.recordsDeduplicated,1774281587782000000,1774281647782000000,0
Indexing.cache.totalCacheEvicted,1774281587782000000,1774281647782000000,13
Indexing.writesQueuedMax,1774281587782000000,1774281647782000000,0
IndexesFlusher.totalFlushesRetried,1774281587782000000,1774281647782000000,0
IndexesFlusher.totalContentionQuotaSpent,1774281587782000000,1774281647782000000,0
Indexing.totalTimeIndexersSleptMs,1774281587782000000,1774281647782000000,0
Indexes.entries.lookups,1774281587782000000,1774281647782000000,1
Indexing.writer_0.totalTimeSpentWritingMs,1774281587782000000,1774281647782000000,0
Indexes.stubs.lookupDuration90PMs,1774281587782000000,1774281647782000000,0.0
Indexing.cache.totalCacheMisses,1774281587782000000,1774281647782000000,13
Indexing.cache.totalCacheAccesses,1774281587782000000,1774281647782000000,29
Indexing.writesQueuedMin,1774281587782000000,1774281647782000000,0
Indexes.entries.lookupDuration90PMs,1774281587782000000,1774281647782000000,0.0
Indexes.entries.lookupDurationAvgMs,1774281587782000000,1774281647782000000,0.0
Indexes.stubs.lookupDurationMaxMs,1774281587782000000,1774281647782000000,1.0
Indexes.entries.lookupDurationMaxMs,1774281587782000000,1774281647782000000,0.0
Indexes.allKeys.lookups,1774281587782000000,1774281647782000000,1
IndexesFlusher.totalFlushes,1774281587782000000,1774281647782000000,117
Indexes.allKeys.lookupDurationAvgMs,1774281587782000000,1774281647782000000,2.0
Indexes.allKeys.lookupDuration90PMs,1774281587782000000,1774281647782000000,2.0
Indexing.writesQueuedAvg,1774281587782000000,1774281647782000000,0.0
Indexes.stubs.lookups,1774281587782000000,1774281647782000000,20
Indexes.allKeys.lookupDurationMaxMs,1774281587782000000,1774281647782000000,2.0
Indexes.stubs.lookupDurationAvgMs,1774281587782000000,1774281647782000000,0.1
Indexing.writer_3.totalTimeSpentWritingMs,1774281587782000000,1774281647782000000,0
Indexing.writer_2.totalTimeSpentWritingMs,1774281587782000000,1774281647782000000,0
Indexing.writer_1.totalTimeSpentWritingMs,1774281587782000000,1774281647782000000,0
IndexesFlusher.totalFlushingTimeUs,1774281587782000000,1774281647782000000,272795
cacheStateStorage.set.duration,1774281587782000000,1774281647782000000,0
cacheStateStorage.set.counter,1774281587782000000,1774281647782000000,0
cacheStateStorage.get.counter,1774281587782000000,1774281647782000000,1
cacheStateStorage.get.duration,1774281587782000000,1774281647782000000,5
DirectByteBufferAllocator.disposed,1774281587782000000,1774281647782000000,0
StorageLockContext.competingThreads.max,1774281587782000000,1774281647782000000,0
StorageLockContext.competingThreads.avg,1774281587782000000,1774281647782000000,0.0
StorageLockContext.competingThreads.90P,1774281587782000000,1774281647782000000,0
MappedFileStorage.storages,1774281587782000000,1774281647782000000,16
FilePageCacheLockFree.housekeeperTimeSpentMs,1774281587782000000,1774281647782000000,0
FilePageCacheLockFree.nativeBytesInUse,1774281587782000000,1774281647782000000,0
DirectByteBufferAllocator.reclaimed,1774281587782000000,1774281647782000000,0
DirectByteBufferAllocator.totalSizeOfBuffersAllocatedInBytes,1774281587782000000,1774281647782000000,359686144
FilePageCache.capacityInBytes,1774281587782000000,1774281647782000000,503316478
FilePageCache.uncachedFileAccess,1774281587782000000,1774281647782000000,6
FilePageCache.maxRegisteredFiles,1774281587782000000,1774281647782000000,559
MappedFileStorage.totalTimeSpentOnMappingUs,1774281587782000000,1774281647782000000,15434
MappedFileStorage.totalPagesMapped,1774281587782000000,1774281647782000000,21
DirectByteBufferAllocator.hits,1774281587782000000,1774281647782000000,0
DirectByteBufferAllocator.totalSizeOfBuffersCachedInBytes,1774281587782000000,1774281647782000000,0
FilePageCacheLockFree.totalBytesRead,1774281587782000000,1774281647782000000,0
FilePageCacheLockFree.heapBytesInUse,1774281587782000000,1774281647782000000,0
FilePageCacheLockFree.totalHeapBytesReclaimed,1774281587782000000,1774281647782000000,0
FilePageCacheLockFree.totalNativeBytesAllocated,1774281587782000000,1774281647782000000,0
StreamlinedBlobStorage.recordsRelocated,1774281587782000000,1774281647782000000,0
FilePageCache.maxCacheSizeInBytes,1774281587782000000,1774281647782000000,359686144
FilePageCacheLockFree.totalPagesRequestsMs,1774281587782000000,1774281647782000000,0
FilePageCache.pageFastCacheHits,1774281587782000000,1774281647782000000,101
FilePageCacheLockFree.totalClosedStoragesReclaimed,1774281587782000000,1774281647782000000,0
FilePageCache.pageLoadsAboveSizeThreshold,1774281587782000000,1774281647782000000,0
FilePageCacheLockFree.totalPagesAllocated,1774281587782000000,1774281647782000000,0
FilePageCacheLockFree.totalNativeBytesReclaimed,1774281587782000000,1774281647782000000,0
DirectByteBufferAllocator.misses,1774281587782000000,1774281647782000000,0
FilePageCacheLockFree.totalHeapBytesAllocated,1774281587782000000,1774281647782000000,0
FilePageCacheLockFree.totalPagesRequested,1774281587782000000,1774281647782000000,0
FilePageCacheLockFree.housekeeperTurnsDone,1774281587782000000,1774281647782000000,0
FilePageCache.disposedBuffers,1774281587782000000,1774281647782000000,0
FilePageCacheLockFree.totalPageAllocationsWaited,1774281587782000000,1774281647782000000,0
FilePageCacheLockFree.totalPagesHandedOver,1774281587782000000,1774281647782000000,0
FilePageCacheLockFree.totalPagesReclaimed,1774281587782000000,1774281647782000000,0
FileChannelInterruptsRetryer.totalRetriedAttempts,1774281587782000000,1774281647782000000,0
MappedFileStorage.totalBytesMapped,1774281587782000000,1774281647782000000,252968960
FilePageCacheLockFree.totalBytesWritten,1774281587782000000,1774281647782000000,0
StreamlinedBlobStorage.recordsAllocated,1774281587782000000,1774281647782000000,0
FilePageCacheLockFree.housekeeperTurnsSkipped,1774281587782000000,1774281647782000000,0
FilePageCacheLockFree.totalPagesWriteMs,1774281587782000000,1774281647782000000,0
StreamlinedBlobStorage.totalLiveRecordsPayloadBytes,1774281587782000000,1774281647782000000,0
FilePageCache.pageLoads,1774281587782000000,1774281647782000000,0
StreamlinedBlobStorage.recordsDeleted,1774281587782000000,1774281647782000000,0
FilePageCacheLockFree.totalPagesReadMs,1774281587782000000,1774281647782000000,0
FilePageCacheLockFree.totalBytesRequested,1774281587782000000,1774281647782000000,0
FilePageCache.pageHits,1774281587782000000,1774281647782000000,3
StreamlinedBlobStorage.totalLiveRecordsCapacityBytes,1774281587782000000,1774281647782000000,0
FilePageCache.totalPageDisposalsUs,1774281587782000000,1774281647782000000,0
FilePageCacheLockFree.totalPagesWritten,1774281587782000000,1774281647782000000,0
FilePageCache.totalPageLoadsUs,1774281587782000000,1774281647782000000,0
FlushQueue.executionTimeMaxNs,1774281587782000000,1774281647782000000,20709375
FlushQueue.waitingTimeMaxNs,1774281587782000000,1774281647782000000,200278015
WriteAction.executionsCount,1774281587782000000,1774281647782000000,3
AWTEventQueue.dispatchTimeMaxNs,1774281587782000000,1774281647782000000,191889407
NonBlockingReadAction.failedExecutionTimeUs,1774281587782000000,1774281647782000000,2705
NonBlockingReadAction.finalizedExecutionsCount,1774281587782000000,1774281647782000000,339
FlushQueue.waitingTime90PNs,1774281587782000000,1774281647782000000,1105919
FlushQueue.tasksExecuted,1774281587782000000,1774281647782000000,6858
AWTEventQueue.dispatchTimeTotalNS,1774281587782000000,1774281647782000000,3031922651
AWTEventQueue.dispatchTimeAvgNs,1774281587782000000,1774281647782000000,643052.4014428178
AWTEventQueue.eventsDispatched,1774281587782000000,1774281647782000000,4713
FlushQueue.executionTime90PNs,1774281587782000000,1774281647782000000,156671
FlushQueue.waitingTimeAvgNs,1774281587782000000,1774281647782000000,705081.1280256634
FlushQueue.queueSize90P,1774281587782000000,1774281647782000000,11
FlushQueue.executionTimeAvgNs,1774281587782000000,1774281647782000000,118929.71828521435
FlushQueue.queueSizeMax,1774281587782000000,1774281647782000000,28
NonBlockingReadAction.finalizedExecutionTimeUs,1774281587782000000,1774281647782000000,43336
AWTEventQueue.dispatchTime90PNs,1774281587782000000,1774281647782000000,1564671
FlushQueue.queueSizeAvg,1774281587782000000,1774281647782000000,4.1236512102653835
NonBlockingReadAction.failedExecutionsCount,1774281587782000000,1774281647782000000,7
ReadAction.executionsCount,1774281587782000000,1774281647782000000,82234
workspaceModel.workspaceFileIndexData.visitFileSets.ms,1774281587782000000,1774281647782000000,0
workspaceModel.cachedValue.from.cache.count,1774281587782000000,1774281647782000000,14
workspaceModel.cachedValueWithParameters.from.cache.count,1774281587782000000,1774281647782000000,0
workspaceModel.to.snapshot.ms,1774281587782000000,1774281647782000000,0
workspaceModel.pre.handlers.ms,1774281587782000000,1774281647782000000,0
workspaceModel.workspaceFileIndexData.getPackageName.ms,1774281587782000000,1774281647782000000,0
workspaceModel.replace.project.model.ms,1774281587782000000,1774281647782000000,0
workspaceModel.updates.ms,1774281587782000000,1774281647782000000,0
workspaceModel.workspaceFileIndexData.updateDirtyEntities.ms,1774281587782000000,1774281647782000000,0
workspaceModel.on.before.changed.ms,1774281587782000000,1774281647782000000,0
workspaceModel.full.replace.project.model.ms,1774281587782000000,1774281647782000000,0
workspaceModel.updates.precise.ms,1774281587782000000,1774281647782000000,0
workspaceModel.workspaceFileIndexContributor.registerFileSets.ms,1774281587782000000,1774281647782000000,0
workspaceModel.cachedValue.total.get.count,1774281587782000000,1774281647782000000,15
workspaceModel.loading.from.cache.ms,1774281587782000000,1774281647782000000,0
workspaceModel.cachedValueWithParameters.clear.count,1774281587782000000,1774281647782000000,0
workspaceModel.cachedValueWithParameters.calculated.count,1774281587782000000,1774281647782000000,0
workspaceModel.on.changed.ms,1774281587782000000,1774281647782000000,0
workspaceModel.workspaceFileIndexData.markDirty.ms,1774281587782000000,1774281647782000000,0
workspaceModel.cachedValue.clear.count,1774281587782000000,1774281647782000000,0
workspaceModel.cachedValueWithParameters.total.get.count,1774281587782000000,1774281647782000000,0
workspaceModel.cachedValue.calculated.count,1774281587782000000,1774281647782000000,1
workspaceModel.entityStorageSnapshotImpl.instances.count,1774281587782000000,1774281647782000000,0
workspaceModel.initializing.ms,1774281587782000000,1774281647782000000,0
workspaceModel.workspaceFileIndexData.getDirectoriesByPackageName.ms,1774281587782000000,1774281647782000000,0
workspaceModel.workspaceFileIndexData.onEntitiesChanged.ms,1774281587782000000,1774281647782000000,0
workspaceModel.update.unloaded.entities.ms,1774281587782000000,1774281647782000000,0
workspaceModel.workspaceFileIndexData.processFileSets.ms,1774281587782000000,1774281647782000000,0
workspaceModel.loading.total.ms,1774281587782000000,1774281647782000000,0
workspaceModel.check.recursive.update.ms,1774281587782000000,1774281647782000000,0
workspaceModel.workspaceFileIndexData.getFileInfo.ms,1774281587782000000,1774281647782000000,6
workspaceModel.updates.count,1774281587782000000,1774281647782000000,0
workspaceModel.init.bridges.ms,1774281587782000000,1774281647782000000,0
workspaceModel.workspaceFileIndexData.instances.count,1774281587782000000,1774281647782000000,0
workspaceModel.collect.changes.ms,1774281587782000000,1774281647782000000,0
workspaceModel.workspaceFileIndexData.init.ms,1774281587782000000,1774281647782000000,0
JVM.GC.collections,1774281647782000000,1774281707781000000,0
JVM.totalCpuTimeMs,1774281647782000000,1774281707781000000,3813
OS.loadAverage,1774281647782000000,1774281707781000000,22.46875
JVM.usedNativeBytes,1774281647782000000,1774281707781000000,526348168
JVM.maxHeapBytes,1774281647782000000,1774281707781000000,2147483648
JVM.totalTimeAtSafepointsMs,1774281647782000000,1774281707781000000,2
JVM.totalBytesAllocated,1774281647782000000,1774281707781000000,85900376
JVM.totalTimeToSafepointsMs,1774281647782000000,1774281707781000000,2
JVM.threadCount,1774281647782000000,1774281707781000000,87
JVM.GC.collectionTimesMs,1774281647782000000,1774281707781000000,0
JVM.totalSafepointCount,1774281647782000000,1774281707781000000,16
JVM.totalDirectByteBuffersBytes,1774281647782000000,1774281707781000000,363648922
JVM.maxThreadCount,1774281647782000000,1774281707781000000,125
JVM.usedHeapBytes,1774281647782000000,1774281707781000000,984158120
JVM.newThreadsCount,1774281647782000000,1774281707781000000,27
writeAction.max.wait.ms,1774281647782000000,1774281707781000000,479
DiskQueryRelay.tasksExecuted,1774281647782000000,1774281707781000000,57
writeAction.count,1774281647782000000,1774281707781000000,2
DiskQueryRelay.taskWaitingTotalTimeUs,1774281647782000000,1774281707781000000,13714
writeAction.median.wait.ms,1774281647782000000,1774281707781000000,800
DiskQueryRelay.taskExecutionTotalTimeUs,1774281647782000000,1774281707781000000,13555
DiskQueryRelay.tasksRequested,1774281647782000000,1774281707781000000,57
writeAction.wait.ms,1774281647782000000,1774281707781000000,2
workspaceModel.moduleManagerBridge.newModule.ms,1774281647782000000,1774281707781000000,0
workspaceModel.mutableEntityStorage.apply.changes.from.ms,1774281647782000000,1774281707781000000,0
jps.load.initial.state.ms,1774281647782000000,1774281707781000000,0
workspaceModel.moduleBridge.before.changed.ms,1774281647782000000,1774281707781000000,0
jps.reload.project.entities.ms,1774281647782000000,1774281707781000000,0
workspaceModel.mutableEntityStorage.mutable.vfurl.index.ms,1774281647782000000,1774281707781000000,0
jps.save.changed.project.entities.ms,1774281647782000000,1774281707781000000,0
jps.global.initialize.library.bridges.after.loading.ms,1774281647782000000,1774281707781000000,0
jps.global.get.library.by.name.ms,1774281647782000000,1774281707781000000,0
jps.global.handle.changed.events.ms,1774281647782000000,1774281707781000000,0
workspaceModel.mutableEntityStorage.instances.count,1774281647782000000,1774281707781000000,0
workspaceModel.global.apply.state.to.project.ms,1774281647782000000,1774281707781000000,0
workspaceModel.mutableEntityStorage.has.same.entities.ms,1774281647782000000,1774281707781000000,0
workspaceModel.mutableEntityStorage.entities.by.source.ms,1774281647782000000,1774281707781000000,0
jps.library.entities.serializer.load.entities.ms,1774281647782000000,1774281707781000000,0
workspaceModel.mutableEntityStorage.modify.entity.ms,1774281647782000000,1774281707781000000,0
workspaceModel.global.updates.count,1774281647782000000,1774281707781000000,0
jps.app.storage.content.reader.load.component.ms,1774281647782000000,1774281707781000000,0
workspaceModel.mutableEntityStorage.changeLog.addReplaceEventForRemovedChild.ms,1774281647782000000,1774281707781000000,0
jps.global.get.libraries.ms,1774281647782000000,1774281707781000000,0
workspaceModel.moduleManagerBridge.set.unloadedModules.ms,1774281647782000000,1774281707781000000,0
workspaceModel.mutableEntityStorage.add.entity.ms,1774281647782000000,1774281707781000000,0
workspaceModel.mutableEntityStorage.remove.entity.ms,1774281647782000000,1774281707781000000,0
workspaceModel.mutableEntityStorage.mutable.ext.mapping.ms,1774281647782000000,1774281707781000000,0
workspaceModel.moduleManagerBridge.create.module.instance.ms,1774281647782000000,1774281707781000000,0
jps.apply.loaded.storage.ms,1774281647782000000,1774281707781000000,0
workspaceModel.moduleManagerBridge.load.module.ms,1774281647782000000,1774281707781000000,0
workspaceModel.mutableEntityStorage.changeLog.addReplaceEventForNewChild.ms,1774281647782000000,1774281707781000000,0
workspaceModel.delayed.project.synchronizer.sync.ms,1774281647782000000,1774281707781000000,0
workspaceModel.mutableEntityStorage.entities.ms,1774281647782000000,1774281707781000000,0
workspaceModel.moduleBridge.update.option.ms,1774281647782000000,1774281707781000000,0
workspaceModel.mutableEntityStorage.changeLog.addReplaceEventForNewParent.ms,1774281647782000000,1774281707781000000,0
workspaceModel.mutableEntityStorage.to.snapshot.ms,1774281647782000000,1774281707781000000,0
jps.facet.change.listener.process.change.events.ms,1774281647782000000,1774281707781000000,0
jps.facet.change.listener.before.change.events.ms,1774281647782000000,1774281707781000000,0
workspaceModel.moduleManagerBridge.new.nonPersistent.module.ms,1774281647782000000,1774281707781000000,0
jps.global.handle.before.change.events.ms,1774281647782000000,1774281707781000000,0
jps.module.iml.entities.serializer.save.entities.ms,1774281647782000000,1774281707781000000,0
jps.module.dependency.index.workspace.model.listener.on.changed.ms,1774281647782000000,1774281707781000000,0
workspaceModel.mutableEntityStorage.collect.changes.ms,1774281647782000000,1774281707781000000,0
workspaceModel.load.cache.from.file.ms,1774281647782000000,1774281707781000000,0
jps.save.global.entities.ms,1774281647782000000,1774281707781000000,0
workspaceModel.moduleManagerBridge.load.all.modules.ms,1774281647782000000,1774281707781000000,0
workspaceModel.mutableEntityStorage.replace.by.source.ms,1774281647782000000,1774281707781000000,0
jps.global.get.library.ms,1774281647782000000,1774281707781000000,0
workspaceModel.moduleBridge.facet.initialization.ms,1774281647782000000,1774281707781000000,0
workspaceModel.global.updates.ms,1774281647782000000,1774281707781000000,0
workspaceModel.moduleManagerBridge.get.modules.ms,1774281647782000000,1774281707781000000,0
workspaceModel.sync.entities.ms,1774281647782000000,1774281707781000000,0
jps.global.initialize.library.bridges.ms,1774281647782000000,1774281707781000000,0
workspaceModel.mutableEntityStorage.changeLog.addReplaceEventForRemovedParent.ms,1774281647782000000,1774281707781000000,0
jps.artifact.entities.serializer.save.entities.ms,1774281647782000000,1774281707781000000,0
workspaceModel.global.apply.state.to.project.builder.ms,1774281647782000000,1774281707781000000,0
jps.facet.change.listener.init.bridge.ms,1774281647782000000,1774281707781000000,0
jps.load.project.to.empty.storage.ms,1774281647782000000,1774281707781000000,0
jps.app.storage.content.writer.save.component.ms,1774281647782000000,1774281707781000000,0
jps.artifact.entities.serializer.load.entities.ms,1774281647782000000,1774281707781000000,0
workspaceModel.do.save.caches.ms,1774281647782000000,1774281707781000000,0
workspaceModel.mutableEntityStorage.referrers.ms,1774281647782000000,1774281707781000000,0
jps.library.entities.serializer.save.entities.ms,1774281647782000000,1774281707781000000,0
jps.module.iml.entities.serializer.load.entities.ms,1774281647782000000,1774281707781000000,0
jps.project.serializers.load.ms,1774281647782000000,1774281707781000000,0
workspaceModel.mutableEntityStorage.put.entity.ms,1774281647782000000,1774281707781000000,0
workspaceModel.moduleBridgeLoader.loading.modules.ms,1774281647782000000,1774281707781000000,0
workspaceModel.load.cache.metadata.from.file.ms,1774281647782000000,1774281707781000000,0
jps.storage.jps.conf.reader.load.component.ms,1774281647782000000,1774281707781000000,0
jps.project.serializers.save.ms,1774281647782000000,1774281707781000000,0
workspaceModel.mutableEntityStorage.resolve.ms,1774281647782000000,1774281707781000000,0
workspaceModel.moduleManagerBridge.build.module.graph.ms,1774281647782000000,1774281707781000000,0
workspaceModel.save.cache.to.file.ms,1774281647782000000,1774281707781000000,0
workspaceModel.orphan.listener.update.ms,1774281647782000000,1774281707781000000,0
compiler.ArtifactManagerBridge.initBridges.ms,1774281647782000000,1774281707781000000,0
compiler.ArtifactManagerBridge.commit.ms,1774281647782000000,1774281707781000000,0
compiler.ArtifactManagerBridge.getArtifactsByType.ms,1774281647782000000,1774281707781000000,0
compiler.ArtifactManagerBridge.addArtifact.ms,1774281647782000000,1774281707781000000,0
compiler.ArtifactManagerBridge.getArtifacts.ms,1774281647782000000,1774281707781000000,0
compiler.ArtifactManagerBridge.dropMappings.ms,1774281647782000000,1774281707781000000,0
compiler.ArtifactVirtualFileListener.propertyChanged.ms,1774281647782000000,1774281707781000000,0
compiler.ArtifactVirtualFileListener.filePathChanged.ms,1774281647782000000,1774281707781000000,0
compiler.ArtifactManagerBridge.findArtifact.ms,1774281647782000000,1774281707781000000,0
VFS.contentStorage.recordsReadDecompressed,1774281647782000000,1774281707781000000,0
VFS.contentStorage.recordsReadSize,1774281647782000000,1774281707781000000,0
VFS.contentStorage.recordsStored,1774281647782000000,1774281707781000000,0
VFS.invertedFileNameIndex.requests,1774281647782000000,1774281707781000000,0
VFS.contentStorage.recordsDecompressionTimeUs,1774281647782000000,1774281707781000000,0
VFS.fileByIdCache.misses,1774281647782000000,1774281707781000000,2
FileNameCache.totalMisses,1774281647782000000,1774281707781000000,832
VFS.contentStorage.recordsRead,1774281647782000000,1774281707781000000,0
VFS.contentStorage.recordsUncompressedSize,1774281647782000000,1774281707781000000,0
VFS.contentStorage.recordsStoredSize,1774281647782000000,1774281707781000000,0
FileNameCache.queries,1774281647782000000,1774281707781000000,9536
VFS.fileChildByName,1774281647782000000,1774281707781000000,1808
VFS.contentStorage.recordsStoredCompressed,1774281647782000000,1774281707781000000,0
VFS.fileByIdCache.hits,1774281647782000000,1774281707781000000,0
VFS.contentStorage.recordsDeduplicated,1774281647782000000,1774281707781000000,0
Indexing.cache.totalCacheEvicted,1774281647782000000,1774281707781000000,21
Indexing.writesQueuedMax,1774281647782000000,1774281707781000000,0
IndexesFlusher.totalFlushesRetried,1774281647782000000,1774281707781000000,0
IndexesFlusher.totalContentionQuotaSpent,1774281647782000000,1774281707781000000,0
Indexing.totalTimeIndexersSleptMs,1774281647782000000,1774281707781000000,0
Indexes.entries.lookups,1774281647782000000,1774281707781000000,0
Indexing.writer_0.totalTimeSpentWritingMs,1774281647782000000,1774281707781000000,0
Indexes.stubs.lookupDuration90PMs,1774281647782000000,1774281707781000000,0.0
Indexing.cache.totalCacheMisses,1774281647782000000,1774281707781000000,21
Indexing.cache.totalCacheAccesses,1774281647782000000,1774281707781000000,28
Indexing.writesQueuedMin,1774281647782000000,1774281707781000000,0
Indexes.entries.lookupDuration90PMs,1774281647782000000,1774281707781000000,0.0
Indexes.entries.lookupDurationAvgMs,1774281647782000000,1774281707781000000,0.0
Indexes.stubs.lookupDurationMaxMs,1774281647782000000,1774281707781000000,1.0
Indexes.entries.lookupDurationMaxMs,1774281647782000000,1774281707781000000,0.0
Indexes.allKeys.lookups,1774281647782000000,1774281707781000000,0
IndexesFlusher.totalFlushes,1774281647782000000,1774281707781000000,117
Indexes.allKeys.lookupDurationAvgMs,1774281647782000000,1774281707781000000,0.0
Indexes.allKeys.lookupDuration90PMs,1774281647782000000,1774281707781000000,0.0
Indexing.writesQueuedAvg,1774281647782000000,1774281707781000000,0.0
Indexes.stubs.lookups,1774281647782000000,1774281707781000000,28
Indexes.allKeys.lookupDurationMaxMs,1774281647782000000,1774281707781000000,0.0
Indexes.stubs.lookupDurationAvgMs,1774281647782000000,1774281707781000000,0.03571428571428571
Indexing.writer_3.totalTimeSpentWritingMs,1774281647782000000,1774281707781000000,0
Indexing.writer_2.totalTimeSpentWritingMs,1774281647782000000,1774281707781000000,0
Indexing.writer_1.totalTimeSpentWritingMs,1774281647782000000,1774281707781000000,0
IndexesFlusher.totalFlushingTimeUs,1774281647782000000,1774281707781000000,228340
cacheStateStorage.set.duration,1774281647782000000,1774281707781000000,0
cacheStateStorage.set.counter,1774281647782000000,1774281707781000000,0
cacheStateStorage.get.counter,1774281647782000000,1774281707781000000,0
cacheStateStorage.get.duration,1774281647782000000,1774281707781000000,0
DirectByteBufferAllocator.disposed,1774281647782000000,1774281707781000000,0
StorageLockContext.competingThreads.max,1774281647782000000,1774281707781000000,0
StorageLockContext.competingThreads.avg,1774281647782000000,1774281707781000000,0.0
StorageLockContext.competingThreads.90P,1774281647782000000,1774281707781000000,0
MappedFileStorage.storages,1774281647782000000,1774281707781000000,16
FilePageCacheLockFree.housekeeperTimeSpentMs,1774281647782000000,1774281707781000000,0
FilePageCacheLockFree.nativeBytesInUse,1774281647782000000,1774281707781000000,0
DirectByteBufferAllocator.reclaimed,1774281647782000000,1774281707781000000,0
DirectByteBufferAllocator.totalSizeOfBuffersAllocatedInBytes,1774281647782000000,1774281707781000000,359686144
FilePageCache.capacityInBytes,1774281647782000000,1774281707781000000,503316478
FilePageCache.uncachedFileAccess,1774281647782000000,1774281707781000000,3
FilePageCache.maxRegisteredFiles,1774281647782000000,1774281707781000000,559
MappedFileStorage.totalTimeSpentOnMappingUs,1774281647782000000,1774281707781000000,15434
MappedFileStorage.totalPagesMapped,1774281647782000000,1774281707781000000,21
DirectByteBufferAllocator.hits,1774281647782000000,1774281707781000000,0
DirectByteBufferAllocator.totalSizeOfBuffersCachedInBytes,1774281647782000000,1774281707781000000,0
FilePageCacheLockFree.totalBytesRead,1774281647782000000,1774281707781000000,0
FilePageCacheLockFree.heapBytesInUse,1774281647782000000,1774281707781000000,0
FilePageCacheLockFree.totalHeapBytesReclaimed,1774281647782000000,1774281707781000000,0
FilePageCacheLockFree.totalNativeBytesAllocated,1774281647782000000,1774281707781000000,0
StreamlinedBlobStorage.recordsRelocated,1774281647782000000,1774281707781000000,0
FilePageCache.maxCacheSizeInBytes,1774281647782000000,1774281707781000000,359686144
FilePageCacheLockFree.totalPagesRequestsMs,1774281647782000000,1774281707781000000,0
FilePageCache.pageFastCacheHits,1774281647782000000,1774281707781000000,35
FilePageCacheLockFree.totalClosedStoragesReclaimed,1774281647782000000,1774281707781000000,0
FilePageCache.pageLoadsAboveSizeThreshold,1774281647782000000,1774281707781000000,0
FilePageCacheLockFree.totalPagesAllocated,1774281647782000000,1774281707781000000,0
FilePageCacheLockFree.totalNativeBytesReclaimed,1774281647782000000,1774281707781000000,0
DirectByteBufferAllocator.misses,1774281647782000000,1774281707781000000,0
FilePageCacheLockFree.totalHeapBytesAllocated,1774281647782000000,1774281707781000000,0
FilePageCacheLockFree.totalPagesRequested,1774281647782000000,1774281707781000000,0
FilePageCacheLockFree.housekeeperTurnsDone,1774281647782000000,1774281707781000000,0
FilePageCache.disposedBuffers,1774281647782000000,1774281707781000000,0
FilePageCacheLockFree.totalPageAllocationsWaited,1774281647782000000,1774281707781000000,0
FilePageCacheLockFree.totalPagesHandedOver,1774281647782000000,1774281707781000000,0
FilePageCacheLockFree.totalPagesReclaimed,1774281647782000000,1774281707781000000,0
FileChannelInterruptsRetryer.totalRetriedAttempts,1774281647782000000,1774281707781000000,0
MappedFileStorage.totalBytesMapped,1774281647782000000,1774281707781000000,252968960
FilePageCacheLockFree.totalBytesWritten,1774281647782000000,1774281707781000000,0
StreamlinedBlobStorage.recordsAllocated,1774281647782000000,1774281707781000000,0
FilePageCacheLockFree.housekeeperTurnsSkipped,1774281647782000000,1774281707781000000,0
FilePageCacheLockFree.totalPagesWriteMs,1774281647782000000,1774281707781000000,0
StreamlinedBlobStorage.totalLiveRecordsPayloadBytes,1774281647782000000,1774281707781000000,0
FilePageCache.pageLoads,1774281647782000000,1774281707781000000,0
StreamlinedBlobStorage.recordsDeleted,1774281647782000000,1774281707781000000,0
FilePageCacheLockFree.totalPagesReadMs,1774281647782000000,1774281707781000000,0
FilePageCacheLockFree.totalBytesRequested,1774281647782000000,1774281707781000000,0
FilePageCache.pageHits,1774281647782000000,1774281707781000000,0
StreamlinedBlobStorage.totalLiveRecordsCapacityBytes,1774281647782000000,1774281707781000000,0
FilePageCache.totalPageDisposalsUs,1774281647782000000,1774281707781000000,0
FilePageCacheLockFree.totalPagesWritten,1774281647782000000,1774281707781000000,0
FilePageCache.totalPageLoadsUs,1774281647782000000,1774281707781000000,0
FlushQueue.executionTimeMaxNs,1774281647782000000,1774281707781000000,26214399
FlushQueue.waitingTimeMaxNs,1774281647782000000,1774281707781000000,31719423
WriteAction.executionsCount,1774281647782000000,1774281707781000000,2
AWTEventQueue.dispatchTimeMaxNs,1774281647782000000,1774281707781000000,41943039
NonBlockingReadAction.failedExecutionTimeUs,1774281647782000000,1774281707781000000,0
NonBlockingReadAction.finalizedExecutionsCount,1774281647782000000,1774281707781000000,10
FlushQueue.waitingTime90PNs,1774281647782000000,1774281707781000000,663551
FlushQueue.tasksExecuted,1774281647782000000,1774281707781000000,1288
AWTEventQueue.dispatchTimeTotalNS,1774281647782000000,1774281707781000000,559845013
AWTEventQueue.dispatchTimeAvgNs,1774281647782000000,1774281707781000000,576563.5015447992
AWTEventQueue.eventsDispatched,1774281647782000000,1774281707781000000,971
FlushQueue.executionTime90PNs,1774281647782000000,1774281707781000000,154623
FlushQueue.waitingTimeAvgNs,1774281647782000000,1774281707781000000,627781.5403726709
FlushQueue.queueSize90P,1774281647782000000,1774281707781000000,5
FlushQueue.executionTimeAvgNs,1774281647782000000,1774281707781000000,124308.81677018634
FlushQueue.queueSizeMax,1774281647782000000,1774281707781000000,9
NonBlockingReadAction.finalizedExecutionTimeUs,1774281647782000000,1774281707781000000,8729
AWTEventQueue.dispatchTime90PNs,1774281647782000000,1774281707781000000,514047
FlushQueue.queueSizeAvg,1774281647782000000,1774281707781000000,1.0427018633540373
NonBlockingReadAction.failedExecutionsCount,1774281647782000000,1774281707781000000,0
ReadAction.executionsCount,1774281647782000000,1774281707781000000,1988
workspaceModel.workspaceFileIndexData.visitFileSets.ms,1774281647782000000,1774281707781000000,0
workspaceModel.cachedValue.from.cache.count,1774281647782000000,1774281707781000000,0
workspaceModel.cachedValueWithParameters.from.cache.count,1774281647782000000,1774281707781000000,0
workspaceModel.to.snapshot.ms,1774281647782000000,1774281707781000000,0
workspaceModel.pre.handlers.ms,1774281647782000000,1774281707781000000,0
workspaceModel.workspaceFileIndexData.getPackageName.ms,1774281647782000000,1774281707781000000,2
workspaceModel.replace.project.model.ms,1774281647782000000,1774281707781000000,0
workspaceModel.updates.ms,1774281647782000000,1774281707781000000,0
workspaceModel.workspaceFileIndexData.updateDirtyEntities.ms,1774281647782000000,1774281707781000000,0
workspaceModel.on.before.changed.ms,1774281647782000000,1774281707781000000,0
workspaceModel.full.replace.project.model.ms,1774281647782000000,1774281707781000000,0
workspaceModel.updates.precise.ms,1774281647782000000,1774281707781000000,0
workspaceModel.workspaceFileIndexContributor.registerFileSets.ms,1774281647782000000,1774281707781000000,0
workspaceModel.cachedValue.total.get.count,1774281647782000000,1774281707781000000,1
workspaceModel.loading.from.cache.ms,1774281647782000000,1774281707781000000,0
workspaceModel.cachedValueWithParameters.clear.count,1774281647782000000,1774281707781000000,0
workspaceModel.cachedValueWithParameters.calculated.count,1774281647782000000,1774281707781000000,0
workspaceModel.on.changed.ms,1774281647782000000,1774281707781000000,0
workspaceModel.workspaceFileIndexData.markDirty.ms,1774281647782000000,1774281707781000000,0
workspaceModel.cachedValue.clear.count,1774281647782000000,1774281707781000000,0
workspaceModel.cachedValueWithParameters.total.get.count,1774281647782000000,1774281707781000000,0
workspaceModel.cachedValue.calculated.count,1774281647782000000,1774281707781000000,1
workspaceModel.entityStorageSnapshotImpl.instances.count,1774281647782000000,1774281707781000000,0
workspaceModel.initializing.ms,1774281647782000000,1774281707781000000,0
workspaceModel.workspaceFileIndexData.getDirectoriesByPackageName.ms,1774281647782000000,1774281707781000000,8
workspaceModel.workspaceFileIndexData.onEntitiesChanged.ms,1774281647782000000,1774281707781000000,0
workspaceModel.update.unloaded.entities.ms,1774281647782000000,1774281707781000000,0
workspaceModel.workspaceFileIndexData.processFileSets.ms,1774281647782000000,1774281707781000000,0
workspaceModel.loading.total.ms,1774281647782000000,1774281707781000000,0
workspaceModel.check.recursive.update.ms,1774281647782000000,1774281707781000000,0
workspaceModel.workspaceFileIndexData.getFileInfo.ms,1774281647782000000,1774281707781000000,1
workspaceModel.updates.count,1774281647782000000,1774281707781000000,0
workspaceModel.init.bridges.ms,1774281647782000000,1774281707781000000,0
workspaceModel.workspaceFileIndexData.instances.count,1774281647782000000,1774281707781000000,0
workspaceModel.collect.changes.ms,1774281647782000000,1774281707781000000,0
workspaceModel.workspaceFileIndexData.init.ms,1774281647782000000,1774281707781000000,0
JVM.GC.collections,1774281707781000000,1774281767781000000,9
JVM.totalCpuTimeMs,1774281707781000000,1774281767781000000,21642
OS.loadAverage,1774281707781000000,1774281767781000000,22.6923828125
JVM.usedNativeBytes,1774281707781000000,1774281767781000000,592418360
JVM.maxHeapBytes,1774281707781000000,1774281767781000000,2147483648
JVM.totalTimeAtSafepointsMs,1774281707781000000,1774281767781000000,283
JVM.totalBytesAllocated,1774281707781000000,1774281767781000000,1132121520
JVM.totalTimeToSafepointsMs,1774281707781000000,1774281767781000000,15
JVM.threadCount,1774281707781000000,1774281767781000000,67
JVM.GC.collectionTimesMs,1774281707781000000,1774281767781000000,269
JVM.totalSafepointCount,1774281707781000000,1774281767781000000,182
JVM.totalDirectByteBuffersBytes,1774281707781000000,1774281767781000000,448560168
JVM.maxThreadCount,1774281707781000000,1774281767781000000,125
JVM.usedHeapBytes,1774281707781000000,1774281767781000000,650117120
JVM.newThreadsCount,1774281707781000000,1774281767781000000,12
writeAction.max.wait.ms,1774281707781000000,1774281767781000000,479
DiskQueryRelay.tasksExecuted,1774281707781000000,1774281767781000000,2427
lexer.JAVA.time.ns,1774281707781000000,1774281767781000000,5256578
parser.JSON.size.bytes,1774281707781000000,1774281767781000000,0
writeAction.count,1774281707781000000,1774281767781000000,7
lexer.JSON.size.bytes,1774281707781000000,1774281767781000000,0
writeAction.median.wait.ms,1774281707781000000,1774281767781000000,800
DiskQueryRelay.tasksRequested,1774281707781000000,1774281767781000000,2476
lexer.JSON.time.ns,1774281707781000000,1774281767781000000,16458
writeAction.wait.ms,1774281707781000000,1774281767781000000,2
parser.JAVA.time.ns,1774281707781000000,1774281767781000000,37502375
DiskQueryRelay.taskWaitingTotalTimeUs,1774281707781000000,1774281767781000000,525283
parser.JAVA.size.bytes,1774281707781000000,1774281767781000000,55210
DiskQueryRelay.taskExecutionTotalTimeUs,1774281707781000000,1774281767781000000,465983
parser.JSON.time.ns,1774281707781000000,1774281767781000000,1112625
lexer.JAVA.size.bytes,1774281707781000000,1774281767781000000,55210
workspaceModel.moduleManagerBridge.newModule.ms,1774281707781000000,1774281767781000000,0
workspaceModel.mutableEntityStorage.apply.changes.from.ms,1774281707781000000,1774281767781000000,0
jps.load.initial.state.ms,1774281707781000000,1774281767781000000,0
workspaceModel.moduleBridge.before.changed.ms,1774281707781000000,1774281767781000000,0
jps.reload.project.entities.ms,1774281707781000000,1774281767781000000,0
workspaceModel.mutableEntityStorage.mutable.vfurl.index.ms,1774281707781000000,1774281767781000000,0
jps.save.changed.project.entities.ms,1774281707781000000,1774281767781000000,2
jps.global.initialize.library.bridges.after.loading.ms,1774281707781000000,1774281767781000000,0
jps.global.get.library.by.name.ms,1774281707781000000,1774281767781000000,0
jps.global.handle.changed.events.ms,1774281707781000000,1774281767781000000,0
workspaceModel.mutableEntityStorage.instances.count,1774281707781000000,1774281767781000000,0
workspaceModel.global.apply.state.to.project.ms,1774281707781000000,1774281767781000000,0
workspaceModel.mutableEntityStorage.has.same.entities.ms,1774281707781000000,1774281767781000000,0
workspaceModel.mutableEntityStorage.entities.by.source.ms,1774281707781000000,1774281767781000000,0
jps.library.entities.serializer.load.entities.ms,1774281707781000000,1774281767781000000,0
workspaceModel.mutableEntityStorage.modify.entity.ms,1774281707781000000,1774281767781000000,0
workspaceModel.global.updates.count,1774281707781000000,1774281767781000000,0
jps.app.storage.content.reader.load.component.ms,1774281707781000000,1774281767781000000,0
workspaceModel.mutableEntityStorage.changeLog.addReplaceEventForRemovedChild.ms,1774281707781000000,1774281767781000000,0
jps.global.get.libraries.ms,1774281707781000000,1774281767781000000,0
workspaceModel.moduleManagerBridge.set.unloadedModules.ms,1774281707781000000,1774281767781000000,0
workspaceModel.mutableEntityStorage.add.entity.ms,1774281707781000000,1774281767781000000,0
workspaceModel.mutableEntityStorage.remove.entity.ms,1774281707781000000,1774281767781000000,0
workspaceModel.mutableEntityStorage.mutable.ext.mapping.ms,1774281707781000000,1774281767781000000,0
workspaceModel.moduleManagerBridge.create.module.instance.ms,1774281707781000000,1774281767781000000,0
jps.apply.loaded.storage.ms,1774281707781000000,1774281767781000000,0
workspaceModel.moduleManagerBridge.load.module.ms,1774281707781000000,1774281767781000000,0
workspaceModel.mutableEntityStorage.changeLog.addReplaceEventForNewChild.ms,1774281707781000000,1774281767781000000,0
workspaceModel.delayed.project.synchronizer.sync.ms,1774281707781000000,1774281767781000000,0
workspaceModel.mutableEntityStorage.entities.ms,1774281707781000000,1774281767781000000,0
workspaceModel.moduleBridge.update.option.ms,1774281707781000000,1774281767781000000,0
workspaceModel.mutableEntityStorage.changeLog.addReplaceEventForNewParent.ms,1774281707781000000,1774281767781000000,0
workspaceModel.mutableEntityStorage.to.snapshot.ms,1774281707781000000,1774281767781000000,0
jps.facet.change.listener.process.change.events.ms,1774281707781000000,1774281767781000000,0
jps.facet.change.listener.before.change.events.ms,1774281707781000000,1774281767781000000,0
workspaceModel.moduleManagerBridge.new.nonPersistent.module.ms,1774281707781000000,1774281767781000000,0
jps.global.handle.before.change.events.ms,1774281707781000000,1774281767781000000,0
jps.module.iml.entities.serializer.save.entities.ms,1774281707781000000,1774281767781000000,0
jps.module.dependency.index.workspace.model.listener.on.changed.ms,1774281707781000000,1774281767781000000,0
workspaceModel.mutableEntityStorage.collect.changes.ms,1774281707781000000,1774281767781000000,0
workspaceModel.load.cache.from.file.ms,1774281707781000000,1774281767781000000,0
jps.save.global.entities.ms,1774281707781000000,1774281767781000000,13
workspaceModel.moduleManagerBridge.load.all.modules.ms,1774281707781000000,1774281767781000000,0
workspaceModel.mutableEntityStorage.replace.by.source.ms,1774281707781000000,1774281767781000000,0
jps.global.get.library.ms,1774281707781000000,1774281767781000000,0
workspaceModel.moduleBridge.facet.initialization.ms,1774281707781000000,1774281767781000000,0
workspaceModel.global.updates.ms,1774281707781000000,1774281767781000000,0
workspaceModel.moduleManagerBridge.get.modules.ms,1774281707781000000,1774281767781000000,0
workspaceModel.sync.entities.ms,1774281707781000000,1774281767781000000,0
jps.global.initialize.library.bridges.ms,1774281707781000000,1774281767781000000,0
workspaceModel.mutableEntityStorage.changeLog.addReplaceEventForRemovedParent.ms,1774281707781000000,1774281767781000000,0
jps.artifact.entities.serializer.save.entities.ms,1774281707781000000,1774281767781000000,0
workspaceModel.global.apply.state.to.project.builder.ms,1774281707781000000,1774281767781000000,0
jps.facet.change.listener.init.bridge.ms,1774281707781000000,1774281767781000000,0
jps.load.project.to.empty.storage.ms,1774281707781000000,1774281767781000000,0
jps.app.storage.content.writer.save.component.ms,1774281707781000000,1774281767781000000,4
jps.artifact.entities.serializer.load.entities.ms,1774281707781000000,1774281767781000000,0
workspaceModel.do.save.caches.ms,1774281707781000000,1774281767781000000,0
workspaceModel.mutableEntityStorage.referrers.ms,1774281707781000000,1774281767781000000,0
jps.library.entities.serializer.save.entities.ms,1774281707781000000,1774281767781000000,0
jps.module.iml.entities.serializer.load.entities.ms,1774281707781000000,1774281767781000000,0
jps.project.serializers.load.ms,1774281707781000000,1774281767781000000,0
workspaceModel.mutableEntityStorage.put.entity.ms,1774281707781000000,1774281767781000000,0
workspaceModel.moduleBridgeLoader.loading.modules.ms,1774281707781000000,1774281767781000000,0
workspaceModel.load.cache.metadata.from.file.ms,1774281707781000000,1774281767781000000,0
jps.storage.jps.conf.reader.load.component.ms,1774281707781000000,1774281767781000000,0
jps.project.serializers.save.ms,1774281707781000000,1774281767781000000,1
workspaceModel.mutableEntityStorage.resolve.ms,1774281707781000000,1774281767781000000,0
workspaceModel.moduleManagerBridge.build.module.graph.ms,1774281707781000000,1774281767781000000,0
workspaceModel.save.cache.to.file.ms,1774281707781000000,1774281767781000000,0
workspaceModel.orphan.listener.update.ms,1774281707781000000,1774281767781000000,0
compiler.ArtifactManagerBridge.initBridges.ms,1774281707781000000,1774281767781000000,0
compiler.ArtifactManagerBridge.commit.ms,1774281707781000000,1774281767781000000,0
compiler.ArtifactManagerBridge.getArtifactsByType.ms,1774281707781000000,1774281767781000000,0
compiler.ArtifactManagerBridge.addArtifact.ms,1774281707781000000,1774281767781000000,0
compiler.ArtifactManagerBridge.getArtifacts.ms,1774281707781000000,1774281767781000000,0
compiler.ArtifactManagerBridge.dropMappings.ms,1774281707781000000,1774281767781000000,0
compiler.ArtifactVirtualFileListener.propertyChanged.ms,1774281707781000000,1774281767781000000,0
compiler.ArtifactVirtualFileListener.filePathChanged.ms,1774281707781000000,1774281767781000000,0
compiler.ArtifactManagerBridge.findArtifact.ms,1774281707781000000,1774281767781000000,0
VFS.contentStorage.recordsReadDecompressed,1774281707781000000,1774281767781000000,235
VFS.contentStorage.recordsReadSize,1774281707781000000,1774281767781000000,14413292
VFS.contentStorage.recordsStored,1774281707781000000,1774281767781000000,0
VFS.invertedFileNameIndex.requests,1774281707781000000,1774281767781000000,2
VFS.contentStorage.recordsDecompressionTimeUs,1774281707781000000,1774281767781000000,57247
VFS.fileByIdCache.misses,1774281707781000000,1774281767781000000,9353
FileNameCache.totalMisses,1774281707781000000,1774281767781000000,3200
VFS.contentStorage.recordsRead,1774281707781000000,1774281767781000000,1276
VFS.contentStorage.recordsUncompressedSize,1774281707781000000,1774281767781000000,0
VFS.contentStorage.recordsStoredSize,1774281707781000000,1774281767781000000,0
FileNameCache.queries,1774281707781000000,1774281767781000000,165440
VFS.fileChildByName,1774281707781000000,1774281767781000000,16944
VFS.contentStorage.recordsStoredCompressed,1774281707781000000,1774281767781000000,0
VFS.fileByIdCache.hits,1774281707781000000,1774281767781000000,0
VFS.contentStorage.recordsDeduplicated,1774281707781000000,1774281767781000000,0
Indexing.cache.totalCacheEvicted,1774281707781000000,1774281767781000000,4990
Indexing.writesQueuedMax,1774281707781000000,1774281767781000000,0
IndexesFlusher.totalFlushesRetried,1774281707781000000,1774281767781000000,0
IndexesFlusher.totalContentionQuotaSpent,1774281707781000000,1774281767781000000,0
Indexing.totalTimeIndexersSleptMs,1774281707781000000,1774281767781000000,0
Indexes.entries.lookups,1774281707781000000,1774281767781000000,2708
Indexing.writer_0.totalTimeSpentWritingMs,1774281707781000000,1774281767781000000,0
Indexes.stubs.lookupDuration90PMs,1774281707781000000,1774281767781000000,0.0
Indexing.cache.totalCacheMisses,1774281707781000000,1774281767781000000,4990
Indexing.cache.totalCacheAccesses,1774281707781000000,1774281767781000000,8591
Indexing.writesQueuedMin,1774281707781000000,1774281767781000000,0
Indexes.entries.lookupDuration90PMs,1774281707781000000,1774281767781000000,0.0
Indexes.entries.lookupDurationAvgMs,1774281707781000000,1774281767781000000,0.04579025110782865
Indexes.stubs.lookupDurationMaxMs,1774281707781000000,1774281767781000000,43.0
Indexes.entries.lookupDurationMaxMs,1774281707781000000,1774281767781000000,18.0
Indexes.allKeys.lookups,1774281707781000000,1774281767781000000,0
IndexesFlusher.totalFlushes,1774281707781000000,1774281767781000000,118
Indexes.allKeys.lookupDurationAvgMs,1774281707781000000,1774281767781000000,0.0
Indexes.allKeys.lookupDuration90PMs,1774281707781000000,1774281767781000000,0.0
Indexing.writesQueuedAvg,1774281707781000000,1774281767781000000,0.0
Indexes.stubs.lookups,1774281707781000000,1774281767781000000,3812
Indexes.allKeys.lookupDurationMaxMs,1774281707781000000,1774281767781000000,0.0
Indexes.stubs.lookupDurationAvgMs,1774281707781000000,1774281767781000000,0.11122770199370409
Indexing.writer_3.totalTimeSpentWritingMs,1774281707781000000,1774281767781000000,0
Indexing.writer_2.totalTimeSpentWritingMs,1774281707781000000,1774281767781000000,0
Indexing.writer_1.totalTimeSpentWritingMs,1774281707781000000,1774281767781000000,0
IndexesFlusher.totalFlushingTimeUs,1774281707781000000,1774281767781000000,225632
cacheStateStorage.set.duration,1774281707781000000,1774281767781000000,0
cacheStateStorage.set.counter,1774281707781000000,1774281767781000000,0
cacheStateStorage.get.counter,1774281707781000000,1774281767781000000,0
cacheStateStorage.get.duration,1774281707781000000,1774281767781000000,0
DirectByteBufferAllocator.disposed,1774281707781000000,1774281767781000000,0
StorageLockContext.competingThreads.max,1774281707781000000,1774281767781000000,0
StorageLockContext.competingThreads.avg,1774281707781000000,1774281767781000000,0.0
StorageLockContext.competingThreads.90P,1774281707781000000,1774281767781000000,0
MappedFileStorage.storages,1774281707781000000,1774281767781000000,16
FilePageCacheLockFree.housekeeperTimeSpentMs,1774281707781000000,1774281767781000000,0
FilePageCacheLockFree.nativeBytesInUse,1774281707781000000,1774281767781000000,0
DirectByteBufferAllocator.reclaimed,1774281707781000000,1774281767781000000,0
DirectByteBufferAllocator.totalSizeOfBuffersAllocatedInBytes,1774281707781000000,1774281767781000000,444620800
FilePageCache.capacityInBytes,1774281707781000000,1774281767781000000,503316478
FilePageCache.uncachedFileAccess,1774281707781000000,1774281767781000000,23
FilePageCache.maxRegisteredFiles,1774281707781000000,1774281767781000000,562
MappedFileStorage.totalTimeSpentOnMappingUs,1774281707781000000,1774281767781000000,15434
MappedFileStorage.totalPagesMapped,1774281707781000000,1774281767781000000,21
DirectByteBufferAllocator.hits,1774281707781000000,1774281767781000000,0
DirectByteBufferAllocator.totalSizeOfBuffersCachedInBytes,1774281707781000000,1774281767781000000,0
FilePageCacheLockFree.totalBytesRead,1774281707781000000,1774281767781000000,0
FilePageCacheLockFree.heapBytesInUse,1774281707781000000,1774281767781000000,0
FilePageCacheLockFree.totalHeapBytesReclaimed,1774281707781000000,1774281767781000000,0
FilePageCacheLockFree.totalNativeBytesAllocated,1774281707781000000,1774281767781000000,0
StreamlinedBlobStorage.recordsRelocated,1774281707781000000,1774281767781000000,0
FilePageCache.maxCacheSizeInBytes,1774281707781000000,1774281767781000000,444620800
FilePageCacheLockFree.totalPagesRequestsMs,1774281707781000000,1774281767781000000,0
FilePageCache.pageFastCacheHits,1774281707781000000,1774281767781000000,6841
FilePageCacheLockFree.totalClosedStoragesReclaimed,1774281707781000000,1774281767781000000,0
FilePageCache.pageLoadsAboveSizeThreshold,1774281707781000000,1774281767781000000,0
FilePageCacheLockFree.totalPagesAllocated,1774281707781000000,1774281767781000000,0
FilePageCacheLockFree.totalNativeBytesReclaimed,1774281707781000000,1774281767781000000,0
DirectByteBufferAllocator.misses,1774281707781000000,1774281767781000000,81
FilePageCacheLockFree.totalHeapBytesAllocated,1774281707781000000,1774281767781000000,0
FilePageCacheLockFree.totalPagesRequested,1774281707781000000,1774281767781000000,0
FilePageCacheLockFree.housekeeperTurnsDone,1774281707781000000,1774281767781000000,0
FilePageCache.disposedBuffers,1774281707781000000,1774281767781000000,0
FilePageCacheLockFree.totalPageAllocationsWaited,1774281707781000000,1774281767781000000,0
FilePageCacheLockFree.totalPagesHandedOver,1774281707781000000,1774281767781000000,0
FilePageCacheLockFree.totalPagesReclaimed,1774281707781000000,1774281767781000000,0
FileChannelInterruptsRetryer.totalRetriedAttempts,1774281707781000000,1774281767781000000,0
MappedFileStorage.totalBytesMapped,1774281707781000000,1774281767781000000,252968960
FilePageCacheLockFree.totalBytesWritten,1774281707781000000,1774281767781000000,0
StreamlinedBlobStorage.recordsAllocated,1774281707781000000,1774281767781000000,2
FilePageCacheLockFree.housekeeperTurnsSkipped,1774281707781000000,1774281767781000000,0
FilePageCacheLockFree.totalPagesWriteMs,1774281707781000000,1774281767781000000,0
StreamlinedBlobStorage.totalLiveRecordsPayloadBytes,1774281707781000000,1774281767781000000,2482
FilePageCache.pageLoads,1774281707781000000,1774281767781000000,81
StreamlinedBlobStorage.recordsDeleted,1774281707781000000,1774281767781000000,0
FilePageCacheLockFree.totalPagesReadMs,1774281707781000000,1774281767781000000,0
FilePageCacheLockFree.totalBytesRequested,1774281707781000000,1774281767781000000,0
FilePageCache.pageHits,1774281707781000000,1774281767781000000,192
StreamlinedBlobStorage.totalLiveRecordsCapacityBytes,1774281707781000000,1774281767781000000,3222
FilePageCache.totalPageDisposalsUs,1774281707781000000,1774281767781000000,77
FilePageCacheLockFree.totalPagesWritten,1774281707781000000,1774281767781000000,0
FilePageCache.totalPageLoadsUs,1774281707781000000,1774281767781000000,56770
FlushQueue.executionTimeMaxNs,1774281707781000000,1774281767781000000,30408703
FlushQueue.waitingTimeMaxNs,1774281707781000000,1774281767781000000,85983231
WriteAction.executionsCount,1774281707781000000,1774281767781000000,7
AWTEventQueue.dispatchTimeMaxNs,1774281707781000000,1774281767781000000,131596287
NonBlockingReadAction.failedExecutionTimeUs,1774281707781000000,1774281767781000000,8641
NonBlockingReadAction.finalizedExecutionsCount,1774281707781000000,1774281767781000000,133
FlushQueue.waitingTime90PNs,1774281707781000000,1774281767781000000,2097151
FlushQueue.tasksExecuted,1774281707781000000,1774281767781000000,2942
AWTEventQueue.dispatchTimeTotalNS,1774281707781000000,1774281767781000000,1733594402
AWTEventQueue.dispatchTimeAvgNs,1774281707781000000,1774281767781000000,726816.5699916178
AWTEventQueue.eventsDispatched,1774281707781000000,1774281767781000000,2386
FlushQueue.executionTime90PNs,1774281707781000000,1774281767781000000,141311
FlushQueue.waitingTimeAvgNs,1774281707781000000,1774281767781000000,1370765.3154316791
FlushQueue.queueSize90P,1774281707781000000,1774281767781000000,14
FlushQueue.executionTimeAvgNs,1774281707781000000,1774281767781000000,126348.93813732154
FlushQueue.queueSizeMax,1774281707781000000,1774281767781000000,30
NonBlockingReadAction.finalizedExecutionTimeUs,1774281707781000000,1774281767781000000,72007
AWTEventQueue.dispatchTime90PNs,1774281707781000000,1774281767781000000,593919
FlushQueue.queueSizeAvg,1774281707781000000,1774281767781000000,3.662134602311353
NonBlockingReadAction.failedExecutionsCount,1774281707781000000,1774281767781000000,11
ReadAction.executionsCount,1774281707781000000,1774281767781000000,144085
workspaceModel.workspaceFileIndexData.visitFileSets.ms,1774281707781000000,1774281767781000000,0
workspaceModel.cachedValue.from.cache.count,1774281707781000000,1774281767781000000,3876
workspaceModel.cachedValueWithParameters.from.cache.count,1774281707781000000,1774281767781000000,0
workspaceModel.to.snapshot.ms,1774281707781000000,1774281767781000000,0
workspaceModel.pre.handlers.ms,1774281707781000000,1774281767781000000,0
workspaceModel.workspaceFileIndexData.getPackageName.ms,1774281707781000000,1774281767781000000,78
workspaceModel.replace.project.model.ms,1774281707781000000,1774281767781000000,0
workspaceModel.updates.ms,1774281707781000000,1774281767781000000,0
workspaceModel.workspaceFileIndexData.updateDirtyEntities.ms,1774281707781000000,1774281767781000000,0
workspaceModel.on.before.changed.ms,1774281707781000000,1774281767781000000,0
workspaceModel.full.replace.project.model.ms,1774281707781000000,1774281767781000000,0
workspaceModel.updates.precise.ms,1774281707781000000,1774281767781000000,0
workspaceModel.workspaceFileIndexContributor.registerFileSets.ms,1774281707781000000,1774281767781000000,0
workspaceModel.cachedValue.total.get.count,1774281707781000000,1774281767781000000,3991
workspaceModel.loading.from.cache.ms,1774281707781000000,1774281767781000000,0
workspaceModel.cachedValueWithParameters.clear.count,1774281707781000000,1774281767781000000,0
workspaceModel.cachedValueWithParameters.calculated.count,1774281707781000000,1774281767781000000,0
workspaceModel.on.changed.ms,1774281707781000000,1774281767781000000,0
workspaceModel.workspaceFileIndexData.markDirty.ms,1774281707781000000,1774281767781000000,0
workspaceModel.cachedValue.clear.count,1774281707781000000,1774281767781000000,0
workspaceModel.cachedValueWithParameters.total.get.count,1774281707781000000,1774281767781000000,0
workspaceModel.cachedValue.calculated.count,1774281707781000000,1774281767781000000,115
workspaceModel.entityStorageSnapshotImpl.instances.count,1774281707781000000,1774281767781000000,0
workspaceModel.initializing.ms,1774281707781000000,1774281767781000000,0
workspaceModel.workspaceFileIndexData.getDirectoriesByPackageName.ms,1774281707781000000,1774281767781000000,89
workspaceModel.workspaceFileIndexData.onEntitiesChanged.ms,1774281707781000000,1774281767781000000,0
workspaceModel.update.unloaded.entities.ms,1774281707781000000,1774281767781000000,0
workspaceModel.workspaceFileIndexData.processFileSets.ms,1774281707781000000,1774281767781000000,0
workspaceModel.loading.total.ms,1774281707781000000,1774281767781000000,0
workspaceModel.check.recursive.update.ms,1774281707781000000,1774281767781000000,0
workspaceModel.workspaceFileIndexData.getFileInfo.ms,1774281707781000000,1774281767781000000,62
workspaceModel.updates.count,1774281707781000000,1774281767781000000,0
workspaceModel.init.bridges.ms,1774281707781000000,1774281767781000000,0
workspaceModel.workspaceFileIndexData.instances.count,1774281707781000000,1774281767781000000,0
workspaceModel.collect.changes.ms,1774281707781000000,1774281767781000000,0
workspaceModel.workspaceFileIndexData.init.ms,1774281707781000000,1774281767781000000,0
JVM.GC.collections,1774281767781000000,1774281827777000000,1
JVM.totalCpuTimeMs,1774281767781000000,1774281827777000000,4270
OS.loadAverage,1774281767781000000,1774281827777000000,17.06103515625
JVM.usedNativeBytes,1774281767781000000,1774281827777000000,602790128
JVM.maxHeapBytes,1774281767781000000,1774281827777000000,2147483648
JVM.totalTimeAtSafepointsMs,1774281767781000000,1774281827777000000,18
JVM.totalBytesAllocated,1774281767781000000,1774281827777000000,487389704
JVM.totalTimeToSafepointsMs,1774281767781000000,1774281827777000000,2
JVM.threadCount,1774281767781000000,1774281827777000000,71
JVM.GC.collectionTimesMs,1774281767781000000,1774281827777000000,14
JVM.totalSafepointCount,1774281767781000000,1774281827777000000,14
JVM.totalDirectByteBuffersBytes,1774281767781000000,1774281827777000000,449521828
JVM.maxThreadCount,1774281767781000000,1774281827777000000,125
JVM.usedHeapBytes,1774281767781000000,1774281827777000000,676431744
JVM.newThreadsCount,1774281767781000000,1774281827777000000,8
writeAction.max.wait.ms,1774281767781000000,1774281827777000000,479
DiskQueryRelay.tasksExecuted,1774281767781000000,1774281827777000000,82
writeAction.count,1774281767781000000,1774281827777000000,2
writeAction.median.wait.ms,1774281767781000000,1774281827777000000,800
DiskQueryRelay.tasksRequested,1774281767781000000,1774281827777000000,82
writeAction.wait.ms,1774281767781000000,1774281827777000000,0
DiskQueryRelay.taskWaitingTotalTimeUs,1774281767781000000,1774281827777000000,49612
DiskQueryRelay.taskExecutionTotalTimeUs,1774281767781000000,1774281827777000000,41720
workspaceModel.moduleManagerBridge.newModule.ms,1774281767781000000,1774281827777000000,0
workspaceModel.mutableEntityStorage.apply.changes.from.ms,1774281767781000000,1774281827777000000,0
jps.load.initial.state.ms,1774281767781000000,1774281827777000000,0
workspaceModel.moduleBridge.before.changed.ms,1774281767781000000,1774281827777000000,0
jps.reload.project.entities.ms,1774281767781000000,1774281827777000000,0
workspaceModel.mutableEntityStorage.mutable.vfurl.index.ms,1774281767781000000,1774281827777000000,0
jps.save.changed.project.entities.ms,1774281767781000000,1774281827777000000,0
jps.global.initialize.library.bridges.after.loading.ms,1774281767781000000,1774281827777000000,0
jps.global.get.library.by.name.ms,1774281767781000000,1774281827777000000,0
jps.global.handle.changed.events.ms,1774281767781000000,1774281827777000000,0
workspaceModel.mutableEntityStorage.instances.count,1774281767781000000,1774281827777000000,0
workspaceModel.global.apply.state.to.project.ms,1774281767781000000,1774281827777000000,0
workspaceModel.mutableEntityStorage.has.same.entities.ms,1774281767781000000,1774281827777000000,0
workspaceModel.mutableEntityStorage.entities.by.source.ms,1774281767781000000,1774281827777000000,0
jps.library.entities.serializer.load.entities.ms,1774281767781000000,1774281827777000000,0
workspaceModel.mutableEntityStorage.modify.entity.ms,1774281767781000000,1774281827777000000,0
workspaceModel.global.updates.count,1774281767781000000,1774281827777000000,0
jps.app.storage.content.reader.load.component.ms,1774281767781000000,1774281827777000000,0
workspaceModel.mutableEntityStorage.changeLog.addReplaceEventForRemovedChild.ms,1774281767781000000,1774281827777000000,0
jps.global.get.libraries.ms,1774281767781000000,1774281827777000000,0
workspaceModel.moduleManagerBridge.set.unloadedModules.ms,1774281767781000000,1774281827777000000,0
workspaceModel.mutableEntityStorage.add.entity.ms,1774281767781000000,1774281827777000000,0
workspaceModel.mutableEntityStorage.remove.entity.ms,1774281767781000000,1774281827777000000,0
workspaceModel.mutableEntityStorage.mutable.ext.mapping.ms,1774281767781000000,1774281827777000000,0
workspaceModel.moduleManagerBridge.create.module.instance.ms,1774281767781000000,1774281827777000000,0
jps.apply.loaded.storage.ms,1774281767781000000,1774281827777000000,0
workspaceModel.moduleManagerBridge.load.module.ms,1774281767781000000,1774281827777000000,0
workspaceModel.mutableEntityStorage.changeLog.addReplaceEventForNewChild.ms,1774281767781000000,1774281827777000000,0
workspaceModel.delayed.project.synchronizer.sync.ms,1774281767781000000,1774281827777000000,0
workspaceModel.mutableEntityStorage.entities.ms,1774281767781000000,1774281827777000000,0
workspaceModel.moduleBridge.update.option.ms,1774281767781000000,1774281827777000000,0
workspaceModel.mutableEntityStorage.changeLog.addReplaceEventForNewParent.ms,1774281767781000000,1774281827777000000,0
workspaceModel.mutableEntityStorage.to.snapshot.ms,1774281767781000000,1774281827777000000,0
jps.facet.change.listener.process.change.events.ms,1774281767781000000,1774281827777000000,0
jps.facet.change.listener.before.change.events.ms,1774281767781000000,1774281827777000000,0
workspaceModel.moduleManagerBridge.new.nonPersistent.module.ms,1774281767781000000,1774281827777000000,0
jps.global.handle.before.change.events.ms,1774281767781000000,1774281827777000000,0
jps.module.iml.entities.serializer.save.entities.ms,1774281767781000000,1774281827777000000,0
jps.module.dependency.index.workspace.model.listener.on.changed.ms,1774281767781000000,1774281827777000000,0
workspaceModel.mutableEntityStorage.collect.changes.ms,1774281767781000000,1774281827777000000,0
workspaceModel.load.cache.from.file.ms,1774281767781000000,1774281827777000000,0
jps.save.global.entities.ms,1774281767781000000,1774281827777000000,0
workspaceModel.moduleManagerBridge.load.all.modules.ms,1774281767781000000,1774281827777000000,0
workspaceModel.mutableEntityStorage.replace.by.source.ms,1774281767781000000,1774281827777000000,0
jps.global.get.library.ms,1774281767781000000,1774281827777000000,0
workspaceModel.moduleBridge.facet.initialization.ms,1774281767781000000,1774281827777000000,0
workspaceModel.global.updates.ms,1774281767781000000,1774281827777000000,0
workspaceModel.moduleManagerBridge.get.modules.ms,1774281767781000000,1774281827777000000,0
workspaceModel.sync.entities.ms,1774281767781000000,1774281827777000000,0
jps.global.initialize.library.bridges.ms,1774281767781000000,1774281827777000000,0
workspaceModel.mutableEntityStorage.changeLog.addReplaceEventForRemovedParent.ms,1774281767781000000,1774281827777000000,0
jps.artifact.entities.serializer.save.entities.ms,1774281767781000000,1774281827777000000,0
workspaceModel.global.apply.state.to.project.builder.ms,1774281767781000000,1774281827777000000,0
jps.facet.change.listener.init.bridge.ms,1774281767781000000,1774281827777000000,0
jps.load.project.to.empty.storage.ms,1774281767781000000,1774281827777000000,0
jps.app.storage.content.writer.save.component.ms,1774281767781000000,1774281827777000000,0
jps.artifact.entities.serializer.load.entities.ms,1774281767781000000,1774281827777000000,0
workspaceModel.do.save.caches.ms,1774281767781000000,1774281827777000000,0
workspaceModel.mutableEntityStorage.referrers.ms,1774281767781000000,1774281827777000000,0
jps.library.entities.serializer.save.entities.ms,1774281767781000000,1774281827777000000,0
jps.module.iml.entities.serializer.load.entities.ms,1774281767781000000,1774281827777000000,0
jps.project.serializers.load.ms,1774281767781000000,1774281827777000000,0
workspaceModel.mutableEntityStorage.put.entity.ms,1774281767781000000,1774281827777000000,0
workspaceModel.moduleBridgeLoader.loading.modules.ms,1774281767781000000,1774281827777000000,0
workspaceModel.load.cache.metadata.from.file.ms,1774281767781000000,1774281827777000000,0
jps.storage.jps.conf.reader.load.component.ms,1774281767781000000,1774281827777000000,0
jps.project.serializers.save.ms,1774281767781000000,1774281827777000000,0
workspaceModel.mutableEntityStorage.resolve.ms,1774281767781000000,1774281827777000000,0
workspaceModel.moduleManagerBridge.build.module.graph.ms,1774281767781000000,1774281827777000000,1
workspaceModel.save.cache.to.file.ms,1774281767781000000,1774281827777000000,0
workspaceModel.orphan.listener.update.ms,1774281767781000000,1774281827777000000,0
compiler.ArtifactManagerBridge.initBridges.ms,1774281767781000000,1774281827777000000,0
compiler.ArtifactManagerBridge.commit.ms,1774281767781000000,1774281827777000000,0
compiler.ArtifactManagerBridge.getArtifactsByType.ms,1774281767781000000,1774281827777000000,0
compiler.ArtifactManagerBridge.addArtifact.ms,1774281767781000000,1774281827777000000,0
compiler.ArtifactManagerBridge.getArtifacts.ms,1774281767781000000,1774281827777000000,0
compiler.ArtifactManagerBridge.dropMappings.ms,1774281767781000000,1774281827777000000,0
compiler.ArtifactVirtualFileListener.propertyChanged.ms,1774281767781000000,1774281827777000000,0
compiler.ArtifactVirtualFileListener.filePathChanged.ms,1774281767781000000,1774281827777000000,0
compiler.ArtifactManagerBridge.findArtifact.ms,1774281767781000000,1774281827777000000,0
VFS.contentStorage.recordsReadDecompressed,1774281767781000000,1774281827777000000,3
VFS.contentStorage.recordsReadSize,1774281767781000000,1774281827777000000,55971
VFS.contentStorage.recordsStored,1774281767781000000,1774281827777000000,0
VFS.invertedFileNameIndex.requests,1774281767781000000,1774281827777000000,0
VFS.contentStorage.recordsDecompressionTimeUs,1774281767781000000,1774281827777000000,367
VFS.fileByIdCache.misses,1774281767781000000,1774281827777000000,709
FileNameCache.totalMisses,1774281767781000000,1774281827777000000,1088
VFS.contentStorage.recordsRead,1774281767781000000,1774281827777000000,14
VFS.contentStorage.recordsUncompressedSize,1774281767781000000,1774281827777000000,0
VFS.contentStorage.recordsStoredSize,1774281767781000000,1774281827777000000,0
FileNameCache.queries,1774281767781000000,1774281827777000000,9024
VFS.fileChildByName,1774281767781000000,1774281827777000000,2083
VFS.contentStorage.recordsStoredCompressed,1774281767781000000,1774281827777000000,0
VFS.fileByIdCache.hits,1774281767781000000,1774281827777000000,0
VFS.contentStorage.recordsDeduplicated,1774281767781000000,1774281827777000000,0
Indexing.cache.totalCacheEvicted,1774281767781000000,1774281827777000000,1115
Indexing.writesQueuedMax,1774281767781000000,1774281827777000000,0
IndexesFlusher.totalFlushesRetried,1774281767781000000,1774281827777000000,0
IndexesFlusher.totalContentionQuotaSpent,1774281767781000000,1774281827777000000,0
Indexing.totalTimeIndexersSleptMs,1774281767781000000,1774281827777000000,0
Indexes.entries.lookups,1774281767781000000,1774281827777000000,2
Indexing.writer_0.totalTimeSpentWritingMs,1774281767781000000,1774281827777000000,0
Indexes.stubs.lookupDuration90PMs,1774281767781000000,1774281827777000000,0.0
Indexing.cache.totalCacheMisses,1774281767781000000,1774281827777000000,1115
Indexing.cache.totalCacheAccesses,1774281767781000000,1774281827777000000,2244
Indexing.writesQueuedMin,1774281767781000000,1774281827777000000,0
Indexes.entries.lookupDuration90PMs,1774281767781000000,1774281827777000000,5.0
Indexes.entries.lookupDurationAvgMs,1774281767781000000,1774281827777000000,3.5
Indexes.stubs.lookupDurationMaxMs,1774281767781000000,1774281827777000000,18.0
Indexes.entries.lookupDurationMaxMs,1774281767781000000,1774281827777000000,5.0
Indexes.allKeys.lookups,1774281767781000000,1774281827777000000,0
IndexesFlusher.totalFlushes,1774281767781000000,1774281827777000000,117
Indexes.allKeys.lookupDurationAvgMs,1774281767781000000,1774281827777000000,0.0
Indexes.allKeys.lookupDuration90PMs,1774281767781000000,1774281827777000000,0.0
Indexing.writesQueuedAvg,1774281767781000000,1774281827777000000,0.0
Indexes.stubs.lookups,1774281767781000000,1774281827777000000,2100
Indexes.allKeys.lookupDurationMaxMs,1774281767781000000,1774281827777000000,0.0
Indexes.stubs.lookupDurationAvgMs,1774281767781000000,1774281827777000000,0.06
Indexing.writer_3.totalTimeSpentWritingMs,1774281767781000000,1774281827777000000,0
Indexing.writer_2.totalTimeSpentWritingMs,1774281767781000000,1774281827777000000,0
Indexing.writer_1.totalTimeSpentWritingMs,1774281767781000000,1774281827777000000,0
IndexesFlusher.totalFlushingTimeUs,1774281767781000000,1774281827777000000,246321
cacheStateStorage.set.duration,1774281767781000000,1774281827777000000,0
cacheStateStorage.set.counter,1774281767781000000,1774281827777000000,0
cacheStateStorage.get.counter,1774281767781000000,1774281827777000000,0
cacheStateStorage.get.duration,1774281767781000000,1774281827777000000,0
DirectByteBufferAllocator.disposed,1774281767781000000,1774281827777000000,0
StorageLockContext.competingThreads.max,1774281767781000000,1774281827777000000,0
StorageLockContext.competingThreads.avg,1774281767781000000,1774281827777000000,0.0
StorageLockContext.competingThreads.90P,1774281767781000000,1774281827777000000,0
MappedFileStorage.storages,1774281767781000000,1774281827777000000,16
FilePageCacheLockFree.housekeeperTimeSpentMs,1774281767781000000,1774281827777000000,0
FilePageCacheLockFree.nativeBytesInUse,1774281767781000000,1774281827777000000,0
DirectByteBufferAllocator.reclaimed,1774281767781000000,1774281827777000000,0
DirectByteBufferAllocator.totalSizeOfBuffersAllocatedInBytes,1774281767781000000,1774281827777000000,445669376
FilePageCache.capacityInBytes,1774281767781000000,1774281827777000000,503316478
FilePageCache.uncachedFileAccess,1774281767781000000,1774281827777000000,3
FilePageCache.maxRegisteredFiles,1774281767781000000,1774281827777000000,562
MappedFileStorage.totalTimeSpentOnMappingUs,1774281767781000000,1774281827777000000,15757
MappedFileStorage.totalPagesMapped,1774281767781000000,1774281827777000000,22
DirectByteBufferAllocator.hits,1774281767781000000,1774281827777000000,0
DirectByteBufferAllocator.totalSizeOfBuffersCachedInBytes,1774281767781000000,1774281827777000000,0
FilePageCacheLockFree.totalBytesRead,1774281767781000000,1774281827777000000,0
FilePageCacheLockFree.heapBytesInUse,1774281767781000000,1774281827777000000,0
FilePageCacheLockFree.totalHeapBytesReclaimed,1774281767781000000,1774281827777000000,0
FilePageCacheLockFree.totalNativeBytesAllocated,1774281767781000000,1774281827777000000,0
StreamlinedBlobStorage.recordsRelocated,1774281767781000000,1774281827777000000,0
FilePageCache.maxCacheSizeInBytes,1774281767781000000,1774281827777000000,445669376
FilePageCacheLockFree.totalPagesRequestsMs,1774281767781000000,1774281827777000000,0
FilePageCache.pageFastCacheHits,1774281767781000000,1774281827777000000,885
FilePageCacheLockFree.totalClosedStoragesReclaimed,1774281767781000000,1774281827777000000,0
FilePageCache.pageLoadsAboveSizeThreshold,1774281767781000000,1774281827777000000,0
FilePageCacheLockFree.totalPagesAllocated,1774281767781000000,1774281827777000000,0
FilePageCacheLockFree.totalNativeBytesReclaimed,1774281767781000000,1774281827777000000,0
DirectByteBufferAllocator.misses,1774281767781000000,1774281827777000000,1
FilePageCacheLockFree.totalHeapBytesAllocated,1774281767781000000,1774281827777000000,0
FilePageCacheLockFree.totalPagesRequested,1774281767781000000,1774281827777000000,0
FilePageCacheLockFree.housekeeperTurnsDone,1774281767781000000,1774281827777000000,0
FilePageCache.disposedBuffers,1774281767781000000,1774281827777000000,0
FilePageCacheLockFree.totalPageAllocationsWaited,1774281767781000000,1774281827777000000,0
FilePageCacheLockFree.totalPagesHandedOver,1774281767781000000,1774281827777000000,0
FilePageCacheLockFree.totalPagesReclaimed,1774281767781000000,1774281827777000000,0
FileChannelInterruptsRetryer.totalRetriedAttempts,1774281767781000000,1774281827777000000,0
MappedFileStorage.totalBytesMapped,1774281767781000000,1774281827777000000,257163264
FilePageCacheLockFree.totalBytesWritten,1774281767781000000,1774281827777000000,0
StreamlinedBlobStorage.recordsAllocated,1774281767781000000,1774281827777000000,0
FilePageCacheLockFree.housekeeperTurnsSkipped,1774281767781000000,1774281827777000000,0
FilePageCacheLockFree.totalPagesWriteMs,1774281767781000000,1774281827777000000,0
StreamlinedBlobStorage.totalLiveRecordsPayloadBytes,1774281767781000000,1774281827777000000,0
FilePageCache.pageLoads,1774281767781000000,1774281827777000000,1
StreamlinedBlobStorage.recordsDeleted,1774281767781000000,1774281827777000000,0
FilePageCacheLockFree.totalPagesReadMs,1774281767781000000,1774281827777000000,0
FilePageCacheLockFree.totalBytesRequested,1774281767781000000,1774281827777000000,0
FilePageCache.pageHits,1774281767781000000,1774281827777000000,11
StreamlinedBlobStorage.totalLiveRecordsCapacityBytes,1774281767781000000,1774281827777000000,0
FilePageCache.totalPageDisposalsUs,1774281767781000000,1774281827777000000,2
FilePageCacheLockFree.totalPagesWritten,1774281767781000000,1774281827777000000,0
FilePageCache.totalPageLoadsUs,1774281767781000000,1774281827777000000,842
FlushQueue.executionTimeMaxNs,1774281767781000000,1774281827777000000,20054015
FlushQueue.waitingTimeMaxNs,1774281767781000000,1774281827777000000,19791871
WriteAction.executionsCount,1774281767781000000,1774281827777000000,2
AWTEventQueue.dispatchTimeMaxNs,1774281767781000000,1774281827777000000,20054015
NonBlockingReadAction.failedExecutionTimeUs,1774281767781000000,1774281827777000000,0
NonBlockingReadAction.finalizedExecutionsCount,1774281767781000000,1774281827777000000,22
FlushQueue.waitingTime90PNs,1774281767781000000,1774281827777000000,626687
FlushQueue.tasksExecuted,1774281767781000000,1774281827777000000,1089
AWTEventQueue.dispatchTimeTotalNS,1774281767781000000,1774281827777000000,186204582
AWTEventQueue.dispatchTimeAvgNs,1774281767781000000,1774281827777000000,215006.91916859124
AWTEventQueue.eventsDispatched,1774281767781000000,1774281827777000000,866
FlushQueue.executionTime90PNs,1774281767781000000,1774281827777000000,110079
FlushQueue.waitingTimeAvgNs,1774281767781000000,1774281827777000000,371943.4931129477
FlushQueue.queueSize90P,1774281767781000000,1774281827777000000,4
FlushQueue.executionTimeAvgNs,1774281767781000000,1774281827777000000,79492.19467401286
FlushQueue.queueSizeMax,1774281767781000000,1774281827777000000,26
NonBlockingReadAction.finalizedExecutionTimeUs,1774281767781000000,1774281827777000000,42745
AWTEventQueue.dispatchTime90PNs,1774281767781000000,1774281827777000000,339967
FlushQueue.queueSizeAvg,1774281767781000000,1774281827777000000,1.3122130394857667
NonBlockingReadAction.failedExecutionsCount,1774281767781000000,1774281827777000000,0
ReadAction.executionsCount,1774281767781000000,1774281827777000000,1770729
workspaceModel.workspaceFileIndexData.visitFileSets.ms,1774281767781000000,1774281827777000000,2
workspaceModel.cachedValue.from.cache.count,1774281767781000000,1774281827777000000,607
workspaceModel.cachedValueWithParameters.from.cache.count,1774281767781000000,1774281827777000000,0
workspaceModel.to.snapshot.ms,1774281767781000000,1774281827777000000,0
workspaceModel.pre.handlers.ms,1774281767781000000,1774281827777000000,0
workspaceModel.workspaceFileIndexData.getPackageName.ms,1774281767781000000,1774281827777000000,0
workspaceModel.replace.project.model.ms,1774281767781000000,1774281827777000000,0
workspaceModel.updates.ms,1774281767781000000,1774281827777000000,0
workspaceModel.workspaceFileIndexData.updateDirtyEntities.ms,1774281767781000000,1774281827777000000,0
workspaceModel.on.before.changed.ms,1774281767781000000,1774281827777000000,0
workspaceModel.full.replace.project.model.ms,1774281767781000000,1774281827777000000,0
workspaceModel.updates.precise.ms,1774281767781000000,1774281827777000000,0
workspaceModel.workspaceFileIndexContributor.registerFileSets.ms,1774281767781000000,1774281827777000000,0
workspaceModel.cachedValue.total.get.count,1774281767781000000,1774281827777000000,611
workspaceModel.loading.from.cache.ms,1774281767781000000,1774281827777000000,0
workspaceModel.cachedValueWithParameters.clear.count,1774281767781000000,1774281827777000000,0
workspaceModel.cachedValueWithParameters.calculated.count,1774281767781000000,1774281827777000000,0
workspaceModel.on.changed.ms,1774281767781000000,1774281827777000000,0
workspaceModel.workspaceFileIndexData.markDirty.ms,1774281767781000000,1774281827777000000,0
workspaceModel.cachedValue.clear.count,1774281767781000000,1774281827777000000,0
workspaceModel.cachedValueWithParameters.total.get.count,1774281767781000000,1774281827777000000,0
workspaceModel.cachedValue.calculated.count,1774281767781000000,1774281827777000000,4
workspaceModel.entityStorageSnapshotImpl.instances.count,1774281767781000000,1774281827777000000,0
workspaceModel.initializing.ms,1774281767781000000,1774281827777000000,0
workspaceModel.workspaceFileIndexData.getDirectoriesByPackageName.ms,1774281767781000000,1774281827777000000,0
workspaceModel.workspaceFileIndexData.onEntitiesChanged.ms,1774281767781000000,1774281827777000000,0
workspaceModel.update.unloaded.entities.ms,1774281767781000000,1774281827777000000,0
workspaceModel.workspaceFileIndexData.processFileSets.ms,1774281767781000000,1774281827777000000,0
workspaceModel.loading.total.ms,1774281767781000000,1774281827777000000,0
workspaceModel.check.recursive.update.ms,1774281767781000000,1774281827777000000,0
workspaceModel.workspaceFileIndexData.getFileInfo.ms,1774281767781000000,1774281827777000000,360
workspaceModel.updates.count,1774281767781000000,1774281827777000000,0
workspaceModel.init.bridges.ms,1774281767781000000,1774281827777000000,0
workspaceModel.workspaceFileIndexData.instances.count,1774281767781000000,1774281827777000000,0
workspaceModel.collect.changes.ms,1774281767781000000,1774281827777000000,0
workspaceModel.workspaceFileIndexData.init.ms,1774281767781000000,1774281827777000000,0
JVM.GC.collections,1774281827777000000,1774281839467000000,0
JVM.totalCpuTimeMs,1774281827777000000,1774281839467000000,1806
OS.loadAverage,1774281827777000000,1774281839467000000,18.3564453125
JVM.usedNativeBytes,1774281827777000000,1774281839467000000,605978296
JVM.maxHeapBytes,1774281827777000000,1774281839467000000,2147483648
JVM.totalTimeAtSafepointsMs,1774281827777000000,1774281839467000000,1
JVM.totalBytesAllocated,1774281827777000000,1774281839467000000,85438144
JVM.totalTimeToSafepointsMs,1774281827777000000,1774281839467000000,0
JVM.threadCount,1774281827777000000,1774281839467000000,100
JVM.GC.collectionTimesMs,1774281827777000000,1774281839467000000,0
JVM.totalSafepointCount,1774281827777000000,1774281839467000000,12
JVM.totalDirectByteBuffersBytes,1774281827777000000,1774281839467000000,52376205
JVM.maxThreadCount,1774281827777000000,1774281839467000000,125
JVM.usedHeapBytes,1774281827777000000,1774281839467000000,772900736
JVM.newThreadsCount,1774281827777000000,1774281839467000000,40
writeAction.max.wait.ms,1774281827777000000,1774281839467000000,479
DiskQueryRelay.tasksExecuted,1774281827777000000,1774281839467000000,17
writeAction.count,1774281827777000000,1774281839467000000,0
writeAction.median.wait.ms,1774281827777000000,1774281839467000000,800
DiskQueryRelay.tasksRequested,1774281827777000000,1774281839467000000,17
writeAction.wait.ms,1774281827777000000,1774281839467000000,0
DiskQueryRelay.taskWaitingTotalTimeUs,1774281827777000000,1774281839467000000,2831
DiskQueryRelay.taskExecutionTotalTimeUs,1774281827777000000,1774281839467000000,2810
workspaceModel.moduleManagerBridge.newModule.ms,1774281827777000000,1774281839467000000,0
workspaceModel.mutableEntityStorage.apply.changes.from.ms,1774281827777000000,1774281839467000000,0
jps.load.initial.state.ms,1774281827777000000,1774281839467000000,0
workspaceModel.moduleBridge.before.changed.ms,1774281827777000000,1774281839467000000,0
jps.reload.project.entities.ms,1774281827777000000,1774281839467000000,0
workspaceModel.mutableEntityStorage.mutable.vfurl.index.ms,1774281827777000000,1774281839467000000,0
jps.save.changed.project.entities.ms,1774281827777000000,1774281839467000000,0
jps.global.initialize.library.bridges.after.loading.ms,1774281827777000000,1774281839467000000,0
jps.global.get.library.by.name.ms,1774281827777000000,1774281839467000000,0
jps.global.handle.changed.events.ms,1774281827777000000,1774281839467000000,0
workspaceModel.mutableEntityStorage.instances.count,1774281827777000000,1774281839467000000,0
workspaceModel.global.apply.state.to.project.ms,1774281827777000000,1774281839467000000,0
workspaceModel.mutableEntityStorage.has.same.entities.ms,1774281827777000000,1774281839467000000,0
workspaceModel.mutableEntityStorage.entities.by.source.ms,1774281827777000000,1774281839467000000,0
jps.library.entities.serializer.load.entities.ms,1774281827777000000,1774281839467000000,0
workspaceModel.mutableEntityStorage.modify.entity.ms,1774281827777000000,1774281839467000000,0
workspaceModel.global.updates.count,1774281827777000000,1774281839467000000,0
jps.app.storage.content.reader.load.component.ms,1774281827777000000,1774281839467000000,0
workspaceModel.mutableEntityStorage.changeLog.addReplaceEventForRemovedChild.ms,1774281827777000000,1774281839467000000,0
jps.global.get.libraries.ms,1774281827777000000,1774281839467000000,0
workspaceModel.moduleManagerBridge.set.unloadedModules.ms,1774281827777000000,1774281839467000000,0
workspaceModel.mutableEntityStorage.add.entity.ms,1774281827777000000,1774281839467000000,0
workspaceModel.mutableEntityStorage.remove.entity.ms,1774281827777000000,1774281839467000000,0
workspaceModel.mutableEntityStorage.mutable.ext.mapping.ms,1774281827777000000,1774281839467000000,0
workspaceModel.moduleManagerBridge.create.module.instance.ms,1774281827777000000,1774281839467000000,0
jps.apply.loaded.storage.ms,1774281827777000000,1774281839467000000,0
workspaceModel.moduleManagerBridge.load.module.ms,1774281827777000000,1774281839467000000,0
workspaceModel.mutableEntityStorage.changeLog.addReplaceEventForNewChild.ms,1774281827777000000,1774281839467000000,0
workspaceModel.delayed.project.synchronizer.sync.ms,1774281827777000000,1774281839467000000,0
workspaceModel.mutableEntityStorage.entities.ms,1774281827777000000,1774281839467000000,0
workspaceModel.moduleBridge.update.option.ms,1774281827777000000,1774281839467000000,0
workspaceModel.mutableEntityStorage.changeLog.addReplaceEventForNewParent.ms,1774281827777000000,1774281839467000000,0
workspaceModel.mutableEntityStorage.to.snapshot.ms,1774281827777000000,1774281839467000000,0
jps.facet.change.listener.process.change.events.ms,1774281827777000000,1774281839467000000,0
jps.facet.change.listener.before.change.events.ms,1774281827777000000,1774281839467000000,0
workspaceModel.moduleManagerBridge.new.nonPersistent.module.ms,1774281827777000000,1774281839467000000,0
jps.global.handle.before.change.events.ms,1774281827777000000,1774281839467000000,0
jps.module.iml.entities.serializer.save.entities.ms,1774281827777000000,1774281839467000000,0
jps.module.dependency.index.workspace.model.listener.on.changed.ms,1774281827777000000,1774281839467000000,0
workspaceModel.mutableEntityStorage.collect.changes.ms,1774281827777000000,1774281839467000000,0
workspaceModel.load.cache.from.file.ms,1774281827777000000,1774281839467000000,0
jps.save.global.entities.ms,1774281827777000000,1774281839467000000,0
workspaceModel.moduleManagerBridge.load.all.modules.ms,1774281827777000000,1774281839467000000,0
workspaceModel.mutableEntityStorage.replace.by.source.ms,1774281827777000000,1774281839467000000,0
jps.global.get.library.ms,1774281827777000000,1774281839467000000,0
workspaceModel.moduleBridge.facet.initialization.ms,1774281827777000000,1774281839467000000,0
workspaceModel.global.updates.ms,1774281827777000000,1774281839467000000,0
workspaceModel.moduleManagerBridge.get.modules.ms,1774281827777000000,1774281839467000000,0
workspaceModel.sync.entities.ms,1774281827777000000,1774281839467000000,0
jps.global.initialize.library.bridges.ms,1774281827777000000,1774281839467000000,0
workspaceModel.mutableEntityStorage.changeLog.addReplaceEventForRemovedParent.ms,1774281827777000000,1774281839467000000,0
jps.artifact.entities.serializer.save.entities.ms,1774281827777000000,1774281839467000000,0
workspaceModel.global.apply.state.to.project.builder.ms,1774281827777000000,1774281839467000000,0
jps.facet.change.listener.init.bridge.ms,1774281827777000000,1774281839467000000,0
jps.load.project.to.empty.storage.ms,1774281827777000000,1774281839467000000,0
jps.app.storage.content.writer.save.component.ms,1774281827777000000,1774281839467000000,0
jps.artifact.entities.serializer.load.entities.ms,1774281827777000000,1774281839467000000,0
workspaceModel.do.save.caches.ms,1774281827777000000,1774281839467000000,0
workspaceModel.mutableEntityStorage.referrers.ms,1774281827777000000,1774281839467000000,0
jps.library.entities.serializer.save.entities.ms,1774281827777000000,1774281839467000000,0
jps.module.iml.entities.serializer.load.entities.ms,1774281827777000000,1774281839467000000,0
jps.project.serializers.load.ms,1774281827777000000,1774281839467000000,0
workspaceModel.mutableEntityStorage.put.entity.ms,1774281827777000000,1774281839467000000,0
workspaceModel.moduleBridgeLoader.loading.modules.ms,1774281827777000000,1774281839467000000,0
workspaceModel.load.cache.metadata.from.file.ms,1774281827777000000,1774281839467000000,0
jps.storage.jps.conf.reader.load.component.ms,1774281827777000000,1774281839467000000,0
jps.project.serializers.save.ms,1774281827777000000,1774281839467000000,0
workspaceModel.mutableEntityStorage.resolve.ms,1774281827777000000,1774281839467000000,0
workspaceModel.moduleManagerBridge.build.module.graph.ms,1774281827777000000,1774281839467000000,0
workspaceModel.save.cache.to.file.ms,1774281827777000000,1774281839467000000,0
workspaceModel.orphan.listener.update.ms,1774281827777000000,1774281839467000000,0
compiler.ArtifactManagerBridge.initBridges.ms,1774281827777000000,1774281839467000000,0
compiler.ArtifactManagerBridge.commit.ms,1774281827777000000,1774281839467000000,0
compiler.ArtifactManagerBridge.getArtifactsByType.ms,1774281827777000000,1774281839467000000,0
compiler.ArtifactManagerBridge.addArtifact.ms,1774281827777000000,1774281839467000000,0
compiler.ArtifactManagerBridge.getArtifacts.ms,1774281827777000000,1774281839467000000,0
compiler.ArtifactManagerBridge.dropMappings.ms,1774281827777000000,1774281839467000000,0
compiler.ArtifactVirtualFileListener.propertyChanged.ms,1774281827777000000,1774281839467000000,0
compiler.ArtifactVirtualFileListener.filePathChanged.ms,1774281827777000000,1774281839467000000,0
compiler.ArtifactManagerBridge.findArtifact.ms,1774281827777000000,1774281839467000000,0
VFS.invertedFileNameIndex.requests,1774281827777000000,1774281839467000000,0
VFS.fileByIdCache.misses,1774281827777000000,1774281839467000000,0
VFS.fileChildByName,1774281827777000000,1774281839467000000,0
VFS.fileByIdCache.hits,1774281827777000000,1774281839467000000,0
Indexing.cache.totalCacheEvicted,1774281827777000000,1774281839467000000,0
Indexing.writesQueuedMax,1774281827777000000,1774281839467000000,0
Indexing.totalTimeIndexersSleptMs,1774281827777000000,1774281839467000000,0
Indexes.entries.lookups,1774281827777000000,1774281839467000000,0
Indexing.writer_0.totalTimeSpentWritingMs,1774281827777000000,1774281839467000000,0
Indexes.stubs.lookupDuration90PMs,1774281827777000000,1774281839467000000,0.0
Indexing.cache.totalCacheMisses,1774281827777000000,1774281839467000000,0
Indexing.cache.totalCacheAccesses,1774281827777000000,1774281839467000000,0
Indexing.writesQueuedMin,1774281827777000000,1774281839467000000,0
Indexes.entries.lookupDuration90PMs,1774281827777000000,1774281839467000000,0.0
Indexes.entries.lookupDurationAvgMs,1774281827777000000,1774281839467000000,0.0
Indexes.stubs.lookupDurationMaxMs,1774281827777000000,1774281839467000000,0.0
Indexes.entries.lookupDurationMaxMs,1774281827777000000,1774281839467000000,0.0
Indexes.allKeys.lookups,1774281827777000000,1774281839467000000,0
Indexes.allKeys.lookupDurationAvgMs,1774281827777000000,1774281839467000000,0.0
Indexes.allKeys.lookupDuration90PMs,1774281827777000000,1774281839467000000,0.0
Indexing.writesQueuedAvg,1774281827777000000,1774281839467000000,0.0
Indexes.stubs.lookups,1774281827777000000,1774281839467000000,0
Indexes.allKeys.lookupDurationMaxMs,1774281827777000000,1774281839467000000,0.0
Indexes.stubs.lookupDurationAvgMs,1774281827777000000,1774281839467000000,0.0
Indexing.writer_3.totalTimeSpentWritingMs,1774281827777000000,1774281839467000000,0
Indexing.writer_2.totalTimeSpentWritingMs,1774281827777000000,1774281839467000000,0
Indexing.writer_1.totalTimeSpentWritingMs,1774281827777000000,1774281839467000000,0
cacheStateStorage.set.duration,1774281827777000000,1774281839467000000,0
cacheStateStorage.set.counter,1774281827777000000,1774281839467000000,0
cacheStateStorage.get.counter,1774281827777000000,1774281839467000000,0
cacheStateStorage.get.duration,1774281827777000000,1774281839467000000,0
DirectByteBufferAllocator.disposed,1774281827777000000,1774281839467000000,379
StorageLockContext.competingThreads.max,1774281827777000000,1774281839467000000,0
StorageLockContext.competingThreads.avg,1774281827777000000,1774281839467000000,0.0
StorageLockContext.competingThreads.90P,1774281827777000000,1774281839467000000,0
MappedFileStorage.storages,1774281827777000000,1774281839467000000,0
FilePageCacheLockFree.housekeeperTimeSpentMs,1774281827777000000,1774281839467000000,0
FilePageCacheLockFree.nativeBytesInUse,1774281827777000000,1774281839467000000,0
DirectByteBufferAllocator.reclaimed,1774281827777000000,1774281839467000000,43
DirectByteBufferAllocator.totalSizeOfBuffersAllocatedInBytes,1774281827777000000,1774281839467000000,48259072
FilePageCache.capacityInBytes,1774281827777000000,1774281839467000000,503316478
FilePageCache.uncachedFileAccess,1774281827777000000,1774281839467000000,0
FilePageCache.maxRegisteredFiles,1774281827777000000,1774281839467000000,562
MappedFileStorage.totalTimeSpentOnMappingUs,1774281827777000000,1774281839467000000,15757
MappedFileStorage.totalPagesMapped,1774281827777000000,1774281839467000000,0
DirectByteBufferAllocator.hits,1774281827777000000,1774281839467000000,0
DirectByteBufferAllocator.totalSizeOfBuffersCachedInBytes,1774281827777000000,1774281839467000000,41967616
FilePageCacheLockFree.totalBytesRead,1774281827777000000,1774281839467000000,0
FilePageCacheLockFree.heapBytesInUse,1774281827777000000,1774281839467000000,0
FilePageCacheLockFree.totalHeapBytesReclaimed,1774281827777000000,1774281839467000000,0
FilePageCacheLockFree.totalNativeBytesAllocated,1774281827777000000,1774281839467000000,0
FilePageCache.maxCacheSizeInBytes,1774281827777000000,1774281839467000000,445669376
FilePageCacheLockFree.totalPagesRequestsMs,1774281827777000000,1774281839467000000,0
FilePageCache.pageFastCacheHits,1774281827777000000,1774281839467000000,0
FilePageCacheLockFree.totalClosedStoragesReclaimed,1774281827777000000,1774281839467000000,0
FilePageCache.pageLoadsAboveSizeThreshold,1774281827777000000,1774281839467000000,0
FilePageCacheLockFree.totalPagesAllocated,1774281827777000000,1774281839467000000,0
FilePageCacheLockFree.totalNativeBytesReclaimed,1774281827777000000,1774281839467000000,0
DirectByteBufferAllocator.misses,1774281827777000000,1774281839467000000,0
FilePageCacheLockFree.totalHeapBytesAllocated,1774281827777000000,1774281839467000000,0
FilePageCacheLockFree.totalPagesRequested,1774281827777000000,1774281839467000000,0
FilePageCacheLockFree.housekeeperTurnsDone,1774281827777000000,1774281839467000000,0
FilePageCache.disposedBuffers,1774281827777000000,1774281839467000000,422
FilePageCacheLockFree.totalPageAllocationsWaited,1774281827777000000,1774281839467000000,0
FilePageCacheLockFree.totalPagesHandedOver,1774281827777000000,1774281839467000000,0
FilePageCacheLockFree.totalPagesReclaimed,1774281827777000000,1774281839467000000,0
FileChannelInterruptsRetryer.totalRetriedAttempts,1774281827777000000,1774281839467000000,0
MappedFileStorage.totalBytesMapped,1774281827777000000,1774281839467000000,0
FilePageCacheLockFree.totalBytesWritten,1774281827777000000,1774281839467000000,0
FilePageCacheLockFree.housekeeperTurnsSkipped,1774281827777000000,1774281839467000000,0
FilePageCacheLockFree.totalPagesWriteMs,1774281827777000000,1774281839467000000,0
FilePageCache.pageLoads,1774281827777000000,1774281839467000000,0
FilePageCacheLockFree.totalPagesReadMs,1774281827777000000,1774281839467000000,0
FilePageCacheLockFree.totalBytesRequested,1774281827777000000,1774281839467000000,0
FilePageCache.pageHits,1774281827777000000,1774281839467000000,0
FilePageCache.totalPageDisposalsUs,1774281827777000000,1774281839467000000,0
FilePageCacheLockFree.totalPagesWritten,1774281827777000000,1774281839467000000,0
FilePageCache.totalPageLoadsUs,1774281827777000000,1774281839467000000,0
FlushQueue.executionTimeMaxNs,1774281827777000000,1774281839467000000,3342335
FlushQueue.waitingTimeMaxNs,1774281827777000000,1774281839467000000,4227071
WriteAction.executionsCount,1774281827777000000,1774281839467000000,0
AWTEventQueue.dispatchTimeMaxNs,1774281827777000000,1774281839467000000,3440639
NonBlockingReadAction.failedExecutionTimeUs,1774281827777000000,1774281839467000000,0
NonBlockingReadAction.finalizedExecutionsCount,1774281827777000000,1774281839467000000,0
FlushQueue.waitingTime90PNs,1774281827777000000,1774281839467000000,815103
FlushQueue.tasksExecuted,1774281827777000000,1774281839467000000,154
AWTEventQueue.dispatchTimeTotalNS,1774281827777000000,1774281839467000000,21697706
AWTEventQueue.dispatchTimeAvgNs,1774281827777000000,1774281839467000000,143745.6953642384
AWTEventQueue.eventsDispatched,1774281827777000000,1774281839467000000,151
FlushQueue.executionTime90PNs,1774281827777000000,1774281839467000000,78847
FlushQueue.waitingTimeAvgNs,1774281827777000000,1774281839467000000,343025.87012987013
FlushQueue.queueSize90P,1774281827777000000,1774281839467000000,1
FlushQueue.executionTimeAvgNs,1774281827777000000,1774281839467000000,74760.07792207792
FlushQueue.queueSizeMax,1774281827777000000,1774281839467000000,2
NonBlockingReadAction.finalizedExecutionTimeUs,1774281827777000000,1774281839467000000,0
AWTEventQueue.dispatchTime90PNs,1774281827777000000,1774281839467000000,208895
FlushQueue.queueSizeAvg,1774281827777000000,1774281839467000000,0.16883116883116883
NonBlockingReadAction.failedExecutionsCount,1774281827777000000,1774281839467000000,0
ReadAction.executionsCount,1774281827777000000,1774281839467000000,49
workspaceModel.workspaceFileIndexData.visitFileSets.ms,1774281827777000000,1774281839467000000,0
workspaceModel.cachedValue.from.cache.count,1774281827777000000,1774281839467000000,0
workspaceModel.cachedValueWithParameters.from.cache.count,1774281827777000000,1774281839467000000,0
workspaceModel.to.snapshot.ms,1774281827777000000,1774281839467000000,0
workspaceModel.pre.handlers.ms,1774281827777000000,1774281839467000000,0
workspaceModel.workspaceFileIndexData.getPackageName.ms,1774281827777000000,1774281839467000000,0
workspaceModel.replace.project.model.ms,1774281827777000000,1774281839467000000,0
workspaceModel.updates.ms,1774281827777000000,1774281839467000000,0
workspaceModel.workspaceFileIndexData.updateDirtyEntities.ms,1774281827777000000,1774281839467000000,0
workspaceModel.on.before.changed.ms,1774281827777000000,1774281839467000000,0
workspaceModel.full.replace.project.model.ms,1774281827777000000,1774281839467000000,0
workspaceModel.updates.precise.ms,1774281827777000000,1774281839467000000,0
workspaceModel.workspaceFileIndexContributor.registerFileSets.ms,1774281827777000000,1774281839467000000,0
workspaceModel.cachedValue.total.get.count,1774281827777000000,1774281839467000000,0
workspaceModel.loading.from.cache.ms,1774281827777000000,1774281839467000000,0
workspaceModel.cachedValueWithParameters.clear.count,1774281827777000000,1774281839467000000,0
workspaceModel.cachedValueWithParameters.calculated.count,1774281827777000000,1774281839467000000,0
workspaceModel.on.changed.ms,1774281827777000000,1774281839467000000,0
workspaceModel.workspaceFileIndexData.markDirty.ms,1774281827777000000,1774281839467000000,0
workspaceModel.cachedValue.clear.count,1774281827777000000,1774281839467000000,0
workspaceModel.cachedValueWithParameters.total.get.count,1774281827777000000,1774281839467000000,0
workspaceModel.cachedValue.calculated.count,1774281827777000000,1774281839467000000,0
workspaceModel.entityStorageSnapshotImpl.instances.count,1774281827777000000,1774281839467000000,0
workspaceModel.initializing.ms,1774281827777000000,1774281839467000000,0
workspaceModel.workspaceFileIndexData.getDirectoriesByPackageName.ms,1774281827777000000,1774281839467000000,0
workspaceModel.workspaceFileIndexData.onEntitiesChanged.ms,1774281827777000000,1774281839467000000,0
workspaceModel.update.unloaded.entities.ms,1774281827777000000,1774281839467000000,0
workspaceModel.workspaceFileIndexData.processFileSets.ms,1774281827777000000,1774281839467000000,0
workspaceModel.loading.total.ms,1774281827777000000,1774281839467000000,0
workspaceModel.check.recursive.update.ms,1774281827777000000,1774281839467000000,0
workspaceModel.workspaceFileIndexData.getFileInfo.ms,1774281827777000000,1774281839467000000,0
workspaceModel.updates.count,1774281827777000000,1774281839467000000,0
workspaceModel.init.bridges.ms,1774281827777000000,1774281839467000000,0
workspaceModel.workspaceFileIndexData.instances.count,1774281827777000000,1774281839467000000,0
workspaceModel.collect.changes.ms,1774281827777000000,1774281839467000000,0
workspaceModel.workspaceFileIndexData.init.ms,1774281827777000000,1774281839467000000,0
