# OpenTelemetry Metrics report: .csv, 4 fields: 
# <metric name>, <period start, nanoseconds>, <period end, nanoseconds>, <metric value>
# See CsvMetricsExporter for details.
# 
# NAME, PERIOD_START_NANOS, PERIOD_END_NANOS, VALUE
cacheStateStorage.get.counter,1774280160020000000,1774280220129000000,137
cacheStateStorage.set.duration,1774280160020000000,1774280220129000000,15
cacheStateStorage.get.duration,1774280160020000000,1774280220129000000,151
cacheStateStorage.set.counter,1774280160020000000,1774280220129000000,6
workspaceModel.workspaceFileIndexData.getPackageName.ms,1774280160020000000,1774280220129000000,6
workspaceModel.cachedValue.clear.count,1774280160020000000,1774280220129000000,0
workspaceModel.initializing.ms,1774280160020000000,1774280220129000000,2
workspaceModel.collect.changes.ms,1774280160020000000,1774280220129000000,0
workspaceModel.workspaceFileIndexData.processFileSets.ms,1774280160020000000,1774280220129000000,0
workspaceModel.workspaceFileIndexData.init.ms,1774280160020000000,1774280220129000000,114
workspaceModel.full.replace.project.model.ms,1774280160020000000,1774280220129000000,2
workspaceModel.loading.from.cache.ms,1774280160020000000,1774280220129000000,234
workspaceModel.init.bridges.ms,1774280160020000000,1774280220129000000,2
workspaceModel.workspaceFileIndexData.updateDirtyEntities.ms,1774280160020000000,1774280220129000000,0
workspaceModel.workspaceFileIndexData.getFileInfo.ms,1774280160020000000,1774280220129000000,728
workspaceModel.cachedValue.calculated.count,1774280160020000000,1774280220129000000,272
workspaceModel.to.snapshot.ms,1774280160020000000,1774280220129000000,1
workspaceModel.on.changed.ms,1774280160020000000,1774280220129000000,20
workspaceModel.cachedValueWithParameters.from.cache.count,1774280160020000000,1774280220129000000,0
workspaceModel.workspaceFileIndexData.instances.count,1774280160020000000,1774280220129000000,2
workspaceModel.workspaceFileIndexContributor.registerFileSets.ms,1774280160020000000,1774280220129000000,211
workspaceModel.pre.handlers.ms,1774280160020000000,1774280220129000000,3
workspaceModel.workspaceFileIndexData.visitFileSets.ms,1774280160020000000,1774280220129000000,0
workspaceModel.cachedValue.from.cache.count,1774280160020000000,1774280220129000000,4275
workspaceModel.workspaceFileIndexData.markDirty.ms,1774280160020000000,1774280220129000000,0
workspaceModel.cachedValue.total.get.count,1774280160020000000,1774280220129000000,4547
workspaceModel.replace.project.model.ms,1774280160020000000,1774280220129000000,2
workspaceModel.updates.ms,1774280160020000000,1774280220129000000,64
workspaceModel.cachedValueWithParameters.calculated.count,1774280160020000000,1774280220129000000,0
workspaceModel.on.before.changed.ms,1774280160020000000,1774280220129000000,16
workspaceModel.update.unloaded.entities.ms,1774280160020000000,1774280220129000000,0
workspaceModel.workspaceFileIndexData.getDirectoriesByPackageName.ms,1774280160020000000,1774280220129000000,94
workspaceModel.loading.total.ms,1774280160020000000,1774280220129000000,241
workspaceModel.updates.precise.ms,1774280160020000000,1774280220129000000,23
workspaceModel.updates.count,1774280160020000000,1774280220129000000,13
workspaceModel.cachedValueWithParameters.total.get.count,1774280160020000000,1774280220129000000,0
workspaceModel.check.recursive.update.ms,1774280160020000000,1774280220129000000,2
workspaceModel.workspaceFileIndexData.onEntitiesChanged.ms,1774280160020000000,1774280220129000000,0
workspaceModel.cachedValueWithParameters.clear.count,1774280160020000000,1774280220129000000,0
workspaceModel.entityStorageSnapshotImpl.instances.count,1774280160020000000,1774280220129000000,48
compiler.ArtifactVirtualFileListener.filePathChanged.ms,1774280160020000000,1774280220129000000,0
compiler.ArtifactManagerBridge.initBridges.ms,1774280160020000000,1774280220129000000,0
compiler.ArtifactManagerBridge.getArtifactsByType.ms,1774280160020000000,1774280220129000000,2
compiler.ArtifactManagerBridge.addArtifact.ms,1774280160020000000,1774280220129000000,0
compiler.ArtifactManagerBridge.findArtifact.ms,1774280160020000000,1774280220129000000,0
compiler.ArtifactVirtualFileListener.propertyChanged.ms,1774280160020000000,1774280220129000000,0
compiler.ArtifactManagerBridge.getArtifacts.ms,1774280160020000000,1774280220129000000,0
compiler.ArtifactManagerBridge.dropMappings.ms,1774280160020000000,1774280220129000000,0
compiler.ArtifactManagerBridge.commit.ms,1774280160020000000,1774280220129000000,0
writeAction.count,1774280160020000000,1774280220129000000,37
DiskQueryRelay.tasksExecuted,1774280160020000000,1774280220129000000,13070
DiskQueryRelay.tasksRequested,1774280160020000000,1774280220129000000,13070
writeAction.max.wait.ms,1774280160020000000,1774280220129000000,681
DiskQueryRelay.taskExecutionTotalTimeUs,1774280160020000000,1774280220129000000,731571
parser.XML.time.ns,1774280160020000000,1774280220129000000,7425917
lexer.XML.time.ns,1774280160020000000,1774280220129000000,407792
parser.XML.size.bytes,1774280160020000000,1774280220129000000,4021
writeAction.median.wait.ms,1774280160020000000,1774280220129000000,200
DiskQueryRelay.taskWaitingTotalTimeUs,1774280160020000000,1774280220129000000,1975595
lexer.XML.size.bytes,1774280160020000000,1774280220129000000,4021
writeAction.wait.ms,1774280160020000000,1774280220129000000,1156
VFS.contentStorage.recordsReadDecompressed,1774280160020000000,1774280220129000000,0
VFS.invertedFileNameIndex.requests,1774280160020000000,1774280220129000000,2
VFS.contentStorage.recordsDeduplicated,1774280160020000000,1774280220129000000,0
VFS.contentStorage.recordsRead,1774280160020000000,1774280220129000000,37
FileNameCache.totalMisses,1774280160020000000,1774280220129000000,468928
VFS.contentStorage.recordsStoredCompressed,1774280160020000000,1774280220129000000,0
VFS.contentStorage.recordsReadSize,1774280160020000000,1774280220129000000,62617
VFS.fileByIdCache.misses,1774280160020000000,1774280220129000000,625177
VFS.contentStorage.recordsDecompressionTimeUs,1774280160020000000,1774280220129000000,0
VFS.fileChildByName,1774280160020000000,1774280220129000000,198547
VFS.contentStorage.recordsUncompressedSize,1774280160020000000,1774280220129000000,0
VFS.contentStorage.recordsStored,1774280160020000000,1774280220129000000,0
VFS.contentStorage.recordsStoredSize,1774280160020000000,1774280220129000000,0
VFS.fileByIdCache.hits,1774280160020000000,1774280220129000000,8
FileNameCache.queries,1774280160020000000,1774280220129000000,5361280
workspaceModel.moduleBridge.update.option.ms,1774280160020000000,1774280220129000000,0
workspaceModel.delayed.project.synchronizer.sync.ms,1774280160020000000,1774280220129000000,187
jps.apply.loaded.storage.ms,1774280160020000000,1774280220129000000,47
jps.load.project.to.empty.storage.ms,1774280160020000000,1774280220129000000,135
workspaceModel.moduleManagerBridge.load.all.modules.ms,1774280160020000000,1774280220129000000,104
workspaceModel.mutableEntityStorage.apply.changes.from.ms,1774280160020000000,1774280220129000000,19
workspaceModel.orphan.listener.update.ms,1774280160020000000,1774280220129000000,3
jps.global.handle.changed.events.ms,1774280160020000000,1774280220129000000,0
jps.save.changed.project.entities.ms,1774280160020000000,1774280220129000000,0
workspaceModel.global.apply.state.to.project.ms,1774280160020000000,1774280220129000000,28
workspaceModel.moduleManagerBridge.set.unloadedModules.ms,1774280160020000000,1774280220129000000,0
workspaceModel.global.updates.ms,1774280160020000000,1774280220129000000,8
workspaceModel.mutableEntityStorage.instances.count,1774280160020000000,1774280220129000000,93
jps.storage.jps.conf.reader.load.component.ms,1774280160020000000,1774280220129000000,9
jps.artifact.entities.serializer.save.entities.ms,1774280160020000000,1774280220129000000,0
workspaceModel.mutableEntityStorage.remove.entity.ms,1774280160020000000,1774280220129000000,0
jps.module.iml.entities.serializer.save.entities.ms,1774280160020000000,1774280220129000000,0
workspaceModel.mutableEntityStorage.entities.by.source.ms,1774280160020000000,1774280220129000000,1
jps.save.global.entities.ms,1774280160020000000,1774280220129000000,0
workspaceModel.moduleManagerBridge.build.module.graph.ms,1774280160020000000,1774280220129000000,7
workspaceModel.moduleBridge.facet.initialization.ms,1774280160020000000,1774280220129000000,1
workspaceModel.sync.entities.ms,1774280160020000000,1774280220129000000,0
workspaceModel.mutableEntityStorage.modify.entity.ms,1774280160020000000,1774280220129000000,4
jps.global.get.libraries.ms,1774280160020000000,1774280220129000000,0
workspaceModel.mutableEntityStorage.changeLog.addReplaceEventForRemovedChild.ms,1774280160020000000,1774280220129000000,0
jps.global.get.library.ms,1774280160020000000,1774280220129000000,0
jps.facet.change.listener.process.change.events.ms,1774280160020000000,1774280220129000000,1
workspaceModel.mutableEntityStorage.mutable.ext.mapping.ms,1774280160020000000,1774280220129000000,1
workspaceModel.mutableEntityStorage.add.entity.ms,1774280160020000000,1774280220129000000,29
jps.module.dependency.index.workspace.model.listener.on.changed.ms,1774280160020000000,1774280220129000000,0
jps.facet.change.listener.before.change.events.ms,1774280160020000000,1774280220129000000,0
workspaceModel.moduleManagerBridge.newModule.ms,1774280160020000000,1774280220129000000,0
jps.global.handle.before.change.events.ms,1774280160020000000,1774280220129000000,0
workspaceModel.mutableEntityStorage.collect.changes.ms,1774280160020000000,1774280220129000000,0
workspaceModel.moduleManagerBridge.create.module.instance.ms,1774280160020000000,1774280220129000000,0
workspaceModel.moduleBridge.before.changed.ms,1774280160020000000,1774280220129000000,0
workspaceModel.global.apply.state.to.project.builder.ms,1774280160020000000,1774280220129000000,5
workspaceModel.mutableEntityStorage.has.same.entities.ms,1774280160020000000,1774280220129000000,0
jps.library.entities.serializer.load.entities.ms,1774280160020000000,1774280220129000000,12
workspaceModel.mutableEntityStorage.replace.by.source.ms,1774280160020000000,1774280220129000000,23
jps.artifact.entities.serializer.load.entities.ms,1774280160020000000,1774280220129000000,1
workspaceModel.mutableEntityStorage.put.entity.ms,1774280160020000000,1774280220129000000,12
jps.module.iml.entities.serializer.load.entities.ms,1774280160020000000,1774280220129000000,72
workspaceModel.mutableEntityStorage.changeLog.addReplaceEventForNewParent.ms,1774280160020000000,1774280220129000000,1
workspaceModel.do.save.caches.ms,1774280160020000000,1774280220129000000,370
workspaceModel.mutableEntityStorage.resolve.ms,1774280160020000000,1774280220129000000,5
jps.reload.project.entities.ms,1774280160020000000,1774280220129000000,0
jps.facet.change.listener.init.bridge.ms,1774280160020000000,1774280220129000000,0
workspaceModel.mutableEntityStorage.changeLog.addReplaceEventForNewChild.ms,1774280160020000000,1774280220129000000,0
workspaceModel.load.cache.from.file.ms,1774280160020000000,1774280220129000000,242
jps.app.storage.content.reader.load.component.ms,1774280160020000000,1774280220129000000,5
workspaceModel.moduleBridgeLoader.loading.modules.ms,1774280160020000000,1774280220129000000,2537
workspaceModel.mutableEntityStorage.to.snapshot.ms,1774280160020000000,1774280220129000000,2
jps.global.initialize.library.bridges.ms,1774280160020000000,1774280220129000000,1
workspaceModel.load.cache.metadata.from.file.ms,1774280160020000000,1774280220129000000,20
jps.project.serializers.load.ms,1774280160020000000,1774280220129000000,102
workspaceModel.moduleManagerBridge.get.modules.ms,1774280160020000000,1774280220129000000,2
workspaceModel.mutableEntityStorage.referrers.ms,1774280160020000000,1774280220129000000,0
workspaceModel.mutableEntityStorage.entities.ms,1774280160020000000,1774280220129000000,1
jps.load.initial.state.ms,1774280160020000000,1774280220129000000,20
workspaceModel.save.cache.to.file.ms,1774280160020000000,1774280220129000000,355
jps.library.entities.serializer.save.entities.ms,1774280160020000000,1774280220129000000,0
jps.global.initialize.library.bridges.after.loading.ms,1774280160020000000,1774280220129000000,1
workspaceModel.mutableEntityStorage.changeLog.addReplaceEventForRemovedParent.ms,1774280160020000000,1774280220129000000,0
workspaceModel.moduleManagerBridge.new.nonPersistent.module.ms,1774280160020000000,1774280220129000000,0
workspaceModel.global.updates.count,1774280160020000000,1774280220129000000,1
jps.project.serializers.save.ms,1774280160020000000,1774280220129000000,0
jps.global.get.library.by.name.ms,1774280160020000000,1774280220129000000,0
workspaceModel.moduleManagerBridge.load.module.ms,1774280160020000000,1774280220129000000,0
workspaceModel.mutableEntityStorage.mutable.vfurl.index.ms,1774280160020000000,1774280220129000000,0
FilePageCacheLockFree.totalPagesReclaimed,1774280160020000000,1774280220129000000,0
MappedFileStorage.totalTimeSpentOnMappingUs,1774280160020000000,1774280220129000000,13384
FileChannelInterruptsRetryer.totalRetriedAttempts,1774280160020000000,1774280220129000000,0
DirectByteBufferAllocator.totalSizeOfBuffersAllocatedInBytes,1774280160020000000,1774280220129000000,295723008
StorageLockContext.competingThreads.max,1774280160020000000,1774280220129000000,0
FilePageCacheLockFree.housekeeperTurnsDone,1774280160020000000,1774280220129000000,0
FilePageCache.capacityInBytes,1774280160020000000,1774280220129000000,503316478
FilePageCache.maxRegisteredFiles,1774280160020000000,1774280220129000000,547
FilePageCacheLockFree.nativeBytesInUse,1774280160020000000,1774280220129000000,0
DirectByteBufferAllocator.totalSizeOfBuffersCachedInBytes,1774280160020000000,1774280220129000000,0
FilePageCacheLockFree.totalHeapBytesReclaimed,1774280160020000000,1774280220129000000,0
FilePageCacheLockFree.totalHeapBytesAllocated,1774280160020000000,1774280220129000000,0
StorageLockContext.competingThreads.avg,1774280160020000000,1774280220129000000,0.0
StreamlinedBlobStorage.recordsAllocated,1774280160020000000,1774280220129000000,549596
StreamlinedBlobStorage.totalLiveRecordsCapacityBytes,1774280160020000000,1774280220129000000,40349132
FilePageCacheLockFree.housekeeperTimeSpentMs,1774280160020000000,1774280220129000000,0
StreamlinedBlobStorage.recordsDeleted,1774280160020000000,1774280220129000000,27
FilePageCacheLockFree.totalNativeBytesReclaimed,1774280160020000000,1774280220129000000,0
FilePageCache.maxCacheSizeInBytes,1774280160020000000,1774280220129000000,295723008
StreamlinedBlobStorage.recordsRelocated,1774280160020000000,1774280220129000000,0
StorageLockContext.competingThreads.90P,1774280160020000000,1774280220129000000,0
DirectByteBufferAllocator.disposed,1774280160020000000,1774280220129000000,0
FilePageCache.disposedBuffers,1774280160020000000,1774280220129000000,3
DirectByteBufferAllocator.reclaimed,1774280160020000000,1774280220129000000,3
FilePageCacheLockFree.totalClosedStoragesReclaimed,1774280160020000000,1774280220129000000,0
MappedFileStorage.totalBytesMapped,1774280160020000000,1774280220129000000,252968960
FilePageCache.totalPageLoadsUs,1774280160020000000,1774280220129000000,427149
FilePageCacheLockFree.totalBytesRequested,1774280160020000000,1774280220129000000,0
MappedFileStorage.totalPagesMapped,1774280160020000000,1774280220129000000,21
DirectByteBufferAllocator.misses,1774280160020000000,1774280220129000000,285
StreamlinedBlobStorage.totalLiveRecordsPayloadBytes,1774280160020000000,1774280220129000000,8207456
FilePageCacheLockFree.totalPageAllocationsWaited,1774280160020000000,1774280220129000000,0
FilePageCacheLockFree.totalPagesHandedOver,1774280160020000000,1774280220129000000,0
FilePageCacheLockFree.totalPagesAllocated,1774280160020000000,1774280220129000000,0
FilePageCache.pageFastCacheHits,1774280160020000000,1774280220129000000,57224
FilePageCacheLockFree.totalPagesWriteMs,1774280160020000000,1774280220129000000,0
FilePageCacheLockFree.totalPagesRequested,1774280160020000000,1774280220129000000,0
FilePageCache.pageLoads,1774280160020000000,1774280220129000000,288
FilePageCache.pageHits,1774280160020000000,1774280220129000000,21162
FilePageCacheLockFree.heapBytesInUse,1774280160020000000,1774280220129000000,0
FilePageCacheLockFree.totalPagesReadMs,1774280160020000000,1774280220129000000,0
DirectByteBufferAllocator.hits,1774280160020000000,1774280220129000000,3
FilePageCacheLockFree.totalPagesWritten,1774280160020000000,1774280220129000000,0
FilePageCacheLockFree.totalNativeBytesAllocated,1774280160020000000,1774280220129000000,0
MappedFileStorage.storages,1774280160020000000,1774280220129000000,16
FilePageCacheLockFree.totalBytesRead,1774280160020000000,1774280220129000000,0
FilePageCache.pageLoadsAboveSizeThreshold,1774280160020000000,1774280220129000000,0
FilePageCache.uncachedFileAccess,1774280160020000000,1774280220129000000,146
FilePageCache.totalPageDisposalsUs,1774280160020000000,1774280220129000000,3370
FilePageCacheLockFree.totalPagesRequestsMs,1774280160020000000,1774280220129000000,0
FilePageCacheLockFree.totalBytesWritten,1774280160020000000,1774280220129000000,0
FilePageCacheLockFree.housekeeperTurnsSkipped,1774280160020000000,1774280220129000000,0
IndexesFlusher.totalContentionQuotaSpent,1774280160020000000,1774280220129000000,2
Indexes.entries.lookupDurationMaxMs,1774280160020000000,1774280220129000000,0.0
Indexes.allKeys.lookupDurationAvgMs,1774280160020000000,1774280220129000000,0.0
Indexing.writesQueuedMin,1774280160020000000,1774280220129000000,9223372036854775807
Indexing.cache.totalCacheAccesses,1774280160020000000,1774280220129000000,252851
Indexes.allKeys.lookups,1774280160020000000,1774280220129000000,4
Indexes.entries.lookups,1774280160020000000,1774280220129000000,11
IndexesFlusher.totalFlushingTimeUs,1774280160020000000,1774280220129000000,618717
Indexes.entries.lookupDurationAvgMs,1774280160020000000,1774280220129000000,0.0
Indexing.writer_0.totalTimeSpentWritingMs,1774280160020000000,1774280220129000000,92
Indexes.stubs.lookupDurationAvgMs,1774280160020000000,1774280220129000000,0.0
Indexing.writer_2.totalTimeSpentWritingMs,1774280160020000000,1774280220129000000,122
IndexesFlusher.totalFlushesRetried,1774280160020000000,1774280220129000000,0
Indexes.allKeys.lookupDuration90PMs,1774280160020000000,1774280220129000000,0.0
Indexes.entries.lookupDuration90PMs,1774280160020000000,1774280220129000000,0.0
Indexes.stubs.lookupDurationMaxMs,1774280160020000000,1774280220129000000,0.0
IndexesFlusher.totalFlushes,1774280160020000000,1774280220129000000,107
Indexing.writesQueuedMax,1774280160020000000,1774280220129000000,0
Indexing.writer_1.totalTimeSpentWritingMs,1774280160020000000,1774280220129000000,11
Indexing.writer_3.totalTimeSpentWritingMs,1774280160020000000,1774280220129000000,7
Indexing.cache.totalCacheEvicted,1774280160020000000,1774280220129000000,33919
Indexes.allKeys.lookupDurationMaxMs,1774280160020000000,1774280220129000000,0.0
Indexes.stubs.lookups,1774280160020000000,1774280220129000000,0
Indexes.stubs.lookupDuration90PMs,1774280160020000000,1774280220129000000,0.0
Indexing.totalTimeIndexersSleptMs,1774280160020000000,1774280220129000000,0
Indexing.cache.totalCacheMisses,1774280160020000000,1774280220129000000,33919
JVM.usedNativeBytes,1774280160020000000,1774280220129000000,330931552
JVM.maxHeapBytes,1774280160020000000,1774280220129000000,2147483648
JVM.totalTimeAtSafepointsMs,1774280160020000000,1774280220129000000,393
JVM.GC.collections,1774280160020000000,1774280220129000000,51
JVM.usedHeapBytes,1774280160020000000,1774280220129000000,419954688
JVM.threadCount,1774280160020000000,1774280220129000000,123
OS.loadAverage,1774280160020000000,1774280220129000000,18.873046875
JVM.totalDirectByteBuffersBytes,1774280160020000000,1774280220129000000,299760393
JVM.maxThreadCount,1774280160020000000,1774280220129000000,127
JVM.newThreadsCount,1774280160020000000,1774280220129000000,141
JVM.totalBytesAllocated,1774280160020000000,1774280220129000000,3512305944
JVM.totalCpuTimeMs,1774280160020000000,1774280220129000000,41529
JVM.totalTimeToSafepointsMs,1774280160020000000,1774280220129000000,141
JVM.totalSafepointCount,1774280160020000000,1774280220129000000,309
JVM.GC.collectionTimesMs,1774280160020000000,1774280220129000000,372
AWTEventQueue.dispatchTimeMaxNs,1774280160020000000,1774280220129000000,175103
FlushQueue.executionTimeAvgNs,1774280160020000000,1774280220129000000,48000.0
AWTEventQueue.dispatchTimeTotalNS,1774280160020000000,1774280220129000000,6876956505
FlushQueue.executionTimeMaxNs,1774280160020000000,1774280220129000000,48127
NonBlockingReadAction.failedExecutionTimeUs,1774280160020000000,1774280220129000000,5091
FlushQueue.waitingTime90PNs,1774280160020000000,1774280220129000000,146431
FlushQueue.queueSize90P,1774280160020000000,1774280220129000000,0
FlushQueue.tasksExecuted,1774280160020000000,1774280220129000000,1
NonBlockingReadAction.finalizedExecutionsCount,1774280160020000000,1774280220129000000,41
AWTEventQueue.dispatchTimeAvgNs,1774280160020000000,1774280220129000000,174592.0
AWTEventQueue.eventsDispatched,1774280160020000000,1774280220129000000,1
FlushQueue.queueSizeAvg,1774280160020000000,1774280220129000000,0.0
AWTEventQueue.dispatchTime90PNs,1774280160020000000,1774280220129000000,175103
WriteAction.executionsCount,1774280160020000000,1774280220129000000,37
NonBlockingReadAction.finalizedExecutionTimeUs,1774280160020000000,1774280220129000000,912615
FlushQueue.waitingTimeAvgNs,1774280160020000000,1774280220129000000,145920.0
ReadAction.executionsCount,1774280160020000000,1774280220129000000,217185
NonBlockingReadAction.failedExecutionsCount,1774280160020000000,1774280220129000000,2
FlushQueue.queueSizeMax,1774280160020000000,1774280220129000000,0
FlushQueue.executionTime90PNs,1774280160020000000,1774280220129000000,48127
FlushQueue.waitingTimeMaxNs,1774280160020000000,1774280220129000000,146431
cacheStateStorage.get.counter,1774280220129000000,1774280280069000000,1
cacheStateStorage.set.duration,1774280220129000000,1774280280069000000,0
cacheStateStorage.get.duration,1774280220129000000,1774280280069000000,1
cacheStateStorage.set.counter,1774280220129000000,1774280280069000000,0
workspaceModel.workspaceFileIndexData.getPackageName.ms,1774280220129000000,1774280280069000000,4
workspaceModel.cachedValue.clear.count,1774280220129000000,1774280280069000000,0
workspaceModel.initializing.ms,1774280220129000000,1774280280069000000,0
workspaceModel.collect.changes.ms,1774280220129000000,1774280280069000000,0
workspaceModel.workspaceFileIndexData.processFileSets.ms,1774280220129000000,1774280280069000000,0
workspaceModel.workspaceFileIndexData.init.ms,1774280220129000000,1774280280069000000,0
workspaceModel.full.replace.project.model.ms,1774280220129000000,1774280280069000000,0
workspaceModel.loading.from.cache.ms,1774280220129000000,1774280280069000000,0
workspaceModel.init.bridges.ms,1774280220129000000,1774280280069000000,0
workspaceModel.workspaceFileIndexData.updateDirtyEntities.ms,1774280220129000000,1774280280069000000,0
workspaceModel.workspaceFileIndexData.getFileInfo.ms,1774280220129000000,1774280280069000000,2
workspaceModel.cachedValue.calculated.count,1774280220129000000,1774280280069000000,76
workspaceModel.to.snapshot.ms,1774280220129000000,1774280280069000000,0
workspaceModel.on.changed.ms,1774280220129000000,1774280280069000000,0
workspaceModel.cachedValueWithParameters.from.cache.count,1774280220129000000,1774280280069000000,0
workspaceModel.workspaceFileIndexData.instances.count,1774280220129000000,1774280280069000000,0
workspaceModel.workspaceFileIndexContributor.registerFileSets.ms,1774280220129000000,1774280280069000000,0
workspaceModel.pre.handlers.ms,1774280220129000000,1774280280069000000,0
workspaceModel.workspaceFileIndexData.visitFileSets.ms,1774280220129000000,1774280280069000000,0
workspaceModel.cachedValue.from.cache.count,1774280220129000000,1774280280069000000,10
workspaceModel.workspaceFileIndexData.markDirty.ms,1774280220129000000,1774280280069000000,0
workspaceModel.cachedValue.total.get.count,1774280220129000000,1774280280069000000,86
workspaceModel.replace.project.model.ms,1774280220129000000,1774280280069000000,0
workspaceModel.updates.ms,1774280220129000000,1774280280069000000,0
workspaceModel.cachedValueWithParameters.calculated.count,1774280220129000000,1774280280069000000,0
workspaceModel.on.before.changed.ms,1774280220129000000,1774280280069000000,0
workspaceModel.update.unloaded.entities.ms,1774280220129000000,1774280280069000000,0
workspaceModel.workspaceFileIndexData.getDirectoriesByPackageName.ms,1774280220129000000,1774280280069000000,15
workspaceModel.loading.total.ms,1774280220129000000,1774280280069000000,0
workspaceModel.updates.precise.ms,1774280220129000000,1774280280069000000,0
workspaceModel.updates.count,1774280220129000000,1774280280069000000,0
workspaceModel.cachedValueWithParameters.total.get.count,1774280220129000000,1774280280069000000,0
workspaceModel.check.recursive.update.ms,1774280220129000000,1774280280069000000,0
workspaceModel.workspaceFileIndexData.onEntitiesChanged.ms,1774280220129000000,1774280280069000000,0
workspaceModel.cachedValueWithParameters.clear.count,1774280220129000000,1774280280069000000,0
workspaceModel.entityStorageSnapshotImpl.instances.count,1774280220129000000,1774280280069000000,0
compiler.ArtifactVirtualFileListener.filePathChanged.ms,1774280220129000000,1774280280069000000,0
compiler.ArtifactManagerBridge.initBridges.ms,1774280220129000000,1774280280069000000,0
compiler.ArtifactManagerBridge.getArtifactsByType.ms,1774280220129000000,1774280280069000000,0
compiler.ArtifactManagerBridge.addArtifact.ms,1774280220129000000,1774280280069000000,0
compiler.ArtifactManagerBridge.findArtifact.ms,1774280220129000000,1774280280069000000,0
compiler.ArtifactVirtualFileListener.propertyChanged.ms,1774280220129000000,1774280280069000000,0
compiler.ArtifactManagerBridge.getArtifacts.ms,1774280220129000000,1774280280069000000,0
compiler.ArtifactManagerBridge.dropMappings.ms,1774280220129000000,1774280280069000000,0
compiler.ArtifactManagerBridge.commit.ms,1774280220129000000,1774280280069000000,0
writeAction.count,1774280220129000000,1774280280069000000,0
DiskQueryRelay.tasksExecuted,1774280220129000000,1774280280069000000,0
DiskQueryRelay.tasksRequested,1774280220129000000,1774280280069000000,0
writeAction.max.wait.ms,1774280220129000000,1774280280069000000,681
DiskQueryRelay.taskExecutionTotalTimeUs,1774280220129000000,1774280280069000000,0
writeAction.median.wait.ms,1774280220129000000,1774280280069000000,200
DiskQueryRelay.taskWaitingTotalTimeUs,1774280220129000000,1774280280069000000,0
writeAction.wait.ms,1774280220129000000,1774280280069000000,0
VFS.contentStorage.recordsReadDecompressed,1774280220129000000,1774280280069000000,0
VFS.invertedFileNameIndex.requests,1774280220129000000,1774280280069000000,0
VFS.contentStorage.recordsDeduplicated,1774280220129000000,1774280280069000000,0
VFS.contentStorage.recordsRead,1774280220129000000,1774280280069000000,0
FileNameCache.totalMisses,1774280220129000000,1774280280069000000,192
VFS.contentStorage.recordsStoredCompressed,1774280220129000000,1774280280069000000,0
VFS.contentStorage.recordsReadSize,1774280220129000000,1774280280069000000,0
VFS.fileByIdCache.misses,1774280220129000000,1774280280069000000,2
VFS.contentStorage.recordsDecompressionTimeUs,1774280220129000000,1774280280069000000,0
VFS.fileChildByName,1774280220129000000,1774280280069000000,2444
VFS.contentStorage.recordsUncompressedSize,1774280220129000000,1774280280069000000,0
VFS.contentStorage.recordsStored,1774280220129000000,1774280280069000000,0
VFS.contentStorage.recordsStoredSize,1774280220129000000,1774280280069000000,0
VFS.fileByIdCache.hits,1774280220129000000,1774280280069000000,0
FileNameCache.queries,1774280220129000000,1774280280069000000,9024
workspaceModel.moduleBridge.update.option.ms,1774280220129000000,1774280280069000000,0
workspaceModel.delayed.project.synchronizer.sync.ms,1774280220129000000,1774280280069000000,0
jps.apply.loaded.storage.ms,1774280220129000000,1774280280069000000,0
jps.load.project.to.empty.storage.ms,1774280220129000000,1774280280069000000,0
workspaceModel.moduleManagerBridge.load.all.modules.ms,1774280220129000000,1774280280069000000,0
workspaceModel.mutableEntityStorage.apply.changes.from.ms,1774280220129000000,1774280280069000000,0
workspaceModel.orphan.listener.update.ms,1774280220129000000,1774280280069000000,0
jps.global.handle.changed.events.ms,1774280220129000000,1774280280069000000,0
jps.save.changed.project.entities.ms,1774280220129000000,1774280280069000000,0
workspaceModel.global.apply.state.to.project.ms,1774280220129000000,1774280280069000000,0
workspaceModel.moduleManagerBridge.set.unloadedModules.ms,1774280220129000000,1774280280069000000,0
workspaceModel.global.updates.ms,1774280220129000000,1774280280069000000,0
workspaceModel.mutableEntityStorage.instances.count,1774280220129000000,1774280280069000000,0
jps.storage.jps.conf.reader.load.component.ms,1774280220129000000,1774280280069000000,0
jps.artifact.entities.serializer.save.entities.ms,1774280220129000000,1774280280069000000,0
workspaceModel.mutableEntityStorage.remove.entity.ms,1774280220129000000,1774280280069000000,0
jps.module.iml.entities.serializer.save.entities.ms,1774280220129000000,1774280280069000000,0
workspaceModel.mutableEntityStorage.entities.by.source.ms,1774280220129000000,1774280280069000000,0
jps.save.global.entities.ms,1774280220129000000,1774280280069000000,0
workspaceModel.moduleManagerBridge.build.module.graph.ms,1774280220129000000,1774280280069000000,0
workspaceModel.moduleBridge.facet.initialization.ms,1774280220129000000,1774280280069000000,0
workspaceModel.sync.entities.ms,1774280220129000000,1774280280069000000,0
workspaceModel.mutableEntityStorage.modify.entity.ms,1774280220129000000,1774280280069000000,0
jps.global.get.libraries.ms,1774280220129000000,1774280280069000000,0
workspaceModel.mutableEntityStorage.changeLog.addReplaceEventForRemovedChild.ms,1774280220129000000,1774280280069000000,0
jps.global.get.library.ms,1774280220129000000,1774280280069000000,0
jps.facet.change.listener.process.change.events.ms,1774280220129000000,1774280280069000000,0
workspaceModel.mutableEntityStorage.mutable.ext.mapping.ms,1774280220129000000,1774280280069000000,0
workspaceModel.mutableEntityStorage.add.entity.ms,1774280220129000000,1774280280069000000,0
jps.module.dependency.index.workspace.model.listener.on.changed.ms,1774280220129000000,1774280280069000000,0
jps.facet.change.listener.before.change.events.ms,1774280220129000000,1774280280069000000,0
workspaceModel.moduleManagerBridge.newModule.ms,1774280220129000000,1774280280069000000,0
jps.global.handle.before.change.events.ms,1774280220129000000,1774280280069000000,0
workspaceModel.mutableEntityStorage.collect.changes.ms,1774280220129000000,1774280280069000000,0
workspaceModel.moduleManagerBridge.create.module.instance.ms,1774280220129000000,1774280280069000000,0
workspaceModel.moduleBridge.before.changed.ms,1774280220129000000,1774280280069000000,0
workspaceModel.global.apply.state.to.project.builder.ms,1774280220129000000,1774280280069000000,0
workspaceModel.mutableEntityStorage.has.same.entities.ms,1774280220129000000,1774280280069000000,0
jps.library.entities.serializer.load.entities.ms,1774280220129000000,1774280280069000000,0
workspaceModel.mutableEntityStorage.replace.by.source.ms,1774280220129000000,1774280280069000000,0
jps.artifact.entities.serializer.load.entities.ms,1774280220129000000,1774280280069000000,0
workspaceModel.mutableEntityStorage.put.entity.ms,1774280220129000000,1774280280069000000,0
jps.module.iml.entities.serializer.load.entities.ms,1774280220129000000,1774280280069000000,0
workspaceModel.mutableEntityStorage.changeLog.addReplaceEventForNewParent.ms,1774280220129000000,1774280280069000000,0
workspaceModel.do.save.caches.ms,1774280220129000000,1774280280069000000,0
workspaceModel.mutableEntityStorage.resolve.ms,1774280220129000000,1774280280069000000,0
jps.reload.project.entities.ms,1774280220129000000,1774280280069000000,0
jps.facet.change.listener.init.bridge.ms,1774280220129000000,1774280280069000000,0
workspaceModel.mutableEntityStorage.changeLog.addReplaceEventForNewChild.ms,1774280220129000000,1774280280069000000,0
workspaceModel.load.cache.from.file.ms,1774280220129000000,1774280280069000000,0
jps.app.storage.content.reader.load.component.ms,1774280220129000000,1774280280069000000,0
workspaceModel.moduleBridgeLoader.loading.modules.ms,1774280220129000000,1774280280069000000,0
workspaceModel.mutableEntityStorage.to.snapshot.ms,1774280220129000000,1774280280069000000,0
jps.global.initialize.library.bridges.ms,1774280220129000000,1774280280069000000,0
workspaceModel.load.cache.metadata.from.file.ms,1774280220129000000,1774280280069000000,0
jps.project.serializers.load.ms,1774280220129000000,1774280280069000000,0
workspaceModel.moduleManagerBridge.get.modules.ms,1774280220129000000,1774280280069000000,0
workspaceModel.mutableEntityStorage.referrers.ms,1774280220129000000,1774280280069000000,0
workspaceModel.mutableEntityStorage.entities.ms,1774280220129000000,1774280280069000000,0
jps.load.initial.state.ms,1774280220129000000,1774280280069000000,0
workspaceModel.save.cache.to.file.ms,1774280220129000000,1774280280069000000,0
jps.library.entities.serializer.save.entities.ms,1774280220129000000,1774280280069000000,0
jps.global.initialize.library.bridges.after.loading.ms,1774280220129000000,1774280280069000000,0
workspaceModel.mutableEntityStorage.changeLog.addReplaceEventForRemovedParent.ms,1774280220129000000,1774280280069000000,0
workspaceModel.moduleManagerBridge.new.nonPersistent.module.ms,1774280220129000000,1774280280069000000,0
workspaceModel.global.updates.count,1774280220129000000,1774280280069000000,0
jps.project.serializers.save.ms,1774280220129000000,1774280280069000000,0
jps.global.get.library.by.name.ms,1774280220129000000,1774280280069000000,0
workspaceModel.moduleManagerBridge.load.module.ms,1774280220129000000,1774280280069000000,0
workspaceModel.mutableEntityStorage.mutable.vfurl.index.ms,1774280220129000000,1774280280069000000,0
FilePageCacheLockFree.totalPagesReclaimed,1774280220129000000,1774280280069000000,0
MappedFileStorage.totalTimeSpentOnMappingUs,1774280220129000000,1774280280069000000,13384
FileChannelInterruptsRetryer.totalRetriedAttempts,1774280220129000000,1774280280069000000,0
DirectByteBufferAllocator.totalSizeOfBuffersAllocatedInBytes,1774280220129000000,1774280280069000000,302014464
StorageLockContext.competingThreads.max,1774280220129000000,1774280280069000000,0
FilePageCacheLockFree.housekeeperTurnsDone,1774280220129000000,1774280280069000000,0
FilePageCache.capacityInBytes,1774280220129000000,1774280280069000000,503316478
FilePageCache.maxRegisteredFiles,1774280220129000000,1774280280069000000,547
FilePageCacheLockFree.nativeBytesInUse,1774280220129000000,1774280280069000000,0
DirectByteBufferAllocator.totalSizeOfBuffersCachedInBytes,1774280220129000000,1774280280069000000,0
FilePageCacheLockFree.totalHeapBytesReclaimed,1774280220129000000,1774280280069000000,0
FilePageCacheLockFree.totalHeapBytesAllocated,1774280220129000000,1774280280069000000,0
StorageLockContext.competingThreads.avg,1774280220129000000,1774280280069000000,0.0
StreamlinedBlobStorage.recordsAllocated,1774280220129000000,1774280280069000000,0
StreamlinedBlobStorage.totalLiveRecordsCapacityBytes,1774280220129000000,1774280280069000000,0
FilePageCacheLockFree.housekeeperTimeSpentMs,1774280220129000000,1774280280069000000,0
StreamlinedBlobStorage.recordsDeleted,1774280220129000000,1774280280069000000,0
FilePageCacheLockFree.totalNativeBytesReclaimed,1774280220129000000,1774280280069000000,0
FilePageCache.maxCacheSizeInBytes,1774280220129000000,1774280280069000000,302014464
StreamlinedBlobStorage.recordsRelocated,1774280220129000000,1774280280069000000,0
StorageLockContext.competingThreads.90P,1774280220129000000,1774280280069000000,0
DirectByteBufferAllocator.disposed,1774280220129000000,1774280280069000000,0
FilePageCache.disposedBuffers,1774280220129000000,1774280280069000000,0
DirectByteBufferAllocator.reclaimed,1774280220129000000,1774280280069000000,0
FilePageCacheLockFree.totalClosedStoragesReclaimed,1774280220129000000,1774280280069000000,0
MappedFileStorage.totalBytesMapped,1774280220129000000,1774280280069000000,252968960
FilePageCache.totalPageLoadsUs,1774280220129000000,1774280280069000000,4887
FilePageCacheLockFree.totalBytesRequested,1774280220129000000,1774280280069000000,0
MappedFileStorage.totalPagesMapped,1774280220129000000,1774280280069000000,21
DirectByteBufferAllocator.misses,1774280220129000000,1774280280069000000,6
StreamlinedBlobStorage.totalLiveRecordsPayloadBytes,1774280220129000000,1774280280069000000,0
FilePageCacheLockFree.totalPageAllocationsWaited,1774280220129000000,1774280280069000000,0
FilePageCacheLockFree.totalPagesHandedOver,1774280220129000000,1774280280069000000,0
FilePageCacheLockFree.totalPagesAllocated,1774280220129000000,1774280280069000000,0
FilePageCache.pageFastCacheHits,1774280220129000000,1774280280069000000,15
FilePageCacheLockFree.totalPagesWriteMs,1774280220129000000,1774280280069000000,0
FilePageCacheLockFree.totalPagesRequested,1774280220129000000,1774280280069000000,0
FilePageCache.pageLoads,1774280220129000000,1774280280069000000,6
FilePageCache.pageHits,1774280220129000000,1774280280069000000,0
FilePageCacheLockFree.heapBytesInUse,1774280220129000000,1774280280069000000,0
FilePageCacheLockFree.totalPagesReadMs,1774280220129000000,1774280280069000000,0
DirectByteBufferAllocator.hits,1774280220129000000,1774280280069000000,0
FilePageCacheLockFree.totalPagesWritten,1774280220129000000,1774280280069000000,0
FilePageCacheLockFree.totalNativeBytesAllocated,1774280220129000000,1774280280069000000,0
MappedFileStorage.storages,1774280220129000000,1774280280069000000,16
FilePageCacheLockFree.totalBytesRead,1774280220129000000,1774280280069000000,0
FilePageCache.pageLoadsAboveSizeThreshold,1774280220129000000,1774280280069000000,0
FilePageCache.uncachedFileAccess,1774280220129000000,1774280280069000000,7
FilePageCache.totalPageDisposalsUs,1774280220129000000,1774280280069000000,65
FilePageCacheLockFree.totalPagesRequestsMs,1774280220129000000,1774280280069000000,0
FilePageCacheLockFree.totalBytesWritten,1774280220129000000,1774280280069000000,0
FilePageCacheLockFree.housekeeperTurnsSkipped,1774280220129000000,1774280280069000000,0
IndexesFlusher.totalContentionQuotaSpent,1774280220129000000,1774280280069000000,0
Indexes.entries.lookupDurationMaxMs,1774280220129000000,1774280280069000000,0.0
Indexes.allKeys.lookupDurationAvgMs,1774280220129000000,1774280280069000000,0.0
Indexing.writesQueuedMin,1774280220129000000,1774280280069000000,9223372036854775807
Indexing.cache.totalCacheAccesses,1774280220129000000,1774280280069000000,36
Indexes.allKeys.lookups,1774280220129000000,1774280280069000000,0
Indexes.entries.lookups,1774280220129000000,1774280280069000000,0
IndexesFlusher.totalFlushingTimeUs,1774280220129000000,1774280280069000000,255660
Indexes.entries.lookupDurationAvgMs,1774280220129000000,1774280280069000000,0.0
Indexing.writer_0.totalTimeSpentWritingMs,1774280220129000000,1774280280069000000,0
Indexes.stubs.lookupDurationAvgMs,1774280220129000000,1774280280069000000,0.0
Indexing.writer_2.totalTimeSpentWritingMs,1774280220129000000,1774280280069000000,0
IndexesFlusher.totalFlushesRetried,1774280220129000000,1774280280069000000,0
Indexes.allKeys.lookupDuration90PMs,1774280220129000000,1774280280069000000,0.0
Indexes.entries.lookupDuration90PMs,1774280220129000000,1774280280069000000,0.0
Indexes.stubs.lookupDurationMaxMs,1774280220129000000,1774280280069000000,0.0
IndexesFlusher.totalFlushes,1774280220129000000,1774280280069000000,118
Indexing.writesQueuedMax,1774280220129000000,1774280280069000000,0
Indexing.writer_1.totalTimeSpentWritingMs,1774280220129000000,1774280280069000000,0
Indexing.writer_3.totalTimeSpentWritingMs,1774280220129000000,1774280280069000000,0
Indexing.cache.totalCacheEvicted,1774280220129000000,1774280280069000000,23
Indexes.allKeys.lookupDurationMaxMs,1774280220129000000,1774280280069000000,0.0
Indexes.stubs.lookups,1774280220129000000,1774280280069000000,36
Indexes.stubs.lookupDuration90PMs,1774280220129000000,1774280280069000000,0.0
Indexing.totalTimeIndexersSleptMs,1774280220129000000,1774280280069000000,0
Indexing.cache.totalCacheMisses,1774280220129000000,1774280280069000000,23
JVM.usedNativeBytes,1774280220129000000,1774280280069000000,350786480
JVM.maxHeapBytes,1774280220129000000,1774280280069000000,2147483648
JVM.totalTimeAtSafepointsMs,1774280220129000000,1774280280069000000,4
JVM.GC.collections,1774280220129000000,1774280280069000000,0
JVM.usedHeapBytes,1774280220129000000,1774280280069000000,555220992
JVM.threadCount,1774280220129000000,1774280280069000000,61
OS.loadAverage,1774280220129000000,1774280280069000000,24.46337890625
JVM.totalDirectByteBuffersBytes,1774280220129000000,1774280280069000000,304647122
JVM.maxThreadCount,1774280220129000000,1774280280069000000,127
JVM.newThreadsCount,1774280220129000000,1774280280069000000,6
JVM.totalBytesAllocated,1774280220129000000,1774280280069000000,119713984
JVM.totalCpuTimeMs,1774280220129000000,1774280280069000000,8166
JVM.totalTimeToSafepointsMs,1774280220129000000,1774280280069000000,3
JVM.totalSafepointCount,1774280220129000000,1774280280069000000,59
JVM.GC.collectionTimesMs,1774280220129000000,1774280280069000000,0
AWTEventQueue.dispatchTimeMaxNs,1774280220129000000,1774280280069000000,0
FlushQueue.executionTimeAvgNs,1774280220129000000,1774280280069000000,0.0
AWTEventQueue.dispatchTimeTotalNS,1774280220129000000,1774280280069000000,1547431264
FlushQueue.executionTimeMaxNs,1774280220129000000,1774280280069000000,0
NonBlockingReadAction.failedExecutionTimeUs,1774280220129000000,1774280280069000000,0
FlushQueue.waitingTime90PNs,1774280220129000000,1774280280069000000,0
FlushQueue.queueSize90P,1774280220129000000,1774280280069000000,0
FlushQueue.tasksExecuted,1774280220129000000,1774280280069000000,0
NonBlockingReadAction.finalizedExecutionsCount,1774280220129000000,1774280280069000000,7
AWTEventQueue.dispatchTimeAvgNs,1774280220129000000,1774280280069000000,0.0
AWTEventQueue.eventsDispatched,1774280220129000000,1774280280069000000,0
FlushQueue.queueSizeAvg,1774280220129000000,1774280280069000000,0.0
AWTEventQueue.dispatchTime90PNs,1774280220129000000,1774280280069000000,0
WriteAction.executionsCount,1774280220129000000,1774280280069000000,0
NonBlockingReadAction.finalizedExecutionTimeUs,1774280220129000000,1774280280069000000,32885
FlushQueue.waitingTimeAvgNs,1774280220129000000,1774280280069000000,0.0
ReadAction.executionsCount,1774280220129000000,1774280280069000000,4822
NonBlockingReadAction.failedExecutionsCount,1774280220129000000,1774280280069000000,0
FlushQueue.queueSizeMax,1774280220129000000,1774280280069000000,0
FlushQueue.executionTime90PNs,1774280220129000000,1774280280069000000,0
FlushQueue.waitingTimeMaxNs,1774280220129000000,1774280280069000000,0
cacheStateStorage.get.counter,1774280280069000000,1774280340066000000,0
cacheStateStorage.set.duration,1774280280069000000,1774280340066000000,0
cacheStateStorage.get.duration,1774280280069000000,1774280340066000000,0
cacheStateStorage.set.counter,1774280280069000000,1774280340066000000,0
workspaceModel.workspaceFileIndexData.getPackageName.ms,1774280280069000000,1774280340066000000,3
workspaceModel.cachedValue.clear.count,1774280280069000000,1774280340066000000,0
workspaceModel.initializing.ms,1774280280069000000,1774280340066000000,0
workspaceModel.collect.changes.ms,1774280280069000000,1774280340066000000,0
workspaceModel.workspaceFileIndexData.processFileSets.ms,1774280280069000000,1774280340066000000,0
workspaceModel.workspaceFileIndexData.init.ms,1774280280069000000,1774280340066000000,0
workspaceModel.full.replace.project.model.ms,1774280280069000000,1774280340066000000,0
workspaceModel.loading.from.cache.ms,1774280280069000000,1774280340066000000,0
workspaceModel.init.bridges.ms,1774280280069000000,1774280340066000000,0
workspaceModel.workspaceFileIndexData.updateDirtyEntities.ms,1774280280069000000,1774280340066000000,0
workspaceModel.workspaceFileIndexData.getFileInfo.ms,1774280280069000000,1774280340066000000,40
workspaceModel.cachedValue.calculated.count,1774280280069000000,1774280340066000000,37
workspaceModel.to.snapshot.ms,1774280280069000000,1774280340066000000,0
workspaceModel.on.changed.ms,1774280280069000000,1774280340066000000,0
workspaceModel.cachedValueWithParameters.from.cache.count,1774280280069000000,1774280340066000000,0
workspaceModel.workspaceFileIndexData.instances.count,1774280280069000000,1774280340066000000,0
workspaceModel.workspaceFileIndexContributor.registerFileSets.ms,1774280280069000000,1774280340066000000,0
workspaceModel.pre.handlers.ms,1774280280069000000,1774280340066000000,0
workspaceModel.workspaceFileIndexData.visitFileSets.ms,1774280280069000000,1774280340066000000,0
workspaceModel.cachedValue.from.cache.count,1774280280069000000,1774280340066000000,3313
workspaceModel.workspaceFileIndexData.markDirty.ms,1774280280069000000,1774280340066000000,0
workspaceModel.cachedValue.total.get.count,1774280280069000000,1774280340066000000,3350
workspaceModel.replace.project.model.ms,1774280280069000000,1774280340066000000,0
workspaceModel.updates.ms,1774280280069000000,1774280340066000000,0
workspaceModel.cachedValueWithParameters.calculated.count,1774280280069000000,1774280340066000000,0
workspaceModel.on.before.changed.ms,1774280280069000000,1774280340066000000,0
workspaceModel.update.unloaded.entities.ms,1774280280069000000,1774280340066000000,0
workspaceModel.workspaceFileIndexData.getDirectoriesByPackageName.ms,1774280280069000000,1774280340066000000,13
workspaceModel.loading.total.ms,1774280280069000000,1774280340066000000,0
workspaceModel.updates.precise.ms,1774280280069000000,1774280340066000000,0
workspaceModel.updates.count,1774280280069000000,1774280340066000000,0
workspaceModel.cachedValueWithParameters.total.get.count,1774280280069000000,1774280340066000000,0
workspaceModel.check.recursive.update.ms,1774280280069000000,1774280340066000000,0
workspaceModel.workspaceFileIndexData.onEntitiesChanged.ms,1774280280069000000,1774280340066000000,0
workspaceModel.cachedValueWithParameters.clear.count,1774280280069000000,1774280340066000000,0
workspaceModel.entityStorageSnapshotImpl.instances.count,1774280280069000000,1774280340066000000,0
compiler.ArtifactVirtualFileListener.filePathChanged.ms,1774280280069000000,1774280340066000000,0
compiler.ArtifactManagerBridge.initBridges.ms,1774280280069000000,1774280340066000000,0
compiler.ArtifactManagerBridge.getArtifactsByType.ms,1774280280069000000,1774280340066000000,0
compiler.ArtifactManagerBridge.addArtifact.ms,1774280280069000000,1774280340066000000,0
compiler.ArtifactManagerBridge.findArtifact.ms,1774280280069000000,1774280340066000000,0
compiler.ArtifactVirtualFileListener.propertyChanged.ms,1774280280069000000,1774280340066000000,0
compiler.ArtifactManagerBridge.getArtifacts.ms,1774280280069000000,1774280340066000000,0
compiler.ArtifactManagerBridge.dropMappings.ms,1774280280069000000,1774280340066000000,0
compiler.ArtifactManagerBridge.commit.ms,1774280280069000000,1774280340066000000,0
writeAction.count,1774280280069000000,1774280340066000000,3
DiskQueryRelay.tasksExecuted,1774280280069000000,1774280340066000000,4359
lexer.JAVA.size.bytes,1774280280069000000,1774280340066000000,41029
writeAction.max.wait.ms,1774280280069000000,1774280340066000000,681
DiskQueryRelay.taskExecutionTotalTimeUs,1774280280069000000,1774280340066000000,850514
parser.JAVA.time.ns,1774280280069000000,1774280340066000000,26799335
writeAction.median.wait.ms,1774280280069000000,1774280340066000000,200
writeAction.wait.ms,1774280280069000000,1774280340066000000,0
DiskQueryRelay.tasksRequested,1774280280069000000,1774280340066000000,4400
parser.JAVA.size.bytes,1774280280069000000,1774280340066000000,41029
DiskQueryRelay.taskWaitingTotalTimeUs,1774280280069000000,1774280340066000000,935902
lexer.JAVA.time.ns,1774280280069000000,1774280340066000000,3789841
VFS.contentStorage.recordsReadDecompressed,1774280280069000000,1774280340066000000,235
VFS.invertedFileNameIndex.requests,1774280280069000000,1774280340066000000,2
VFS.contentStorage.recordsDeduplicated,1774280280069000000,1774280340066000000,0
VFS.contentStorage.recordsRead,1774280280069000000,1774280340066000000,1271
FileNameCache.totalMisses,1774280280069000000,1774280340066000000,5120
VFS.contentStorage.recordsStoredCompressed,1774280280069000000,1774280340066000000,0
VFS.contentStorage.recordsReadSize,1774280280069000000,1774280340066000000,14273693
VFS.fileByIdCache.misses,1774280280069000000,1774280340066000000,8563
VFS.contentStorage.recordsDecompressionTimeUs,1774280280069000000,1774280340066000000,24989
VFS.fileChildByName,1774280280069000000,1774280340066000000,13797
VFS.contentStorage.recordsUncompressedSize,1774280280069000000,1774280340066000000,0
VFS.contentStorage.recordsStored,1774280280069000000,1774280340066000000,0
VFS.contentStorage.recordsStoredSize,1774280280069000000,1774280340066000000,0
VFS.fileByIdCache.hits,1774280280069000000,1774280340066000000,0
FileNameCache.queries,1774280280069000000,1774280340066000000,278976
workspaceModel.moduleBridge.update.option.ms,1774280280069000000,1774280340066000000,0
workspaceModel.delayed.project.synchronizer.sync.ms,1774280280069000000,1774280340066000000,0
jps.apply.loaded.storage.ms,1774280280069000000,1774280340066000000,0
jps.load.project.to.empty.storage.ms,1774280280069000000,1774280340066000000,0
workspaceModel.moduleManagerBridge.load.all.modules.ms,1774280280069000000,1774280340066000000,0
workspaceModel.mutableEntityStorage.apply.changes.from.ms,1774280280069000000,1774280340066000000,0
workspaceModel.orphan.listener.update.ms,1774280280069000000,1774280340066000000,0
jps.global.handle.changed.events.ms,1774280280069000000,1774280340066000000,0
jps.save.changed.project.entities.ms,1774280280069000000,1774280340066000000,4
workspaceModel.global.apply.state.to.project.ms,1774280280069000000,1774280340066000000,0
workspaceModel.moduleManagerBridge.set.unloadedModules.ms,1774280280069000000,1774280340066000000,0
workspaceModel.global.updates.ms,1774280280069000000,1774280340066000000,0
workspaceModel.mutableEntityStorage.instances.count,1774280280069000000,1774280340066000000,0
jps.storage.jps.conf.reader.load.component.ms,1774280280069000000,1774280340066000000,0
jps.artifact.entities.serializer.save.entities.ms,1774280280069000000,1774280340066000000,0
workspaceModel.mutableEntityStorage.remove.entity.ms,1774280280069000000,1774280340066000000,0
jps.module.iml.entities.serializer.save.entities.ms,1774280280069000000,1774280340066000000,0
workspaceModel.mutableEntityStorage.entities.by.source.ms,1774280280069000000,1774280340066000000,0
jps.save.global.entities.ms,1774280280069000000,1774280340066000000,25
workspaceModel.moduleManagerBridge.build.module.graph.ms,1774280280069000000,1774280340066000000,0
workspaceModel.moduleBridge.facet.initialization.ms,1774280280069000000,1774280340066000000,0
workspaceModel.sync.entities.ms,1774280280069000000,1774280340066000000,0
workspaceModel.mutableEntityStorage.modify.entity.ms,1774280280069000000,1774280340066000000,0
jps.global.get.libraries.ms,1774280280069000000,1774280340066000000,0
workspaceModel.mutableEntityStorage.changeLog.addReplaceEventForRemovedChild.ms,1774280280069000000,1774280340066000000,0
jps.global.get.library.ms,1774280280069000000,1774280340066000000,0
jps.facet.change.listener.process.change.events.ms,1774280280069000000,1774280340066000000,0
workspaceModel.mutableEntityStorage.mutable.ext.mapping.ms,1774280280069000000,1774280340066000000,0
workspaceModel.mutableEntityStorage.add.entity.ms,1774280280069000000,1774280340066000000,0
jps.module.dependency.index.workspace.model.listener.on.changed.ms,1774280280069000000,1774280340066000000,0
jps.facet.change.listener.before.change.events.ms,1774280280069000000,1774280340066000000,0
workspaceModel.moduleManagerBridge.newModule.ms,1774280280069000000,1774280340066000000,0
jps.global.handle.before.change.events.ms,1774280280069000000,1774280340066000000,0
workspaceModel.mutableEntityStorage.collect.changes.ms,1774280280069000000,1774280340066000000,0
workspaceModel.moduleManagerBridge.create.module.instance.ms,1774280280069000000,1774280340066000000,0
workspaceModel.moduleBridge.before.changed.ms,1774280280069000000,1774280340066000000,0
workspaceModel.global.apply.state.to.project.builder.ms,1774280280069000000,1774280340066000000,0
workspaceModel.mutableEntityStorage.has.same.entities.ms,1774280280069000000,1774280340066000000,0
jps.library.entities.serializer.load.entities.ms,1774280280069000000,1774280340066000000,0
workspaceModel.mutableEntityStorage.replace.by.source.ms,1774280280069000000,1774280340066000000,0
jps.artifact.entities.serializer.load.entities.ms,1774280280069000000,1774280340066000000,0
workspaceModel.mutableEntityStorage.put.entity.ms,1774280280069000000,1774280340066000000,0
jps.module.iml.entities.serializer.load.entities.ms,1774280280069000000,1774280340066000000,0
workspaceModel.mutableEntityStorage.changeLog.addReplaceEventForNewParent.ms,1774280280069000000,1774280340066000000,0
workspaceModel.do.save.caches.ms,1774280280069000000,1774280340066000000,0
workspaceModel.mutableEntityStorage.resolve.ms,1774280280069000000,1774280340066000000,0
jps.app.storage.content.writer.save.component.ms,1774280280069000000,1774280340066000000,9
jps.reload.project.entities.ms,1774280280069000000,1774280340066000000,0
jps.facet.change.listener.init.bridge.ms,1774280280069000000,1774280340066000000,0
workspaceModel.mutableEntityStorage.changeLog.addReplaceEventForNewChild.ms,1774280280069000000,1774280340066000000,0
workspaceModel.load.cache.from.file.ms,1774280280069000000,1774280340066000000,0
jps.app.storage.content.reader.load.component.ms,1774280280069000000,1774280340066000000,0
workspaceModel.moduleBridgeLoader.loading.modules.ms,1774280280069000000,1774280340066000000,0
workspaceModel.mutableEntityStorage.to.snapshot.ms,1774280280069000000,1774280340066000000,0
jps.global.initialize.library.bridges.ms,1774280280069000000,1774280340066000000,0
workspaceModel.load.cache.metadata.from.file.ms,1774280280069000000,1774280340066000000,0
jps.project.serializers.load.ms,1774280280069000000,1774280340066000000,0
workspaceModel.moduleManagerBridge.get.modules.ms,1774280280069000000,1774280340066000000,0
workspaceModel.mutableEntityStorage.referrers.ms,1774280280069000000,1774280340066000000,0
workspaceModel.mutableEntityStorage.entities.ms,1774280280069000000,1774280340066000000,0
jps.load.initial.state.ms,1774280280069000000,1774280340066000000,0
workspaceModel.save.cache.to.file.ms,1774280280069000000,1774280340066000000,0
jps.library.entities.serializer.save.entities.ms,1774280280069000000,1774280340066000000,0
jps.global.initialize.library.bridges.after.loading.ms,1774280280069000000,1774280340066000000,0
workspaceModel.mutableEntityStorage.changeLog.addReplaceEventForRemovedParent.ms,1774280280069000000,1774280340066000000,0
workspaceModel.moduleManagerBridge.new.nonPersistent.module.ms,1774280280069000000,1774280340066000000,0
workspaceModel.global.updates.count,1774280280069000000,1774280340066000000,0
jps.project.serializers.save.ms,1774280280069000000,1774280340066000000,4
jps.global.get.library.by.name.ms,1774280280069000000,1774280340066000000,0
workspaceModel.moduleManagerBridge.load.module.ms,1774280280069000000,1774280340066000000,0
workspaceModel.mutableEntityStorage.mutable.vfurl.index.ms,1774280280069000000,1774280340066000000,0
FilePageCacheLockFree.totalPagesReclaimed,1774280280069000000,1774280340066000000,0
MappedFileStorage.totalTimeSpentOnMappingUs,1774280280069000000,1774280340066000000,13384
FileChannelInterruptsRetryer.totalRetriedAttempts,1774280280069000000,1774280340066000000,0
DirectByteBufferAllocator.totalSizeOfBuffersAllocatedInBytes,1774280280069000000,1774280340066000000,395337728
StorageLockContext.competingThreads.max,1774280280069000000,1774280340066000000,0
FilePageCacheLockFree.housekeeperTurnsDone,1774280280069000000,1774280340066000000,0
FilePageCache.capacityInBytes,1774280280069000000,1774280340066000000,503316478
FilePageCache.maxRegisteredFiles,1774280280069000000,1774280340066000000,550
FilePageCacheLockFree.nativeBytesInUse,1774280280069000000,1774280340066000000,0
DirectByteBufferAllocator.totalSizeOfBuffersCachedInBytes,1774280280069000000,1774280340066000000,0
FilePageCacheLockFree.totalHeapBytesReclaimed,1774280280069000000,1774280340066000000,0
FilePageCacheLockFree.totalHeapBytesAllocated,1774280280069000000,1774280340066000000,0
StorageLockContext.competingThreads.avg,1774280280069000000,1774280340066000000,0.0
StreamlinedBlobStorage.recordsAllocated,1774280280069000000,1774280340066000000,0
StreamlinedBlobStorage.totalLiveRecordsCapacityBytes,1774280280069000000,1774280340066000000,0
FilePageCacheLockFree.housekeeperTimeSpentMs,1774280280069000000,1774280340066000000,0
StreamlinedBlobStorage.recordsDeleted,1774280280069000000,1774280340066000000,0
FilePageCacheLockFree.totalNativeBytesReclaimed,1774280280069000000,1774280340066000000,0
FilePageCache.maxCacheSizeInBytes,1774280280069000000,1774280340066000000,395337728
StreamlinedBlobStorage.recordsRelocated,1774280280069000000,1774280340066000000,0
StorageLockContext.competingThreads.90P,1774280280069000000,1774280340066000000,0
DirectByteBufferAllocator.disposed,1774280280069000000,1774280340066000000,0
FilePageCache.disposedBuffers,1774280280069000000,1774280340066000000,0
DirectByteBufferAllocator.reclaimed,1774280280069000000,1774280340066000000,0
FilePageCacheLockFree.totalClosedStoragesReclaimed,1774280280069000000,1774280340066000000,0
MappedFileStorage.totalBytesMapped,1774280280069000000,1774280340066000000,252968960
FilePageCache.totalPageLoadsUs,1774280280069000000,1774280340066000000,57105
FilePageCacheLockFree.totalBytesRequested,1774280280069000000,1774280340066000000,0
MappedFileStorage.totalPagesMapped,1774280280069000000,1774280340066000000,21
DirectByteBufferAllocator.misses,1774280280069000000,1774280340066000000,89
StreamlinedBlobStorage.totalLiveRecordsPayloadBytes,1774280280069000000,1774280340066000000,-3
FilePageCacheLockFree.totalPageAllocationsWaited,1774280280069000000,1774280340066000000,0
FilePageCacheLockFree.totalPagesHandedOver,1774280280069000000,1774280340066000000,0
FilePageCacheLockFree.totalPagesAllocated,1774280280069000000,1774280340066000000,0
FilePageCache.pageFastCacheHits,1774280280069000000,1774280340066000000,6761
FilePageCacheLockFree.totalPagesWriteMs,1774280280069000000,1774280340066000000,0
FilePageCacheLockFree.totalPagesRequested,1774280280069000000,1774280340066000000,0
FilePageCache.pageLoads,1774280280069000000,1774280340066000000,89
FilePageCache.pageHits,1774280280069000000,1774280340066000000,181
FilePageCacheLockFree.heapBytesInUse,1774280280069000000,1774280340066000000,0
FilePageCacheLockFree.totalPagesReadMs,1774280280069000000,1774280340066000000,0
DirectByteBufferAllocator.hits,1774280280069000000,1774280340066000000,0
FilePageCacheLockFree.totalPagesWritten,1774280280069000000,1774280340066000000,0
FilePageCacheLockFree.totalNativeBytesAllocated,1774280280069000000,1774280340066000000,0
MappedFileStorage.storages,1774280280069000000,1774280340066000000,16
FilePageCacheLockFree.totalBytesRead,1774280280069000000,1774280340066000000,0
FilePageCache.pageLoadsAboveSizeThreshold,1774280280069000000,1774280340066000000,0
FilePageCache.uncachedFileAccess,1774280280069000000,1774280340066000000,47
FilePageCache.totalPageDisposalsUs,1774280280069000000,1774280340066000000,88
FilePageCacheLockFree.totalPagesRequestsMs,1774280280069000000,1774280340066000000,0
FilePageCacheLockFree.totalBytesWritten,1774280280069000000,1774280340066000000,0
FilePageCacheLockFree.housekeeperTurnsSkipped,1774280280069000000,1774280340066000000,0
IndexesFlusher.totalContentionQuotaSpent,1774280280069000000,1774280340066000000,0
Indexes.entries.lookupDurationMaxMs,1774280280069000000,1774280340066000000,0.0
Indexes.allKeys.lookupDurationAvgMs,1774280280069000000,1774280340066000000,0.0
Indexing.writesQueuedMin,1774280280069000000,1774280340066000000,9223372036854775807
Indexing.cache.totalCacheAccesses,1774280280069000000,1774280340066000000,7748
Indexes.allKeys.lookups,1774280280069000000,1774280340066000000,0
Indexes.entries.lookups,1774280280069000000,1774280340066000000,2618
IndexesFlusher.totalFlushingTimeUs,1774280280069000000,1774280340066000000,251579
Indexes.entries.lookupDurationAvgMs,1774280280069000000,1774280340066000000,0.0
Indexing.writer_0.totalTimeSpentWritingMs,1774280280069000000,1774280340066000000,0
Indexes.stubs.lookupDurationAvgMs,1774280280069000000,1774280340066000000,0.0
Indexing.writer_2.totalTimeSpentWritingMs,1774280280069000000,1774280340066000000,0
IndexesFlusher.totalFlushesRetried,1774280280069000000,1774280340066000000,0
Indexes.allKeys.lookupDuration90PMs,1774280280069000000,1774280340066000000,0.0
Indexes.entries.lookupDuration90PMs,1774280280069000000,1774280340066000000,0.0
Indexes.stubs.lookupDurationMaxMs,1774280280069000000,1774280340066000000,0.0
IndexesFlusher.totalFlushes,1774280280069000000,1774280340066000000,118
Indexing.writesQueuedMax,1774280280069000000,1774280340066000000,0
Indexing.writer_1.totalTimeSpentWritingMs,1774280280069000000,1774280340066000000,0
Indexing.writer_3.totalTimeSpentWritingMs,1774280280069000000,1774280340066000000,0
Indexing.cache.totalCacheEvicted,1774280280069000000,1774280340066000000,4253
Indexes.allKeys.lookupDurationMaxMs,1774280280069000000,1774280340066000000,0.0
Indexes.stubs.lookups,1774280280069000000,1774280340066000000,3059
Indexes.stubs.lookupDuration90PMs,1774280280069000000,1774280340066000000,0.0
Indexing.totalTimeIndexersSleptMs,1774280280069000000,1774280340066000000,0
Indexing.cache.totalCacheMisses,1774280280069000000,1774280340066000000,4253
JVM.usedNativeBytes,1774280280069000000,1774280340066000000,473988848
JVM.maxHeapBytes,1774280280069000000,1774280340066000000,2147483648
JVM.totalTimeAtSafepointsMs,1774280280069000000,1774280340066000000,254
JVM.GC.collections,1774280280069000000,1774280340066000000,10
JVM.usedHeapBytes,1774280280069000000,1774280340066000000,490733568
JVM.threadCount,1774280280069000000,1774280340066000000,76
OS.loadAverage,1774280280069000000,1774280340066000000,27.337890625
JVM.totalDirectByteBuffersBytes,1774280280069000000,1774280340066000000,397303653
JVM.maxThreadCount,1774280280069000000,1774280340066000000,127
JVM.newThreadsCount,1774280280069000000,1774280340066000000,17
JVM.totalBytesAllocated,1774280280069000000,1774280340066000000,1176272192
JVM.totalCpuTimeMs,1774280280069000000,1774280340066000000,23639
JVM.totalTimeToSafepointsMs,1774280280069000000,1774280340066000000,20
JVM.totalSafepointCount,1774280280069000000,1774280340066000000,171
JVM.GC.collectionTimesMs,1774280280069000000,1774280340066000000,241
AWTEventQueue.dispatchTimeMaxNs,1774280280069000000,1774280340066000000,133119
FlushQueue.executionTimeAvgNs,1774280280069000000,1774280340066000000,19156.0
AWTEventQueue.dispatchTimeTotalNS,1774280280069000000,1774280340066000000,1618737314
FlushQueue.executionTimeMaxNs,1774280280069000000,1774280340066000000,35071
NonBlockingReadAction.failedExecutionTimeUs,1774280280069000000,1774280340066000000,218
FlushQueue.waitingTime90PNs,1774280280069000000,1774280340066000000,153599
FlushQueue.queueSize90P,1774280280069000000,1774280340066000000,1
FlushQueue.tasksExecuted,1774280280069000000,1774280340066000000,2
NonBlockingReadAction.finalizedExecutionsCount,1774280280069000000,1774280340066000000,59
AWTEventQueue.dispatchTimeAvgNs,1774280280069000000,1774280340066000000,73872.0
AWTEventQueue.eventsDispatched,1774280280069000000,1774280340066000000,2
FlushQueue.queueSizeAvg,1774280280069000000,1774280340066000000,0.5
AWTEventQueue.dispatchTime90PNs,1774280280069000000,1774280340066000000,133119
WriteAction.executionsCount,1774280280069000000,1774280340066000000,3
NonBlockingReadAction.finalizedExecutionTimeUs,1774280280069000000,1774280340066000000,183525
FlushQueue.waitingTimeAvgNs,1774280280069000000,1774280340066000000,139392.0
ReadAction.executionsCount,1774280280069000000,1774280340066000000,115210
NonBlockingReadAction.failedExecutionsCount,1774280280069000000,1774280340066000000,1
FlushQueue.queueSizeMax,1774280280069000000,1774280340066000000,1
FlushQueue.executionTime90PNs,1774280280069000000,1774280340066000000,35071
FlushQueue.waitingTimeMaxNs,1774280280069000000,1774280340066000000,153599
cacheStateStorage.get.counter,1774280340066000000,1774280400067000000,0
cacheStateStorage.set.duration,1774280340066000000,1774280400067000000,0
cacheStateStorage.get.duration,1774280340066000000,1774280400067000000,0
cacheStateStorage.set.counter,1774280340066000000,1774280400067000000,0
workspaceModel.workspaceFileIndexData.getPackageName.ms,1774280340066000000,1774280400067000000,0
workspaceModel.cachedValue.clear.count,1774280340066000000,1774280400067000000,0
workspaceModel.initializing.ms,1774280340066000000,1774280400067000000,0
workspaceModel.collect.changes.ms,1774280340066000000,1774280400067000000,0
workspaceModel.workspaceFileIndexData.processFileSets.ms,1774280340066000000,1774280400067000000,0
workspaceModel.workspaceFileIndexData.init.ms,1774280340066000000,1774280400067000000,0
workspaceModel.full.replace.project.model.ms,1774280340066000000,1774280400067000000,0
workspaceModel.loading.from.cache.ms,1774280340066000000,1774280400067000000,0
workspaceModel.init.bridges.ms,1774280340066000000,1774280400067000000,0
workspaceModel.workspaceFileIndexData.updateDirtyEntities.ms,1774280340066000000,1774280400067000000,0
workspaceModel.workspaceFileIndexData.getFileInfo.ms,1774280340066000000,1774280400067000000,0
workspaceModel.cachedValue.calculated.count,1774280340066000000,1774280400067000000,0
workspaceModel.to.snapshot.ms,1774280340066000000,1774280400067000000,0
workspaceModel.on.changed.ms,1774280340066000000,1774280400067000000,0
workspaceModel.cachedValueWithParameters.from.cache.count,1774280340066000000,1774280400067000000,0
workspaceModel.workspaceFileIndexData.instances.count,1774280340066000000,1774280400067000000,0
workspaceModel.workspaceFileIndexContributor.registerFileSets.ms,1774280340066000000,1774280400067000000,0
workspaceModel.pre.handlers.ms,1774280340066000000,1774280400067000000,0
workspaceModel.workspaceFileIndexData.visitFileSets.ms,1774280340066000000,1774280400067000000,0
workspaceModel.cachedValue.from.cache.count,1774280340066000000,1774280400067000000,0
workspaceModel.workspaceFileIndexData.markDirty.ms,1774280340066000000,1774280400067000000,0
workspaceModel.cachedValue.total.get.count,1774280340066000000,1774280400067000000,0
workspaceModel.replace.project.model.ms,1774280340066000000,1774280400067000000,0
workspaceModel.updates.ms,1774280340066000000,1774280400067000000,0
workspaceModel.cachedValueWithParameters.calculated.count,1774280340066000000,1774280400067000000,0
workspaceModel.on.before.changed.ms,1774280340066000000,1774280400067000000,0
workspaceModel.update.unloaded.entities.ms,1774280340066000000,1774280400067000000,0
workspaceModel.workspaceFileIndexData.getDirectoriesByPackageName.ms,1774280340066000000,1774280400067000000,0
workspaceModel.loading.total.ms,1774280340066000000,1774280400067000000,0
workspaceModel.updates.precise.ms,1774280340066000000,1774280400067000000,0
workspaceModel.updates.count,1774280340066000000,1774280400067000000,0
workspaceModel.cachedValueWithParameters.total.get.count,1774280340066000000,1774280400067000000,0
workspaceModel.check.recursive.update.ms,1774280340066000000,1774280400067000000,0
workspaceModel.workspaceFileIndexData.onEntitiesChanged.ms,1774280340066000000,1774280400067000000,0
workspaceModel.cachedValueWithParameters.clear.count,1774280340066000000,1774280400067000000,0
workspaceModel.entityStorageSnapshotImpl.instances.count,1774280340066000000,1774280400067000000,0
compiler.ArtifactVirtualFileListener.filePathChanged.ms,1774280340066000000,1774280400067000000,0
compiler.ArtifactManagerBridge.initBridges.ms,1774280340066000000,1774280400067000000,0
compiler.ArtifactManagerBridge.getArtifactsByType.ms,1774280340066000000,1774280400067000000,0
compiler.ArtifactManagerBridge.addArtifact.ms,1774280340066000000,1774280400067000000,0
compiler.ArtifactManagerBridge.findArtifact.ms,1774280340066000000,1774280400067000000,0
compiler.ArtifactVirtualFileListener.propertyChanged.ms,1774280340066000000,1774280400067000000,0
compiler.ArtifactManagerBridge.getArtifacts.ms,1774280340066000000,1774280400067000000,0
compiler.ArtifactManagerBridge.dropMappings.ms,1774280340066000000,1774280400067000000,0
compiler.ArtifactManagerBridge.commit.ms,1774280340066000000,1774280400067000000,0
writeAction.count,1774280340066000000,1774280400067000000,2
DiskQueryRelay.tasksExecuted,1774280340066000000,1774280400067000000,30
writeAction.max.wait.ms,1774280340066000000,1774280400067000000,681
DiskQueryRelay.taskExecutionTotalTimeUs,1774280340066000000,1774280400067000000,4786
writeAction.median.wait.ms,1774280340066000000,1774280400067000000,200
writeAction.wait.ms,1774280340066000000,1774280400067000000,0
DiskQueryRelay.tasksRequested,1774280340066000000,1774280400067000000,30
DiskQueryRelay.taskWaitingTotalTimeUs,1774280340066000000,1774280400067000000,4810
VFS.contentStorage.recordsReadDecompressed,1774280340066000000,1774280400067000000,0
VFS.invertedFileNameIndex.requests,1774280340066000000,1774280400067000000,0
VFS.contentStorage.recordsDeduplicated,1774280340066000000,1774280400067000000,0
VFS.contentStorage.recordsRead,1774280340066000000,1774280400067000000,0
FileNameCache.totalMisses,1774280340066000000,1774280400067000000,0
VFS.contentStorage.recordsStoredCompressed,1774280340066000000,1774280400067000000,0
VFS.contentStorage.recordsReadSize,1774280340066000000,1774280400067000000,0
VFS.fileByIdCache.misses,1774280340066000000,1774280400067000000,0
VFS.contentStorage.recordsDecompressionTimeUs,1774280340066000000,1774280400067000000,0
VFS.fileChildByName,1774280340066000000,1774280400067000000,75
VFS.contentStorage.recordsUncompressedSize,1774280340066000000,1774280400067000000,0
VFS.contentStorage.recordsStored,1774280340066000000,1774280400067000000,0
VFS.contentStorage.recordsStoredSize,1774280340066000000,1774280400067000000,0
VFS.fileByIdCache.hits,1774280340066000000,1774280400067000000,0
FileNameCache.queries,1774280340066000000,1774280400067000000,0
workspaceModel.moduleBridge.update.option.ms,1774280340066000000,1774280400067000000,0
workspaceModel.delayed.project.synchronizer.sync.ms,1774280340066000000,1774280400067000000,0
jps.apply.loaded.storage.ms,1774280340066000000,1774280400067000000,0
jps.load.project.to.empty.storage.ms,1774280340066000000,1774280400067000000,0
workspaceModel.moduleManagerBridge.load.all.modules.ms,1774280340066000000,1774280400067000000,0
workspaceModel.mutableEntityStorage.apply.changes.from.ms,1774280340066000000,1774280400067000000,0
workspaceModel.orphan.listener.update.ms,1774280340066000000,1774280400067000000,0
jps.global.handle.changed.events.ms,1774280340066000000,1774280400067000000,0
jps.save.changed.project.entities.ms,1774280340066000000,1774280400067000000,0
workspaceModel.global.apply.state.to.project.ms,1774280340066000000,1774280400067000000,0
workspaceModel.moduleManagerBridge.set.unloadedModules.ms,1774280340066000000,1774280400067000000,0
workspaceModel.global.updates.ms,1774280340066000000,1774280400067000000,0
workspaceModel.mutableEntityStorage.instances.count,1774280340066000000,1774280400067000000,0
jps.storage.jps.conf.reader.load.component.ms,1774280340066000000,1774280400067000000,0
jps.artifact.entities.serializer.save.entities.ms,1774280340066000000,1774280400067000000,0
workspaceModel.mutableEntityStorage.remove.entity.ms,1774280340066000000,1774280400067000000,0
jps.module.iml.entities.serializer.save.entities.ms,1774280340066000000,1774280400067000000,0
workspaceModel.mutableEntityStorage.entities.by.source.ms,1774280340066000000,1774280400067000000,0
jps.save.global.entities.ms,1774280340066000000,1774280400067000000,0
workspaceModel.moduleManagerBridge.build.module.graph.ms,1774280340066000000,1774280400067000000,0
workspaceModel.moduleBridge.facet.initialization.ms,1774280340066000000,1774280400067000000,0
workspaceModel.sync.entities.ms,1774280340066000000,1774280400067000000,0
workspaceModel.mutableEntityStorage.modify.entity.ms,1774280340066000000,1774280400067000000,0
jps.global.get.libraries.ms,1774280340066000000,1774280400067000000,0
workspaceModel.mutableEntityStorage.changeLog.addReplaceEventForRemovedChild.ms,1774280340066000000,1774280400067000000,0
jps.global.get.library.ms,1774280340066000000,1774280400067000000,0
jps.facet.change.listener.process.change.events.ms,1774280340066000000,1774280400067000000,0
workspaceModel.mutableEntityStorage.mutable.ext.mapping.ms,1774280340066000000,1774280400067000000,0
workspaceModel.mutableEntityStorage.add.entity.ms,1774280340066000000,1774280400067000000,0
jps.module.dependency.index.workspace.model.listener.on.changed.ms,1774280340066000000,1774280400067000000,0
jps.facet.change.listener.before.change.events.ms,1774280340066000000,1774280400067000000,0
workspaceModel.moduleManagerBridge.newModule.ms,1774280340066000000,1774280400067000000,0
jps.global.handle.before.change.events.ms,1774280340066000000,1774280400067000000,0
workspaceModel.mutableEntityStorage.collect.changes.ms,1774280340066000000,1774280400067000000,0
workspaceModel.moduleManagerBridge.create.module.instance.ms,1774280340066000000,1774280400067000000,0
workspaceModel.moduleBridge.before.changed.ms,1774280340066000000,1774280400067000000,0
workspaceModel.global.apply.state.to.project.builder.ms,1774280340066000000,1774280400067000000,0
workspaceModel.mutableEntityStorage.has.same.entities.ms,1774280340066000000,1774280400067000000,0
jps.library.entities.serializer.load.entities.ms,1774280340066000000,1774280400067000000,0
workspaceModel.mutableEntityStorage.replace.by.source.ms,1774280340066000000,1774280400067000000,0
jps.artifact.entities.serializer.load.entities.ms,1774280340066000000,1774280400067000000,0
workspaceModel.mutableEntityStorage.put.entity.ms,1774280340066000000,1774280400067000000,0
jps.module.iml.entities.serializer.load.entities.ms,1774280340066000000,1774280400067000000,0
workspaceModel.mutableEntityStorage.changeLog.addReplaceEventForNewParent.ms,1774280340066000000,1774280400067000000,0
workspaceModel.do.save.caches.ms,1774280340066000000,1774280400067000000,0
workspaceModel.mutableEntityStorage.resolve.ms,1774280340066000000,1774280400067000000,0
jps.app.storage.content.writer.save.component.ms,1774280340066000000,1774280400067000000,0
jps.reload.project.entities.ms,1774280340066000000,1774280400067000000,0
jps.facet.change.listener.init.bridge.ms,1774280340066000000,1774280400067000000,0
workspaceModel.mutableEntityStorage.changeLog.addReplaceEventForNewChild.ms,1774280340066000000,1774280400067000000,0
workspaceModel.load.cache.from.file.ms,1774280340066000000,1774280400067000000,0
jps.app.storage.content.reader.load.component.ms,1774280340066000000,1774280400067000000,0
workspaceModel.moduleBridgeLoader.loading.modules.ms,1774280340066000000,1774280400067000000,0
workspaceModel.mutableEntityStorage.to.snapshot.ms,1774280340066000000,1774280400067000000,0
jps.global.initialize.library.bridges.ms,1774280340066000000,1774280400067000000,0
workspaceModel.load.cache.metadata.from.file.ms,1774280340066000000,1774280400067000000,0
jps.project.serializers.load.ms,1774280340066000000,1774280400067000000,0
workspaceModel.moduleManagerBridge.get.modules.ms,1774280340066000000,1774280400067000000,0
workspaceModel.mutableEntityStorage.referrers.ms,1774280340066000000,1774280400067000000,0
workspaceModel.mutableEntityStorage.entities.ms,1774280340066000000,1774280400067000000,0
jps.load.initial.state.ms,1774280340066000000,1774280400067000000,0
workspaceModel.save.cache.to.file.ms,1774280340066000000,1774280400067000000,0
jps.library.entities.serializer.save.entities.ms,1774280340066000000,1774280400067000000,0
jps.global.initialize.library.bridges.after.loading.ms,1774280340066000000,1774280400067000000,0
workspaceModel.mutableEntityStorage.changeLog.addReplaceEventForRemovedParent.ms,1774280340066000000,1774280400067000000,0
workspaceModel.moduleManagerBridge.new.nonPersistent.module.ms,1774280340066000000,1774280400067000000,0
workspaceModel.global.updates.count,1774280340066000000,1774280400067000000,0
jps.project.serializers.save.ms,1774280340066000000,1774280400067000000,0
jps.global.get.library.by.name.ms,1774280340066000000,1774280400067000000,0
workspaceModel.moduleManagerBridge.load.module.ms,1774280340066000000,1774280400067000000,0
workspaceModel.mutableEntityStorage.mutable.vfurl.index.ms,1774280340066000000,1774280400067000000,0
FilePageCacheLockFree.totalPagesReclaimed,1774280340066000000,1774280400067000000,0
MappedFileStorage.totalTimeSpentOnMappingUs,1774280340066000000,1774280400067000000,13384
FileChannelInterruptsRetryer.totalRetriedAttempts,1774280340066000000,1774280400067000000,0
DirectByteBufferAllocator.totalSizeOfBuffersAllocatedInBytes,1774280340066000000,1774280400067000000,395337728
StorageLockContext.competingThreads.max,1774280340066000000,1774280400067000000,0
FilePageCacheLockFree.housekeeperTurnsDone,1774280340066000000,1774280400067000000,0
FilePageCache.capacityInBytes,1774280340066000000,1774280400067000000,503316478
FilePageCache.maxRegisteredFiles,1774280340066000000,1774280400067000000,550
FilePageCacheLockFree.nativeBytesInUse,1774280340066000000,1774280400067000000,0
DirectByteBufferAllocator.totalSizeOfBuffersCachedInBytes,1774280340066000000,1774280400067000000,0
FilePageCacheLockFree.totalHeapBytesReclaimed,1774280340066000000,1774280400067000000,0
FilePageCacheLockFree.totalHeapBytesAllocated,1774280340066000000,1774280400067000000,0
StorageLockContext.competingThreads.avg,1774280340066000000,1774280400067000000,0.0
StreamlinedBlobStorage.recordsAllocated,1774280340066000000,1774280400067000000,0
StreamlinedBlobStorage.totalLiveRecordsCapacityBytes,1774280340066000000,1774280400067000000,0
FilePageCacheLockFree.housekeeperTimeSpentMs,1774280340066000000,1774280400067000000,0
StreamlinedBlobStorage.recordsDeleted,1774280340066000000,1774280400067000000,0
FilePageCacheLockFree.totalNativeBytesReclaimed,1774280340066000000,1774280400067000000,0
FilePageCache.maxCacheSizeInBytes,1774280340066000000,1774280400067000000,395337728
StreamlinedBlobStorage.recordsRelocated,1774280340066000000,1774280400067000000,0
StorageLockContext.competingThreads.90P,1774280340066000000,1774280400067000000,0
DirectByteBufferAllocator.disposed,1774280340066000000,1774280400067000000,0
FilePageCache.disposedBuffers,1774280340066000000,1774280400067000000,0
DirectByteBufferAllocator.reclaimed,1774280340066000000,1774280400067000000,0
FilePageCacheLockFree.totalClosedStoragesReclaimed,1774280340066000000,1774280400067000000,0
MappedFileStorage.totalBytesMapped,1774280340066000000,1774280400067000000,252968960
FilePageCache.totalPageLoadsUs,1774280340066000000,1774280400067000000,0
FilePageCacheLockFree.totalBytesRequested,1774280340066000000,1774280400067000000,0
MappedFileStorage.totalPagesMapped,1774280340066000000,1774280400067000000,21
DirectByteBufferAllocator.misses,1774280340066000000,1774280400067000000,0
StreamlinedBlobStorage.totalLiveRecordsPayloadBytes,1774280340066000000,1774280400067000000,0
FilePageCacheLockFree.totalPageAllocationsWaited,1774280340066000000,1774280400067000000,0
FilePageCacheLockFree.totalPagesHandedOver,1774280340066000000,1774280400067000000,0
FilePageCacheLockFree.totalPagesAllocated,1774280340066000000,1774280400067000000,0
FilePageCache.pageFastCacheHits,1774280340066000000,1774280400067000000,20
FilePageCacheLockFree.totalPagesWriteMs,1774280340066000000,1774280400067000000,0
FilePageCacheLockFree.totalPagesRequested,1774280340066000000,1774280400067000000,0
FilePageCache.pageLoads,1774280340066000000,1774280400067000000,0
FilePageCache.pageHits,1774280340066000000,1774280400067000000,0
FilePageCacheLockFree.heapBytesInUse,1774280340066000000,1774280400067000000,0
FilePageCacheLockFree.totalPagesReadMs,1774280340066000000,1774280400067000000,0
DirectByteBufferAllocator.hits,1774280340066000000,1774280400067000000,0
FilePageCacheLockFree.totalPagesWritten,1774280340066000000,1774280400067000000,0
FilePageCacheLockFree.totalNativeBytesAllocated,1774280340066000000,1774280400067000000,0
MappedFileStorage.storages,1774280340066000000,1774280400067000000,16
FilePageCacheLockFree.totalBytesRead,1774280340066000000,1774280400067000000,0
FilePageCache.pageLoadsAboveSizeThreshold,1774280340066000000,1774280400067000000,0
FilePageCache.uncachedFileAccess,1774280340066000000,1774280400067000000,3
FilePageCache.totalPageDisposalsUs,1774280340066000000,1774280400067000000,0
FilePageCacheLockFree.totalPagesRequestsMs,1774280340066000000,1774280400067000000,0
FilePageCacheLockFree.totalBytesWritten,1774280340066000000,1774280400067000000,0
FilePageCacheLockFree.housekeeperTurnsSkipped,1774280340066000000,1774280400067000000,0
IndexesFlusher.totalContentionQuotaSpent,1774280340066000000,1774280400067000000,0
Indexes.entries.lookupDurationMaxMs,1774280340066000000,1774280400067000000,0.0
Indexes.allKeys.lookupDurationAvgMs,1774280340066000000,1774280400067000000,0.0
Indexing.writesQueuedMin,1774280340066000000,1774280400067000000,9223372036854775807
Indexing.cache.totalCacheAccesses,1774280340066000000,1774280400067000000,0
Indexes.allKeys.lookups,1774280340066000000,1774280400067000000,0
Indexes.entries.lookups,1774280340066000000,1774280400067000000,0
IndexesFlusher.totalFlushingTimeUs,1774280340066000000,1774280400067000000,238129
Indexes.entries.lookupDurationAvgMs,1774280340066000000,1774280400067000000,0.0
Indexing.writer_0.totalTimeSpentWritingMs,1774280340066000000,1774280400067000000,0
Indexes.stubs.lookupDurationAvgMs,1774280340066000000,1774280400067000000,0.0
Indexing.writer_2.totalTimeSpentWritingMs,1774280340066000000,1774280400067000000,0
IndexesFlusher.totalFlushesRetried,1774280340066000000,1774280400067000000,0
Indexes.allKeys.lookupDuration90PMs,1774280340066000000,1774280400067000000,0.0
Indexes.entries.lookupDuration90PMs,1774280340066000000,1774280400067000000,0.0
Indexes.stubs.lookupDurationMaxMs,1774280340066000000,1774280400067000000,0.0
IndexesFlusher.totalFlushes,1774280340066000000,1774280400067000000,118
Indexing.writesQueuedMax,1774280340066000000,1774280400067000000,0
Indexing.writer_1.totalTimeSpentWritingMs,1774280340066000000,1774280400067000000,0
Indexing.writer_3.totalTimeSpentWritingMs,1774280340066000000,1774280400067000000,0
Indexing.cache.totalCacheEvicted,1774280340066000000,1774280400067000000,0
Indexes.allKeys.lookupDurationMaxMs,1774280340066000000,1774280400067000000,0.0
Indexes.stubs.lookups,1774280340066000000,1774280400067000000,0
Indexes.stubs.lookupDuration90PMs,1774280340066000000,1774280400067000000,0.0
Indexing.totalTimeIndexersSleptMs,1774280340066000000,1774280400067000000,0
Indexing.cache.totalCacheMisses,1774280340066000000,1774280400067000000,0
JVM.usedNativeBytes,1774280340066000000,1774280400067000000,477277008
JVM.maxHeapBytes,1774280340066000000,1774280400067000000,2147483648
JVM.totalTimeAtSafepointsMs,1774280340066000000,1774280400067000000,1
JVM.GC.collections,1774280340066000000,1774280400067000000,0
JVM.usedHeapBytes,1774280340066000000,1774280400067000000,564133888
JVM.threadCount,1774280340066000000,1774280400067000000,85
OS.loadAverage,1774280340066000000,1774280400067000000,27.13134765625
JVM.totalDirectByteBuffersBytes,1774280340066000000,1774280400067000000,397486593
JVM.maxThreadCount,1774280340066000000,1774280400067000000,127
JVM.newThreadsCount,1774280340066000000,1774280400067000000,27
JVM.totalBytesAllocated,1774280340066000000,1774280400067000000,65020096
JVM.totalCpuTimeMs,1774280340066000000,1774280400067000000,3516
JVM.totalTimeToSafepointsMs,1774280340066000000,1774280400067000000,1
JVM.totalSafepointCount,1774280340066000000,1774280400067000000,15
JVM.GC.collectionTimesMs,1774280340066000000,1774280400067000000,0
AWTEventQueue.dispatchTimeMaxNs,1774280340066000000,1774280400067000000,135167
FlushQueue.executionTimeAvgNs,1774280340066000000,1774280400067000000,44672.0
AWTEventQueue.dispatchTimeTotalNS,1774280340066000000,1774280400067000000,295123500
FlushQueue.executionTimeMaxNs,1774280340066000000,1774280400067000000,44799
NonBlockingReadAction.failedExecutionTimeUs,1774280340066000000,1774280400067000000,0
FlushQueue.waitingTime90PNs,1774280340066000000,1774280400067000000,116223
FlushQueue.queueSize90P,1774280340066000000,1774280400067000000,0
FlushQueue.tasksExecuted,1774280340066000000,1774280400067000000,1
NonBlockingReadAction.finalizedExecutionsCount,1774280340066000000,1774280400067000000,6
AWTEventQueue.dispatchTimeAvgNs,1774280340066000000,1774280400067000000,134656.0
AWTEventQueue.eventsDispatched,1774280340066000000,1774280400067000000,1
FlushQueue.queueSizeAvg,1774280340066000000,1774280400067000000,0.0
AWTEventQueue.dispatchTime90PNs,1774280340066000000,1774280400067000000,135167
WriteAction.executionsCount,1774280340066000000,1774280400067000000,2
NonBlockingReadAction.finalizedExecutionTimeUs,1774280340066000000,1774280400067000000,1827
FlushQueue.waitingTimeAvgNs,1774280340066000000,1774280400067000000,115968.0
ReadAction.executionsCount,1774280340066000000,1774280400067000000,525
NonBlockingReadAction.failedExecutionsCount,1774280340066000000,1774280400067000000,0
FlushQueue.queueSizeMax,1774280340066000000,1774280400067000000,0
FlushQueue.executionTime90PNs,1774280340066000000,1774280400067000000,44799
FlushQueue.waitingTimeMaxNs,1774280340066000000,1774280400067000000,116223
cacheStateStorage.get.counter,1774280400067000000,1774280460048000000,0
cacheStateStorage.set.duration,1774280400067000000,1774280460048000000,0
cacheStateStorage.get.duration,1774280400067000000,1774280460048000000,0
cacheStateStorage.set.counter,1774280400067000000,1774280460048000000,0
workspaceModel.workspaceFileIndexData.getPackageName.ms,1774280400067000000,1774280460048000000,0
workspaceModel.cachedValue.clear.count,1774280400067000000,1774280460048000000,0
workspaceModel.initializing.ms,1774280400067000000,1774280460048000000,0
workspaceModel.collect.changes.ms,1774280400067000000,1774280460048000000,0
workspaceModel.workspaceFileIndexData.processFileSets.ms,1774280400067000000,1774280460048000000,0
workspaceModel.workspaceFileIndexData.init.ms,1774280400067000000,1774280460048000000,0
workspaceModel.full.replace.project.model.ms,1774280400067000000,1774280460048000000,0
workspaceModel.loading.from.cache.ms,1774280400067000000,1774280460048000000,0
workspaceModel.init.bridges.ms,1774280400067000000,1774280460048000000,0
workspaceModel.workspaceFileIndexData.updateDirtyEntities.ms,1774280400067000000,1774280460048000000,0
workspaceModel.workspaceFileIndexData.getFileInfo.ms,1774280400067000000,1774280460048000000,0
workspaceModel.cachedValue.calculated.count,1774280400067000000,1774280460048000000,0
workspaceModel.to.snapshot.ms,1774280400067000000,1774280460048000000,0
workspaceModel.on.changed.ms,1774280400067000000,1774280460048000000,0
workspaceModel.cachedValueWithParameters.from.cache.count,1774280400067000000,1774280460048000000,0
workspaceModel.workspaceFileIndexData.instances.count,1774280400067000000,1774280460048000000,0
workspaceModel.workspaceFileIndexContributor.registerFileSets.ms,1774280400067000000,1774280460048000000,0
workspaceModel.pre.handlers.ms,1774280400067000000,1774280460048000000,0
workspaceModel.workspaceFileIndexData.visitFileSets.ms,1774280400067000000,1774280460048000000,0
workspaceModel.cachedValue.from.cache.count,1774280400067000000,1774280460048000000,0
workspaceModel.workspaceFileIndexData.markDirty.ms,1774280400067000000,1774280460048000000,0
workspaceModel.cachedValue.total.get.count,1774280400067000000,1774280460048000000,0
workspaceModel.replace.project.model.ms,1774280400067000000,1774280460048000000,0
workspaceModel.updates.ms,1774280400067000000,1774280460048000000,0
workspaceModel.cachedValueWithParameters.calculated.count,1774280400067000000,1774280460048000000,0
workspaceModel.on.before.changed.ms,1774280400067000000,1774280460048000000,0
workspaceModel.update.unloaded.entities.ms,1774280400067000000,1774280460048000000,0
workspaceModel.workspaceFileIndexData.getDirectoriesByPackageName.ms,1774280400067000000,1774280460048000000,0
workspaceModel.loading.total.ms,1774280400067000000,1774280460048000000,0
workspaceModel.updates.precise.ms,1774280400067000000,1774280460048000000,0
workspaceModel.updates.count,1774280400067000000,1774280460048000000,0
workspaceModel.cachedValueWithParameters.total.get.count,1774280400067000000,1774280460048000000,0
workspaceModel.check.recursive.update.ms,1774280400067000000,1774280460048000000,0
workspaceModel.workspaceFileIndexData.onEntitiesChanged.ms,1774280400067000000,1774280460048000000,0
workspaceModel.cachedValueWithParameters.clear.count,1774280400067000000,1774280460048000000,0
workspaceModel.entityStorageSnapshotImpl.instances.count,1774280400067000000,1774280460048000000,0
compiler.ArtifactVirtualFileListener.filePathChanged.ms,1774280400067000000,1774280460048000000,0
compiler.ArtifactManagerBridge.initBridges.ms,1774280400067000000,1774280460048000000,0
compiler.ArtifactManagerBridge.getArtifactsByType.ms,1774280400067000000,1774280460048000000,0
compiler.ArtifactManagerBridge.addArtifact.ms,1774280400067000000,1774280460048000000,0
compiler.ArtifactManagerBridge.findArtifact.ms,1774280400067000000,1774280460048000000,0
compiler.ArtifactVirtualFileListener.propertyChanged.ms,1774280400067000000,1774280460048000000,0
compiler.ArtifactManagerBridge.getArtifacts.ms,1774280400067000000,1774280460048000000,0
compiler.ArtifactManagerBridge.dropMappings.ms,1774280400067000000,1774280460048000000,0
compiler.ArtifactManagerBridge.commit.ms,1774280400067000000,1774280460048000000,0
writeAction.count,1774280400067000000,1774280460048000000,0
DiskQueryRelay.tasksExecuted,1774280400067000000,1774280460048000000,14
writeAction.max.wait.ms,1774280400067000000,1774280460048000000,681
DiskQueryRelay.taskExecutionTotalTimeUs,1774280400067000000,1774280460048000000,3217
writeAction.median.wait.ms,1774280400067000000,1774280460048000000,200
writeAction.wait.ms,1774280400067000000,1774280460048000000,0
DiskQueryRelay.tasksRequested,1774280400067000000,1774280460048000000,14
DiskQueryRelay.taskWaitingTotalTimeUs,1774280400067000000,1774280460048000000,3246
VFS.contentStorage.recordsReadDecompressed,1774280400067000000,1774280460048000000,0
VFS.invertedFileNameIndex.requests,1774280400067000000,1774280460048000000,0
VFS.contentStorage.recordsDeduplicated,1774280400067000000,1774280460048000000,0
VFS.contentStorage.recordsRead,1774280400067000000,1774280460048000000,0
FileNameCache.totalMisses,1774280400067000000,1774280460048000000,0
VFS.contentStorage.recordsStoredCompressed,1774280400067000000,1774280460048000000,0
VFS.contentStorage.recordsReadSize,1774280400067000000,1774280460048000000,0
VFS.fileByIdCache.misses,1774280400067000000,1774280460048000000,0
VFS.contentStorage.recordsDecompressionTimeUs,1774280400067000000,1774280460048000000,0
VFS.fileChildByName,1774280400067000000,1774280460048000000,0
VFS.contentStorage.recordsUncompressedSize,1774280400067000000,1774280460048000000,0
VFS.contentStorage.recordsStored,1774280400067000000,1774280460048000000,0
VFS.contentStorage.recordsStoredSize,1774280400067000000,1774280460048000000,0
VFS.fileByIdCache.hits,1774280400067000000,1774280460048000000,0
FileNameCache.queries,1774280400067000000,1774280460048000000,0
workspaceModel.moduleBridge.update.option.ms,1774280400067000000,1774280460048000000,0
workspaceModel.delayed.project.synchronizer.sync.ms,1774280400067000000,1774280460048000000,0
jps.apply.loaded.storage.ms,1774280400067000000,1774280460048000000,0
jps.load.project.to.empty.storage.ms,1774280400067000000,1774280460048000000,0
workspaceModel.moduleManagerBridge.load.all.modules.ms,1774280400067000000,1774280460048000000,0
workspaceModel.mutableEntityStorage.apply.changes.from.ms,1774280400067000000,1774280460048000000,0
workspaceModel.orphan.listener.update.ms,1774280400067000000,1774280460048000000,0
jps.global.handle.changed.events.ms,1774280400067000000,1774280460048000000,0
jps.save.changed.project.entities.ms,1774280400067000000,1774280460048000000,0
workspaceModel.global.apply.state.to.project.ms,1774280400067000000,1774280460048000000,0
workspaceModel.moduleManagerBridge.set.unloadedModules.ms,1774280400067000000,1774280460048000000,0
workspaceModel.global.updates.ms,1774280400067000000,1774280460048000000,0
workspaceModel.mutableEntityStorage.instances.count,1774280400067000000,1774280460048000000,0
jps.storage.jps.conf.reader.load.component.ms,1774280400067000000,1774280460048000000,0
jps.artifact.entities.serializer.save.entities.ms,1774280400067000000,1774280460048000000,0
workspaceModel.mutableEntityStorage.remove.entity.ms,1774280400067000000,1774280460048000000,0
jps.module.iml.entities.serializer.save.entities.ms,1774280400067000000,1774280460048000000,0
workspaceModel.mutableEntityStorage.entities.by.source.ms,1774280400067000000,1774280460048000000,0
jps.save.global.entities.ms,1774280400067000000,1774280460048000000,0
workspaceModel.moduleManagerBridge.build.module.graph.ms,1774280400067000000,1774280460048000000,0
workspaceModel.moduleBridge.facet.initialization.ms,1774280400067000000,1774280460048000000,0
workspaceModel.sync.entities.ms,1774280400067000000,1774280460048000000,0
workspaceModel.mutableEntityStorage.modify.entity.ms,1774280400067000000,1774280460048000000,0
jps.global.get.libraries.ms,1774280400067000000,1774280460048000000,0
workspaceModel.mutableEntityStorage.changeLog.addReplaceEventForRemovedChild.ms,1774280400067000000,1774280460048000000,0
jps.global.get.library.ms,1774280400067000000,1774280460048000000,0
jps.facet.change.listener.process.change.events.ms,1774280400067000000,1774280460048000000,0
workspaceModel.mutableEntityStorage.mutable.ext.mapping.ms,1774280400067000000,1774280460048000000,0
workspaceModel.mutableEntityStorage.add.entity.ms,1774280400067000000,1774280460048000000,0
jps.module.dependency.index.workspace.model.listener.on.changed.ms,1774280400067000000,1774280460048000000,0
jps.facet.change.listener.before.change.events.ms,1774280400067000000,1774280460048000000,0
workspaceModel.moduleManagerBridge.newModule.ms,1774280400067000000,1774280460048000000,0
jps.global.handle.before.change.events.ms,1774280400067000000,1774280460048000000,0
workspaceModel.mutableEntityStorage.collect.changes.ms,1774280400067000000,1774280460048000000,0
workspaceModel.moduleManagerBridge.create.module.instance.ms,1774280400067000000,1774280460048000000,0
workspaceModel.moduleBridge.before.changed.ms,1774280400067000000,1774280460048000000,0
workspaceModel.global.apply.state.to.project.builder.ms,1774280400067000000,1774280460048000000,0
workspaceModel.mutableEntityStorage.has.same.entities.ms,1774280400067000000,1774280460048000000,0
jps.library.entities.serializer.load.entities.ms,1774280400067000000,1774280460048000000,0
workspaceModel.mutableEntityStorage.replace.by.source.ms,1774280400067000000,1774280460048000000,0
jps.artifact.entities.serializer.load.entities.ms,1774280400067000000,1774280460048000000,0
workspaceModel.mutableEntityStorage.put.entity.ms,1774280400067000000,1774280460048000000,0
jps.module.iml.entities.serializer.load.entities.ms,1774280400067000000,1774280460048000000,0
workspaceModel.mutableEntityStorage.changeLog.addReplaceEventForNewParent.ms,1774280400067000000,1774280460048000000,0
workspaceModel.do.save.caches.ms,1774280400067000000,1774280460048000000,0
workspaceModel.mutableEntityStorage.resolve.ms,1774280400067000000,1774280460048000000,0
jps.app.storage.content.writer.save.component.ms,1774280400067000000,1774280460048000000,0
jps.reload.project.entities.ms,1774280400067000000,1774280460048000000,0
jps.facet.change.listener.init.bridge.ms,1774280400067000000,1774280460048000000,0
workspaceModel.mutableEntityStorage.changeLog.addReplaceEventForNewChild.ms,1774280400067000000,1774280460048000000,0
workspaceModel.load.cache.from.file.ms,1774280400067000000,1774280460048000000,0
jps.app.storage.content.reader.load.component.ms,1774280400067000000,1774280460048000000,0
workspaceModel.moduleBridgeLoader.loading.modules.ms,1774280400067000000,1774280460048000000,0
workspaceModel.mutableEntityStorage.to.snapshot.ms,1774280400067000000,1774280460048000000,0
jps.global.initialize.library.bridges.ms,1774280400067000000,1774280460048000000,0
workspaceModel.load.cache.metadata.from.file.ms,1774280400067000000,1774280460048000000,0
jps.project.serializers.load.ms,1774280400067000000,1774280460048000000,0
workspaceModel.moduleManagerBridge.get.modules.ms,1774280400067000000,1774280460048000000,0
workspaceModel.mutableEntityStorage.referrers.ms,1774280400067000000,1774280460048000000,0
workspaceModel.mutableEntityStorage.entities.ms,1774280400067000000,1774280460048000000,0
jps.load.initial.state.ms,1774280400067000000,1774280460048000000,0
workspaceModel.save.cache.to.file.ms,1774280400067000000,1774280460048000000,0
jps.library.entities.serializer.save.entities.ms,1774280400067000000,1774280460048000000,0
jps.global.initialize.library.bridges.after.loading.ms,1774280400067000000,1774280460048000000,0
workspaceModel.mutableEntityStorage.changeLog.addReplaceEventForRemovedParent.ms,1774280400067000000,1774280460048000000,0
workspaceModel.moduleManagerBridge.new.nonPersistent.module.ms,1774280400067000000,1774280460048000000,0
workspaceModel.global.updates.count,1774280400067000000,1774280460048000000,0
jps.project.serializers.save.ms,1774280400067000000,1774280460048000000,0
jps.global.get.library.by.name.ms,1774280400067000000,1774280460048000000,0
workspaceModel.moduleManagerBridge.load.module.ms,1774280400067000000,1774280460048000000,0
workspaceModel.mutableEntityStorage.mutable.vfurl.index.ms,1774280400067000000,1774280460048000000,0
FilePageCacheLockFree.totalPagesReclaimed,1774280400067000000,1774280460048000000,0
MappedFileStorage.totalTimeSpentOnMappingUs,1774280400067000000,1774280460048000000,13384
FileChannelInterruptsRetryer.totalRetriedAttempts,1774280400067000000,1774280460048000000,0
DirectByteBufferAllocator.totalSizeOfBuffersAllocatedInBytes,1774280400067000000,1774280460048000000,395337728
StorageLockContext.competingThreads.max,1774280400067000000,1774280460048000000,0
FilePageCacheLockFree.housekeeperTurnsDone,1774280400067000000,1774280460048000000,0
FilePageCache.capacityInBytes,1774280400067000000,1774280460048000000,503316478
FilePageCache.maxRegisteredFiles,1774280400067000000,1774280460048000000,550
FilePageCacheLockFree.nativeBytesInUse,1774280400067000000,1774280460048000000,0
DirectByteBufferAllocator.totalSizeOfBuffersCachedInBytes,1774280400067000000,1774280460048000000,0
FilePageCacheLockFree.totalHeapBytesReclaimed,1774280400067000000,1774280460048000000,0
FilePageCacheLockFree.totalHeapBytesAllocated,1774280400067000000,1774280460048000000,0
StorageLockContext.competingThreads.avg,1774280400067000000,1774280460048000000,0.0
StreamlinedBlobStorage.recordsAllocated,1774280400067000000,1774280460048000000,0
StreamlinedBlobStorage.totalLiveRecordsCapacityBytes,1774280400067000000,1774280460048000000,0
FilePageCacheLockFree.housekeeperTimeSpentMs,1774280400067000000,1774280460048000000,0
StreamlinedBlobStorage.recordsDeleted,1774280400067000000,1774280460048000000,0
FilePageCacheLockFree.totalNativeBytesReclaimed,1774280400067000000,1774280460048000000,0
FilePageCache.maxCacheSizeInBytes,1774280400067000000,1774280460048000000,395337728
StreamlinedBlobStorage.recordsRelocated,1774280400067000000,1774280460048000000,0
StorageLockContext.competingThreads.90P,1774280400067000000,1774280460048000000,0
DirectByteBufferAllocator.disposed,1774280400067000000,1774280460048000000,0
FilePageCache.disposedBuffers,1774280400067000000,1774280460048000000,0
DirectByteBufferAllocator.reclaimed,1774280400067000000,1774280460048000000,0
FilePageCacheLockFree.totalClosedStoragesReclaimed,1774280400067000000,1774280460048000000,0
MappedFileStorage.totalBytesMapped,1774280400067000000,1774280460048000000,252968960
FilePageCache.totalPageLoadsUs,1774280400067000000,1774280460048000000,0
FilePageCacheLockFree.totalBytesRequested,1774280400067000000,1774280460048000000,0
MappedFileStorage.totalPagesMapped,1774280400067000000,1774280460048000000,21
DirectByteBufferAllocator.misses,1774280400067000000,1774280460048000000,0
StreamlinedBlobStorage.totalLiveRecordsPayloadBytes,1774280400067000000,1774280460048000000,0
FilePageCacheLockFree.totalPageAllocationsWaited,1774280400067000000,1774280460048000000,0
FilePageCacheLockFree.totalPagesHandedOver,1774280400067000000,1774280460048000000,0
FilePageCacheLockFree.totalPagesAllocated,1774280400067000000,1774280460048000000,0
FilePageCache.pageFastCacheHits,1774280400067000000,1774280460048000000,0
FilePageCacheLockFree.totalPagesWriteMs,1774280400067000000,1774280460048000000,0
FilePageCacheLockFree.totalPagesRequested,1774280400067000000,1774280460048000000,0
FilePageCache.pageLoads,1774280400067000000,1774280460048000000,0
FilePageCache.pageHits,1774280400067000000,1774280460048000000,0
FilePageCacheLockFree.heapBytesInUse,1774280400067000000,1774280460048000000,0
FilePageCacheLockFree.totalPagesReadMs,1774280400067000000,1774280460048000000,0
DirectByteBufferAllocator.hits,1774280400067000000,1774280460048000000,0
FilePageCacheLockFree.totalPagesWritten,1774280400067000000,1774280460048000000,0
FilePageCacheLockFree.totalNativeBytesAllocated,1774280400067000000,1774280460048000000,0
MappedFileStorage.storages,1774280400067000000,1774280460048000000,16
FilePageCacheLockFree.totalBytesRead,1774280400067000000,1774280460048000000,0
FilePageCache.pageLoadsAboveSizeThreshold,1774280400067000000,1774280460048000000,0
FilePageCache.uncachedFileAccess,1774280400067000000,1774280460048000000,0
FilePageCache.totalPageDisposalsUs,1774280400067000000,1774280460048000000,0
FilePageCacheLockFree.totalPagesRequestsMs,1774280400067000000,1774280460048000000,0
FilePageCacheLockFree.totalBytesWritten,1774280400067000000,1774280460048000000,0
FilePageCacheLockFree.housekeeperTurnsSkipped,1774280400067000000,1774280460048000000,0
IndexesFlusher.totalContentionQuotaSpent,1774280400067000000,1774280460048000000,0
Indexes.entries.lookupDurationMaxMs,1774280400067000000,1774280460048000000,0.0
Indexes.allKeys.lookupDurationAvgMs,1774280400067000000,1774280460048000000,0.0
Indexing.writesQueuedMin,1774280400067000000,1774280460048000000,9223372036854775807
Indexing.cache.totalCacheAccesses,1774280400067000000,1774280460048000000,0
Indexes.allKeys.lookups,1774280400067000000,1774280460048000000,0
Indexes.entries.lookups,1774280400067000000,1774280460048000000,0
IndexesFlusher.totalFlushingTimeUs,1774280400067000000,1774280460048000000,230681
Indexes.entries.lookupDurationAvgMs,1774280400067000000,1774280460048000000,0.0
Indexing.writer_0.totalTimeSpentWritingMs,1774280400067000000,1774280460048000000,0
Indexes.stubs.lookupDurationAvgMs,1774280400067000000,1774280460048000000,0.0
Indexing.writer_2.totalTimeSpentWritingMs,1774280400067000000,1774280460048000000,0
IndexesFlusher.totalFlushesRetried,1774280400067000000,1774280460048000000,0
Indexes.allKeys.lookupDuration90PMs,1774280400067000000,1774280460048000000,0.0
Indexes.entries.lookupDuration90PMs,1774280400067000000,1774280460048000000,0.0
Indexes.stubs.lookupDurationMaxMs,1774280400067000000,1774280460048000000,0.0
IndexesFlusher.totalFlushes,1774280400067000000,1774280460048000000,117
Indexing.writesQueuedMax,1774280400067000000,1774280460048000000,0
Indexing.writer_1.totalTimeSpentWritingMs,1774280400067000000,1774280460048000000,0
Indexing.writer_3.totalTimeSpentWritingMs,1774280400067000000,1774280460048000000,0
Indexing.cache.totalCacheEvicted,1774280400067000000,1774280460048000000,0
Indexes.allKeys.lookupDurationMaxMs,1774280400067000000,1774280460048000000,0.0
Indexes.stubs.lookups,1774280400067000000,1774280460048000000,0
Indexes.stubs.lookupDuration90PMs,1774280400067000000,1774280460048000000,0.0
Indexing.totalTimeIndexersSleptMs,1774280400067000000,1774280460048000000,0
Indexing.cache.totalCacheMisses,1774280400067000000,1774280460048000000,0
JVM.usedNativeBytes,1774280400067000000,1774280460048000000,477988864
JVM.maxHeapBytes,1774280400067000000,1774280460048000000,2147483648
JVM.totalTimeAtSafepointsMs,1774280400067000000,1774280460048000000,1
JVM.GC.collections,1774280400067000000,1774280460048000000,0
JVM.usedHeapBytes,1774280400067000000,1774280460048000000,589299712
JVM.threadCount,1774280400067000000,1774280460048000000,63
OS.loadAverage,1774280400067000000,1774280460048000000,29.3759765625
JVM.totalDirectByteBuffersBytes,1774280400067000000,1774280460048000000,397365060
JVM.maxThreadCount,1774280400067000000,1774280460048000000,127
JVM.newThreadsCount,1774280400067000000,1774280460048000000,0
JVM.totalBytesAllocated,1774280400067000000,1774280460048000000,24221424
JVM.totalCpuTimeMs,1774280400067000000,1774280460048000000,2326
JVM.totalTimeToSafepointsMs,1774280400067000000,1774280460048000000,0
JVM.totalSafepointCount,1774280400067000000,1774280460048000000,9
JVM.GC.collectionTimesMs,1774280400067000000,1774280460048000000,0
AWTEventQueue.dispatchTimeMaxNs,1774280400067000000,1774280460048000000,0
FlushQueue.executionTimeAvgNs,1774280400067000000,1774280460048000000,0.0
AWTEventQueue.dispatchTimeTotalNS,1774280400067000000,1774280460048000000,221592825
FlushQueue.executionTimeMaxNs,1774280400067000000,1774280460048000000,0
NonBlockingReadAction.failedExecutionTimeUs,1774280400067000000,1774280460048000000,0
FlushQueue.waitingTime90PNs,1774280400067000000,1774280460048000000,0
FlushQueue.queueSize90P,1774280400067000000,1774280460048000000,0
FlushQueue.tasksExecuted,1774280400067000000,1774280460048000000,0
NonBlockingReadAction.finalizedExecutionsCount,1774280400067000000,1774280460048000000,0
AWTEventQueue.dispatchTimeAvgNs,1774280400067000000,1774280460048000000,0.0
AWTEventQueue.eventsDispatched,1774280400067000000,1774280460048000000,0
FlushQueue.queueSizeAvg,1774280400067000000,1774280460048000000,0.0
AWTEventQueue.dispatchTime90PNs,1774280400067000000,1774280460048000000,0
WriteAction.executionsCount,1774280400067000000,1774280460048000000,0
NonBlockingReadAction.finalizedExecutionTimeUs,1774280400067000000,1774280460048000000,0
FlushQueue.waitingTimeAvgNs,1774280400067000000,1774280460048000000,0.0
ReadAction.executionsCount,1774280400067000000,1774280460048000000,39
NonBlockingReadAction.failedExecutionsCount,1774280400067000000,1774280460048000000,0
FlushQueue.queueSizeMax,1774280400067000000,1774280460048000000,0
FlushQueue.executionTime90PNs,1774280400067000000,1774280460048000000,0
FlushQueue.waitingTimeMaxNs,1774280400067000000,1774280460048000000,0
cacheStateStorage.get.counter,1774280460048000000,1774280520075000000,0
cacheStateStorage.set.duration,1774280460048000000,1774280520075000000,0
cacheStateStorage.get.duration,1774280460048000000,1774280520075000000,0
cacheStateStorage.set.counter,1774280460048000000,1774280520075000000,0
workspaceModel.workspaceFileIndexData.getPackageName.ms,1774280460048000000,1774280520075000000,0
workspaceModel.cachedValue.clear.count,1774280460048000000,1774280520075000000,0
workspaceModel.initializing.ms,1774280460048000000,1774280520075000000,0
workspaceModel.collect.changes.ms,1774280460048000000,1774280520075000000,0
workspaceModel.workspaceFileIndexData.processFileSets.ms,1774280460048000000,1774280520075000000,0
workspaceModel.workspaceFileIndexData.init.ms,1774280460048000000,1774280520075000000,0
workspaceModel.full.replace.project.model.ms,1774280460048000000,1774280520075000000,0
workspaceModel.loading.from.cache.ms,1774280460048000000,1774280520075000000,0
workspaceModel.init.bridges.ms,1774280460048000000,1774280520075000000,0
workspaceModel.workspaceFileIndexData.updateDirtyEntities.ms,1774280460048000000,1774280520075000000,0
workspaceModel.workspaceFileIndexData.getFileInfo.ms,1774280460048000000,1774280520075000000,439
workspaceModel.cachedValue.calculated.count,1774280460048000000,1774280520075000000,5
workspaceModel.to.snapshot.ms,1774280460048000000,1774280520075000000,0
workspaceModel.on.changed.ms,1774280460048000000,1774280520075000000,0
workspaceModel.cachedValueWithParameters.from.cache.count,1774280460048000000,1774280520075000000,0
workspaceModel.workspaceFileIndexData.instances.count,1774280460048000000,1774280520075000000,0
workspaceModel.workspaceFileIndexContributor.registerFileSets.ms,1774280460048000000,1774280520075000000,0
workspaceModel.pre.handlers.ms,1774280460048000000,1774280520075000000,0
workspaceModel.workspaceFileIndexData.visitFileSets.ms,1774280460048000000,1774280520075000000,3
workspaceModel.cachedValue.from.cache.count,1774280460048000000,1774280520075000000,856
workspaceModel.workspaceFileIndexData.markDirty.ms,1774280460048000000,1774280520075000000,0
workspaceModel.cachedValue.total.get.count,1774280460048000000,1774280520075000000,861
workspaceModel.replace.project.model.ms,1774280460048000000,1774280520075000000,0
workspaceModel.updates.ms,1774280460048000000,1774280520075000000,0
workspaceModel.cachedValueWithParameters.calculated.count,1774280460048000000,1774280520075000000,0
workspaceModel.on.before.changed.ms,1774280460048000000,1774280520075000000,0
workspaceModel.update.unloaded.entities.ms,1774280460048000000,1774280520075000000,0
workspaceModel.workspaceFileIndexData.getDirectoriesByPackageName.ms,1774280460048000000,1774280520075000000,0
workspaceModel.loading.total.ms,1774280460048000000,1774280520075000000,0
workspaceModel.updates.precise.ms,1774280460048000000,1774280520075000000,0
workspaceModel.updates.count,1774280460048000000,1774280520075000000,0
workspaceModel.cachedValueWithParameters.total.get.count,1774280460048000000,1774280520075000000,0
workspaceModel.check.recursive.update.ms,1774280460048000000,1774280520075000000,0
workspaceModel.workspaceFileIndexData.onEntitiesChanged.ms,1774280460048000000,1774280520075000000,0
workspaceModel.cachedValueWithParameters.clear.count,1774280460048000000,1774280520075000000,0
workspaceModel.entityStorageSnapshotImpl.instances.count,1774280460048000000,1774280520075000000,0
compiler.ArtifactVirtualFileListener.filePathChanged.ms,1774280460048000000,1774280520075000000,0
compiler.ArtifactManagerBridge.initBridges.ms,1774280460048000000,1774280520075000000,0
compiler.ArtifactManagerBridge.getArtifactsByType.ms,1774280460048000000,1774280520075000000,0
compiler.ArtifactManagerBridge.addArtifact.ms,1774280460048000000,1774280520075000000,0
compiler.ArtifactManagerBridge.findArtifact.ms,1774280460048000000,1774280520075000000,0
compiler.ArtifactVirtualFileListener.propertyChanged.ms,1774280460048000000,1774280520075000000,0
compiler.ArtifactManagerBridge.getArtifacts.ms,1774280460048000000,1774280520075000000,0
compiler.ArtifactManagerBridge.dropMappings.ms,1774280460048000000,1774280520075000000,0
compiler.ArtifactManagerBridge.commit.ms,1774280460048000000,1774280520075000000,0
writeAction.count,1774280460048000000,1774280520075000000,1
DiskQueryRelay.tasksExecuted,1774280460048000000,1774280520075000000,176
writeAction.max.wait.ms,1774280460048000000,1774280520075000000,681
DiskQueryRelay.taskExecutionTotalTimeUs,1774280460048000000,1774280520075000000,70475
writeAction.median.wait.ms,1774280460048000000,1774280520075000000,200
writeAction.wait.ms,1774280460048000000,1774280520075000000,0
DiskQueryRelay.tasksRequested,1774280460048000000,1774280520075000000,176
DiskQueryRelay.taskWaitingTotalTimeUs,1774280460048000000,1774280520075000000,75050
VFS.contentStorage.recordsReadDecompressed,1774280460048000000,1774280520075000000,3
VFS.invertedFileNameIndex.requests,1774280460048000000,1774280520075000000,0
VFS.contentStorage.recordsDeduplicated,1774280460048000000,1774280520075000000,0
VFS.contentStorage.recordsRead,1774280460048000000,1774280520075000000,14
FileNameCache.totalMisses,1774280460048000000,1774280520075000000,288064
VFS.contentStorage.recordsStoredCompressed,1774280460048000000,1774280520075000000,0
VFS.contentStorage.recordsReadSize,1774280460048000000,1774280520075000000,55971
VFS.fileByIdCache.misses,1774280460048000000,1774280520075000000,709
VFS.contentStorage.recordsDecompressionTimeUs,1774280460048000000,1774280520075000000,317
VFS.fileChildByName,1774280460048000000,1774280520075000000,3462
VFS.contentStorage.recordsUncompressedSize,1774280460048000000,1774280520075000000,0
VFS.contentStorage.recordsStored,1774280460048000000,1774280520075000000,0
VFS.contentStorage.recordsStoredSize,1774280460048000000,1774280520075000000,0
VFS.fileByIdCache.hits,1774280460048000000,1774280520075000000,0
FileNameCache.queries,1774280460048000000,1774280520075000000,3702464
workspaceModel.moduleBridge.update.option.ms,1774280460048000000,1774280520075000000,0
workspaceModel.delayed.project.synchronizer.sync.ms,1774280460048000000,1774280520075000000,0
jps.apply.loaded.storage.ms,1774280460048000000,1774280520075000000,0
jps.load.project.to.empty.storage.ms,1774280460048000000,1774280520075000000,0
workspaceModel.moduleManagerBridge.load.all.modules.ms,1774280460048000000,1774280520075000000,0
workspaceModel.mutableEntityStorage.apply.changes.from.ms,1774280460048000000,1774280520075000000,0
workspaceModel.orphan.listener.update.ms,1774280460048000000,1774280520075000000,0
jps.global.handle.changed.events.ms,1774280460048000000,1774280520075000000,0
jps.save.changed.project.entities.ms,1774280460048000000,1774280520075000000,0
workspaceModel.global.apply.state.to.project.ms,1774280460048000000,1774280520075000000,0
workspaceModel.moduleManagerBridge.set.unloadedModules.ms,1774280460048000000,1774280520075000000,0
workspaceModel.global.updates.ms,1774280460048000000,1774280520075000000,0
workspaceModel.mutableEntityStorage.instances.count,1774280460048000000,1774280520075000000,0
jps.storage.jps.conf.reader.load.component.ms,1774280460048000000,1774280520075000000,0
jps.artifact.entities.serializer.save.entities.ms,1774280460048000000,1774280520075000000,0
workspaceModel.mutableEntityStorage.remove.entity.ms,1774280460048000000,1774280520075000000,0
jps.module.iml.entities.serializer.save.entities.ms,1774280460048000000,1774280520075000000,0
workspaceModel.mutableEntityStorage.entities.by.source.ms,1774280460048000000,1774280520075000000,0
jps.save.global.entities.ms,1774280460048000000,1774280520075000000,0
workspaceModel.moduleManagerBridge.build.module.graph.ms,1774280460048000000,1774280520075000000,0
workspaceModel.moduleBridge.facet.initialization.ms,1774280460048000000,1774280520075000000,0
workspaceModel.sync.entities.ms,1774280460048000000,1774280520075000000,0
workspaceModel.mutableEntityStorage.modify.entity.ms,1774280460048000000,1774280520075000000,0
jps.global.get.libraries.ms,1774280460048000000,1774280520075000000,0
workspaceModel.mutableEntityStorage.changeLog.addReplaceEventForRemovedChild.ms,1774280460048000000,1774280520075000000,0
jps.global.get.library.ms,1774280460048000000,1774280520075000000,0
jps.facet.change.listener.process.change.events.ms,1774280460048000000,1774280520075000000,0
workspaceModel.mutableEntityStorage.mutable.ext.mapping.ms,1774280460048000000,1774280520075000000,0
workspaceModel.mutableEntityStorage.add.entity.ms,1774280460048000000,1774280520075000000,0
jps.module.dependency.index.workspace.model.listener.on.changed.ms,1774280460048000000,1774280520075000000,0
jps.facet.change.listener.before.change.events.ms,1774280460048000000,1774280520075000000,0
workspaceModel.moduleManagerBridge.newModule.ms,1774280460048000000,1774280520075000000,0
jps.global.handle.before.change.events.ms,1774280460048000000,1774280520075000000,0
workspaceModel.mutableEntityStorage.collect.changes.ms,1774280460048000000,1774280520075000000,0
workspaceModel.moduleManagerBridge.create.module.instance.ms,1774280460048000000,1774280520075000000,0
workspaceModel.moduleBridge.before.changed.ms,1774280460048000000,1774280520075000000,0
workspaceModel.global.apply.state.to.project.builder.ms,1774280460048000000,1774280520075000000,0
workspaceModel.mutableEntityStorage.has.same.entities.ms,1774280460048000000,1774280520075000000,0
jps.library.entities.serializer.load.entities.ms,1774280460048000000,1774280520075000000,0
workspaceModel.mutableEntityStorage.replace.by.source.ms,1774280460048000000,1774280520075000000,0
jps.artifact.entities.serializer.load.entities.ms,1774280460048000000,1774280520075000000,0
workspaceModel.mutableEntityStorage.put.entity.ms,1774280460048000000,1774280520075000000,0
jps.module.iml.entities.serializer.load.entities.ms,1774280460048000000,1774280520075000000,0
workspaceModel.mutableEntityStorage.changeLog.addReplaceEventForNewParent.ms,1774280460048000000,1774280520075000000,0
workspaceModel.do.save.caches.ms,1774280460048000000,1774280520075000000,0
workspaceModel.mutableEntityStorage.resolve.ms,1774280460048000000,1774280520075000000,0
jps.app.storage.content.writer.save.component.ms,1774280460048000000,1774280520075000000,0
jps.reload.project.entities.ms,1774280460048000000,1774280520075000000,0
jps.facet.change.listener.init.bridge.ms,1774280460048000000,1774280520075000000,0
workspaceModel.mutableEntityStorage.changeLog.addReplaceEventForNewChild.ms,1774280460048000000,1774280520075000000,0
workspaceModel.load.cache.from.file.ms,1774280460048000000,1774280520075000000,0
jps.app.storage.content.reader.load.component.ms,1774280460048000000,1774280520075000000,0
workspaceModel.moduleBridgeLoader.loading.modules.ms,1774280460048000000,1774280520075000000,0
workspaceModel.mutableEntityStorage.to.snapshot.ms,1774280460048000000,1774280520075000000,0
jps.global.initialize.library.bridges.ms,1774280460048000000,1774280520075000000,0
workspaceModel.load.cache.metadata.from.file.ms,1774280460048000000,1774280520075000000,0
jps.project.serializers.load.ms,1774280460048000000,1774280520075000000,0
workspaceModel.moduleManagerBridge.get.modules.ms,1774280460048000000,1774280520075000000,0
workspaceModel.mutableEntityStorage.referrers.ms,1774280460048000000,1774280520075000000,0
workspaceModel.mutableEntityStorage.entities.ms,1774280460048000000,1774280520075000000,0
jps.load.initial.state.ms,1774280460048000000,1774280520075000000,0
workspaceModel.save.cache.to.file.ms,1774280460048000000,1774280520075000000,0
jps.library.entities.serializer.save.entities.ms,1774280460048000000,1774280520075000000,0
jps.global.initialize.library.bridges.after.loading.ms,1774280460048000000,1774280520075000000,0
workspaceModel.mutableEntityStorage.changeLog.addReplaceEventForRemovedParent.ms,1774280460048000000,1774280520075000000,0
workspaceModel.moduleManagerBridge.new.nonPersistent.module.ms,1774280460048000000,1774280520075000000,0
workspaceModel.global.updates.count,1774280460048000000,1774280520075000000,0
jps.project.serializers.save.ms,1774280460048000000,1774280520075000000,0
jps.global.get.library.by.name.ms,1774280460048000000,1774280520075000000,0
workspaceModel.moduleManagerBridge.load.module.ms,1774280460048000000,1774280520075000000,0
workspaceModel.mutableEntityStorage.mutable.vfurl.index.ms,1774280460048000000,1774280520075000000,0
FilePageCacheLockFree.totalPagesReclaimed,1774280460048000000,1774280520075000000,0
MappedFileStorage.totalTimeSpentOnMappingUs,1774280460048000000,1774280520075000000,13679
FileChannelInterruptsRetryer.totalRetriedAttempts,1774280460048000000,1774280520075000000,0
DirectByteBufferAllocator.totalSizeOfBuffersAllocatedInBytes,1774280460048000000,1774280520075000000,398483456
StorageLockContext.competingThreads.max,1774280460048000000,1774280520075000000,0
FilePageCacheLockFree.housekeeperTurnsDone,1774280460048000000,1774280520075000000,0
FilePageCache.capacityInBytes,1774280460048000000,1774280520075000000,503316478
FilePageCache.maxRegisteredFiles,1774280460048000000,1774280520075000000,550
FilePageCacheLockFree.nativeBytesInUse,1774280460048000000,1774280520075000000,0
DirectByteBufferAllocator.totalSizeOfBuffersCachedInBytes,1774280460048000000,1774280520075000000,0
FilePageCacheLockFree.totalHeapBytesReclaimed,1774280460048000000,1774280520075000000,0
FilePageCacheLockFree.totalHeapBytesAllocated,1774280460048000000,1774280520075000000,0
StorageLockContext.competingThreads.avg,1774280460048000000,1774280520075000000,0.0
StreamlinedBlobStorage.recordsAllocated,1774280460048000000,1774280520075000000,0
StreamlinedBlobStorage.totalLiveRecordsCapacityBytes,1774280460048000000,1774280520075000000,0
FilePageCacheLockFree.housekeeperTimeSpentMs,1774280460048000000,1774280520075000000,0
StreamlinedBlobStorage.recordsDeleted,1774280460048000000,1774280520075000000,0
FilePageCacheLockFree.totalNativeBytesReclaimed,1774280460048000000,1774280520075000000,0
FilePageCache.maxCacheSizeInBytes,1774280460048000000,1774280520075000000,398483456
StreamlinedBlobStorage.recordsRelocated,1774280460048000000,1774280520075000000,0
StorageLockContext.competingThreads.90P,1774280460048000000,1774280520075000000,0
DirectByteBufferAllocator.disposed,1774280460048000000,1774280520075000000,0
FilePageCache.disposedBuffers,1774280460048000000,1774280520075000000,0
DirectByteBufferAllocator.reclaimed,1774280460048000000,1774280520075000000,0
FilePageCacheLockFree.totalClosedStoragesReclaimed,1774280460048000000,1774280520075000000,0
MappedFileStorage.totalBytesMapped,1774280460048000000,1774280520075000000,257163264
FilePageCache.totalPageLoadsUs,1774280460048000000,1774280520075000000,1923
FilePageCacheLockFree.totalBytesRequested,1774280460048000000,1774280520075000000,0
MappedFileStorage.totalPagesMapped,1774280460048000000,1774280520075000000,22
DirectByteBufferAllocator.misses,1774280460048000000,1774280520075000000,3
StreamlinedBlobStorage.totalLiveRecordsPayloadBytes,1774280460048000000,1774280520075000000,0
FilePageCacheLockFree.totalPageAllocationsWaited,1774280460048000000,1774280520075000000,0
FilePageCacheLockFree.totalPagesHandedOver,1774280460048000000,1774280520075000000,0
FilePageCacheLockFree.totalPagesAllocated,1774280460048000000,1774280520075000000,0
FilePageCache.pageFastCacheHits,1774280460048000000,1774280520075000000,2118
FilePageCacheLockFree.totalPagesWriteMs,1774280460048000000,1774280520075000000,0
FilePageCacheLockFree.totalPagesRequested,1774280460048000000,1774280520075000000,0
FilePageCache.pageLoads,1774280460048000000,1774280520075000000,3
FilePageCache.pageHits,1774280460048000000,1774280520075000000,142
FilePageCacheLockFree.heapBytesInUse,1774280460048000000,1774280520075000000,0
FilePageCacheLockFree.totalPagesReadMs,1774280460048000000,1774280520075000000,0
DirectByteBufferAllocator.hits,1774280460048000000,1774280520075000000,0
FilePageCacheLockFree.totalPagesWritten,1774280460048000000,1774280520075000000,0
FilePageCacheLockFree.totalNativeBytesAllocated,1774280460048000000,1774280520075000000,0
MappedFileStorage.storages,1774280460048000000,1774280520075000000,16
FilePageCacheLockFree.totalBytesRead,1774280460048000000,1774280520075000000,0
FilePageCache.pageLoadsAboveSizeThreshold,1774280460048000000,1774280520075000000,0
FilePageCache.uncachedFileAccess,1774280460048000000,1774280520075000000,2
FilePageCache.totalPageDisposalsUs,1774280460048000000,1774280520075000000,9
FilePageCacheLockFree.totalPagesRequestsMs,1774280460048000000,1774280520075000000,0
FilePageCacheLockFree.totalBytesWritten,1774280460048000000,1774280520075000000,0
FilePageCacheLockFree.housekeeperTurnsSkipped,1774280460048000000,1774280520075000000,0
IndexesFlusher.totalContentionQuotaSpent,1774280460048000000,1774280520075000000,0
Indexes.entries.lookupDurationMaxMs,1774280460048000000,1774280520075000000,0.0
Indexes.allKeys.lookupDurationAvgMs,1774280460048000000,1774280520075000000,0.0
Indexing.writesQueuedMin,1774280460048000000,1774280520075000000,9223372036854775807
Indexing.cache.totalCacheAccesses,1774280460048000000,1774280520075000000,2481
Indexes.allKeys.lookups,1774280460048000000,1774280520075000000,0
Indexes.entries.lookups,1774280460048000000,1774280520075000000,2
IndexesFlusher.totalFlushingTimeUs,1774280460048000000,1774280520075000000,239431
Indexes.entries.lookupDurationAvgMs,1774280460048000000,1774280520075000000,0.0
Indexing.writer_0.totalTimeSpentWritingMs,1774280460048000000,1774280520075000000,0
Indexes.stubs.lookupDurationAvgMs,1774280460048000000,1774280520075000000,0.0
Indexing.writer_2.totalTimeSpentWritingMs,1774280460048000000,1774280520075000000,0
IndexesFlusher.totalFlushesRetried,1774280460048000000,1774280520075000000,0
Indexes.allKeys.lookupDuration90PMs,1774280460048000000,1774280520075000000,0.0
Indexes.entries.lookupDuration90PMs,1774280460048000000,1774280520075000000,0.0
Indexes.stubs.lookupDurationMaxMs,1774280460048000000,1774280520075000000,0.0
IndexesFlusher.totalFlushes,1774280460048000000,1774280520075000000,117
Indexing.writesQueuedMax,1774280460048000000,1774280520075000000,0
Indexing.writer_1.totalTimeSpentWritingMs,1774280460048000000,1774280520075000000,0
Indexing.writer_3.totalTimeSpentWritingMs,1774280460048000000,1774280520075000000,0
Indexing.cache.totalCacheEvicted,1774280460048000000,1774280520075000000,2385
Indexes.allKeys.lookupDurationMaxMs,1774280460048000000,1774280520075000000,0.0
Indexes.stubs.lookups,1774280460048000000,1774280520075000000,2100
Indexes.stubs.lookupDuration90PMs,1774280460048000000,1774280520075000000,0.0
Indexing.totalTimeIndexersSleptMs,1774280460048000000,1774280520075000000,0
Indexing.cache.totalCacheMisses,1774280460048000000,1774280520075000000,2385
JVM.usedNativeBytes,1774280460048000000,1774280520075000000,480165168
JVM.maxHeapBytes,1774280460048000000,1774280520075000000,2147483648
JVM.totalTimeAtSafepointsMs,1774280460048000000,1774280520075000000,92
JVM.GC.collections,1774280460048000000,1774280520075000000,5
JVM.usedHeapBytes,1774280460048000000,1774280520075000000,692060160
JVM.threadCount,1774280460048000000,1774280520075000000,60
OS.loadAverage,1774280460048000000,1774280520075000000,37.623046875
JVM.totalDirectByteBuffersBytes,1774280460048000000,1774280520075000000,400355692
JVM.maxThreadCount,1774280460048000000,1774280520075000000,127
JVM.newThreadsCount,1774280460048000000,1774280520075000000,7
JVM.totalBytesAllocated,1774280460048000000,1774280520075000000,639787496
JVM.totalCpuTimeMs,1774280460048000000,1774280520075000000,6660
JVM.totalTimeToSafepointsMs,1774280460048000000,1774280520075000000,4
JVM.totalSafepointCount,1774280460048000000,1774280520075000000,22
JVM.GC.collectionTimesMs,1774280460048000000,1774280520075000000,91
AWTEventQueue.dispatchTimeMaxNs,1774280460048000000,1774280520075000000,0
FlushQueue.executionTimeAvgNs,1774280460048000000,1774280520075000000,0.0
AWTEventQueue.dispatchTimeTotalNS,1774280460048000000,1774280520075000000,233691713
FlushQueue.executionTimeMaxNs,1774280460048000000,1774280520075000000,0
NonBlockingReadAction.failedExecutionTimeUs,1774280460048000000,1774280520075000000,0
FlushQueue.waitingTime90PNs,1774280460048000000,1774280520075000000,0
FlushQueue.queueSize90P,1774280460048000000,1774280520075000000,0
FlushQueue.tasksExecuted,1774280460048000000,1774280520075000000,0
NonBlockingReadAction.finalizedExecutionsCount,1774280460048000000,1774280520075000000,23
AWTEventQueue.dispatchTimeAvgNs,1774280460048000000,1774280520075000000,0.0
AWTEventQueue.eventsDispatched,1774280460048000000,1774280520075000000,0
FlushQueue.queueSizeAvg,1774280460048000000,1774280520075000000,0.0
AWTEventQueue.dispatchTime90PNs,1774280460048000000,1774280520075000000,0
WriteAction.executionsCount,1774280460048000000,1774280520075000000,1
NonBlockingReadAction.finalizedExecutionTimeUs,1774280460048000000,1774280520075000000,47976
FlushQueue.waitingTimeAvgNs,1774280460048000000,1774280520075000000,0.0
ReadAction.executionsCount,1774280460048000000,1774280520075000000,1970514
NonBlockingReadAction.failedExecutionsCount,1774280460048000000,1774280520075000000,0
FlushQueue.queueSizeMax,1774280460048000000,1774280520075000000,0
FlushQueue.executionTime90PNs,1774280460048000000,1774280520075000000,0
FlushQueue.waitingTimeMaxNs,1774280460048000000,1774280520075000000,0
cacheStateStorage.get.counter,1774280520075000000,1774280580048000000,0
cacheStateStorage.set.duration,1774280520075000000,1774280580048000000,6
cacheStateStorage.get.duration,1774280520075000000,1774280580048000000,0
cacheStateStorage.set.counter,1774280520075000000,1774280580048000000,4
workspaceModel.workspaceFileIndexData.getPackageName.ms,1774280520075000000,1774280580048000000,0
workspaceModel.cachedValue.clear.count,1774280520075000000,1774280580048000000,0
workspaceModel.initializing.ms,1774280520075000000,1774280580048000000,0
workspaceModel.collect.changes.ms,1774280520075000000,1774280580048000000,0
workspaceModel.workspaceFileIndexData.processFileSets.ms,1774280520075000000,1774280580048000000,0
workspaceModel.workspaceFileIndexData.init.ms,1774280520075000000,1774280580048000000,0
workspaceModel.full.replace.project.model.ms,1774280520075000000,1774280580048000000,0
workspaceModel.loading.from.cache.ms,1774280520075000000,1774280580048000000,0
workspaceModel.init.bridges.ms,1774280520075000000,1774280580048000000,0
workspaceModel.workspaceFileIndexData.updateDirtyEntities.ms,1774280520075000000,1774280580048000000,0
workspaceModel.workspaceFileIndexData.getFileInfo.ms,1774280520075000000,1774280580048000000,1
workspaceModel.cachedValue.calculated.count,1774280520075000000,1774280580048000000,0
workspaceModel.to.snapshot.ms,1774280520075000000,1774280580048000000,0
workspaceModel.on.changed.ms,1774280520075000000,1774280580048000000,0
workspaceModel.cachedValueWithParameters.from.cache.count,1774280520075000000,1774280580048000000,0
workspaceModel.workspaceFileIndexData.instances.count,1774280520075000000,1774280580048000000,0
workspaceModel.workspaceFileIndexContributor.registerFileSets.ms,1774280520075000000,1774280580048000000,0
workspaceModel.pre.handlers.ms,1774280520075000000,1774280580048000000,0
workspaceModel.workspaceFileIndexData.visitFileSets.ms,1774280520075000000,1774280580048000000,0
workspaceModel.cachedValue.from.cache.count,1774280520075000000,1774280580048000000,8
workspaceModel.workspaceFileIndexData.markDirty.ms,1774280520075000000,1774280580048000000,0
workspaceModel.cachedValue.total.get.count,1774280520075000000,1774280580048000000,8
workspaceModel.replace.project.model.ms,1774280520075000000,1774280580048000000,0
workspaceModel.updates.ms,1774280520075000000,1774280580048000000,0
workspaceModel.cachedValueWithParameters.calculated.count,1774280520075000000,1774280580048000000,0
workspaceModel.on.before.changed.ms,1774280520075000000,1774280580048000000,0
workspaceModel.update.unloaded.entities.ms,1774280520075000000,1774280580048000000,0
workspaceModel.workspaceFileIndexData.getDirectoriesByPackageName.ms,1774280520075000000,1774280580048000000,0
workspaceModel.loading.total.ms,1774280520075000000,1774280580048000000,0
workspaceModel.updates.precise.ms,1774280520075000000,1774280580048000000,0
workspaceModel.updates.count,1774280520075000000,1774280580048000000,0
workspaceModel.cachedValueWithParameters.total.get.count,1774280520075000000,1774280580048000000,0
workspaceModel.check.recursive.update.ms,1774280520075000000,1774280580048000000,0
workspaceModel.workspaceFileIndexData.onEntitiesChanged.ms,1774280520075000000,1774280580048000000,0
workspaceModel.cachedValueWithParameters.clear.count,1774280520075000000,1774280580048000000,0
workspaceModel.entityStorageSnapshotImpl.instances.count,1774280520075000000,1774280580048000000,0
compiler.ArtifactVirtualFileListener.filePathChanged.ms,1774280520075000000,1774280580048000000,0
compiler.ArtifactManagerBridge.initBridges.ms,1774280520075000000,1774280580048000000,0
compiler.ArtifactManagerBridge.getArtifactsByType.ms,1774280520075000000,1774280580048000000,0
compiler.ArtifactManagerBridge.addArtifact.ms,1774280520075000000,1774280580048000000,0
compiler.ArtifactManagerBridge.findArtifact.ms,1774280520075000000,1774280580048000000,0
compiler.ArtifactVirtualFileListener.propertyChanged.ms,1774280520075000000,1774280580048000000,0
compiler.ArtifactManagerBridge.getArtifacts.ms,1774280520075000000,1774280580048000000,0
compiler.ArtifactManagerBridge.dropMappings.ms,1774280520075000000,1774280580048000000,0
compiler.ArtifactManagerBridge.commit.ms,1774280520075000000,1774280580048000000,0
writeAction.count,1774280520075000000,1774280580048000000,2
DiskQueryRelay.tasksExecuted,1774280520075000000,1774280580048000000,69
writeAction.max.wait.ms,1774280520075000000,1774280580048000000,681
DiskQueryRelay.taskExecutionTotalTimeUs,1774280520075000000,1774280580048000000,6418
writeAction.median.wait.ms,1774280520075000000,1774280580048000000,200
writeAction.wait.ms,1774280520075000000,1774280580048000000,0
DiskQueryRelay.tasksRequested,1774280520075000000,1774280580048000000,69
DiskQueryRelay.taskWaitingTotalTimeUs,1774280520075000000,1774280580048000000,7312
VFS.contentStorage.recordsReadDecompressed,1774280520075000000,1774280580048000000,0
VFS.invertedFileNameIndex.requests,1774280520075000000,1774280580048000000,0
VFS.contentStorage.recordsDeduplicated,1774280520075000000,1774280580048000000,0
VFS.contentStorage.recordsRead,1774280520075000000,1774280580048000000,5
FileNameCache.totalMisses,1774280520075000000,1774280580048000000,0
VFS.contentStorage.recordsStoredCompressed,1774280520075000000,1774280580048000000,0
VFS.contentStorage.recordsReadSize,1774280520075000000,1774280580048000000,3455
VFS.fileByIdCache.misses,1774280520075000000,1774280580048000000,0
VFS.contentStorage.recordsDecompressionTimeUs,1774280520075000000,1774280580048000000,0
VFS.fileChildByName,1774280520075000000,1774280580048000000,605
VFS.contentStorage.recordsUncompressedSize,1774280520075000000,1774280580048000000,0
VFS.contentStorage.recordsStored,1774280520075000000,1774280580048000000,0
VFS.contentStorage.recordsStoredSize,1774280520075000000,1774280580048000000,0
VFS.fileByIdCache.hits,1774280520075000000,1774280580048000000,0
FileNameCache.queries,1774280520075000000,1774280580048000000,2496
workspaceModel.moduleBridge.update.option.ms,1774280520075000000,1774280580048000000,0
workspaceModel.delayed.project.synchronizer.sync.ms,1774280520075000000,1774280580048000000,0
jps.apply.loaded.storage.ms,1774280520075000000,1774280580048000000,0
jps.load.project.to.empty.storage.ms,1774280520075000000,1774280580048000000,0
workspaceModel.moduleManagerBridge.load.all.modules.ms,1774280520075000000,1774280580048000000,0
workspaceModel.mutableEntityStorage.apply.changes.from.ms,1774280520075000000,1774280580048000000,0
workspaceModel.orphan.listener.update.ms,1774280520075000000,1774280580048000000,0
jps.global.handle.changed.events.ms,1774280520075000000,1774280580048000000,0
jps.save.changed.project.entities.ms,1774280520075000000,1774280580048000000,0
workspaceModel.global.apply.state.to.project.ms,1774280520075000000,1774280580048000000,0
workspaceModel.moduleManagerBridge.set.unloadedModules.ms,1774280520075000000,1774280580048000000,0
workspaceModel.global.updates.ms,1774280520075000000,1774280580048000000,0
workspaceModel.mutableEntityStorage.instances.count,1774280520075000000,1774280580048000000,1
jps.storage.jps.conf.reader.load.component.ms,1774280520075000000,1774280580048000000,0
jps.artifact.entities.serializer.save.entities.ms,1774280520075000000,1774280580048000000,0
workspaceModel.mutableEntityStorage.remove.entity.ms,1774280520075000000,1774280580048000000,0
jps.module.iml.entities.serializer.save.entities.ms,1774280520075000000,1774280580048000000,0
workspaceModel.mutableEntityStorage.entities.by.source.ms,1774280520075000000,1774280580048000000,0
jps.save.global.entities.ms,1774280520075000000,1774280580048000000,9
workspaceModel.moduleManagerBridge.build.module.graph.ms,1774280520075000000,1774280580048000000,0
workspaceModel.moduleBridge.facet.initialization.ms,1774280520075000000,1774280580048000000,0
workspaceModel.sync.entities.ms,1774280520075000000,1774280580048000000,0
workspaceModel.mutableEntityStorage.modify.entity.ms,1774280520075000000,1774280580048000000,0
jps.global.get.libraries.ms,1774280520075000000,1774280580048000000,0
workspaceModel.mutableEntityStorage.changeLog.addReplaceEventForRemovedChild.ms,1774280520075000000,1774280580048000000,0
jps.global.get.library.ms,1774280520075000000,1774280580048000000,0
jps.facet.change.listener.process.change.events.ms,1774280520075000000,1774280580048000000,0
workspaceModel.mutableEntityStorage.mutable.ext.mapping.ms,1774280520075000000,1774280580048000000,0
workspaceModel.mutableEntityStorage.add.entity.ms,1774280520075000000,1774280580048000000,0
jps.module.dependency.index.workspace.model.listener.on.changed.ms,1774280520075000000,1774280580048000000,0
jps.facet.change.listener.before.change.events.ms,1774280520075000000,1774280580048000000,0
workspaceModel.moduleManagerBridge.newModule.ms,1774280520075000000,1774280580048000000,0
jps.global.handle.before.change.events.ms,1774280520075000000,1774280580048000000,0
workspaceModel.mutableEntityStorage.collect.changes.ms,1774280520075000000,1774280580048000000,0
workspaceModel.moduleManagerBridge.create.module.instance.ms,1774280520075000000,1774280580048000000,0
workspaceModel.moduleBridge.before.changed.ms,1774280520075000000,1774280580048000000,0
workspaceModel.global.apply.state.to.project.builder.ms,1774280520075000000,1774280580048000000,0
workspaceModel.mutableEntityStorage.has.same.entities.ms,1774280520075000000,1774280580048000000,0
jps.library.entities.serializer.load.entities.ms,1774280520075000000,1774280580048000000,0
workspaceModel.mutableEntityStorage.replace.by.source.ms,1774280520075000000,1774280580048000000,0
jps.artifact.entities.serializer.load.entities.ms,1774280520075000000,1774280580048000000,0
workspaceModel.mutableEntityStorage.put.entity.ms,1774280520075000000,1774280580048000000,0
jps.module.iml.entities.serializer.load.entities.ms,1774280520075000000,1774280580048000000,0
workspaceModel.mutableEntityStorage.changeLog.addReplaceEventForNewParent.ms,1774280520075000000,1774280580048000000,0
workspaceModel.do.save.caches.ms,1774280520075000000,1774280580048000000,0
workspaceModel.mutableEntityStorage.resolve.ms,1774280520075000000,1774280580048000000,0
jps.app.storage.content.writer.save.component.ms,1774280520075000000,1774280580048000000,4
jps.reload.project.entities.ms,1774280520075000000,1774280580048000000,0
jps.facet.change.listener.init.bridge.ms,1774280520075000000,1774280580048000000,0
workspaceModel.mutableEntityStorage.changeLog.addReplaceEventForNewChild.ms,1774280520075000000,1774280580048000000,0
workspaceModel.load.cache.from.file.ms,1774280520075000000,1774280580048000000,0
jps.app.storage.content.reader.load.component.ms,1774280520075000000,1774280580048000000,0
workspaceModel.moduleBridgeLoader.loading.modules.ms,1774280520075000000,1774280580048000000,0
workspaceModel.mutableEntityStorage.to.snapshot.ms,1774280520075000000,1774280580048000000,0
jps.global.initialize.library.bridges.ms,1774280520075000000,1774280580048000000,0
workspaceModel.load.cache.metadata.from.file.ms,1774280520075000000,1774280580048000000,0
jps.project.serializers.load.ms,1774280520075000000,1774280580048000000,0
workspaceModel.moduleManagerBridge.get.modules.ms,1774280520075000000,1774280580048000000,0
workspaceModel.mutableEntityStorage.referrers.ms,1774280520075000000,1774280580048000000,0
workspaceModel.mutableEntityStorage.entities.ms,1774280520075000000,1774280580048000000,0
jps.load.initial.state.ms,1774280520075000000,1774280580048000000,0
workspaceModel.save.cache.to.file.ms,1774280520075000000,1774280580048000000,0
jps.library.entities.serializer.save.entities.ms,1774280520075000000,1774280580048000000,0
jps.global.initialize.library.bridges.after.loading.ms,1774280520075000000,1774280580048000000,0
workspaceModel.mutableEntityStorage.changeLog.addReplaceEventForRemovedParent.ms,1774280520075000000,1774280580048000000,0
workspaceModel.moduleManagerBridge.new.nonPersistent.module.ms,1774280520075000000,1774280580048000000,0
workspaceModel.global.updates.count,1774280520075000000,1774280580048000000,0
jps.project.serializers.save.ms,1774280520075000000,1774280580048000000,0
jps.global.get.library.by.name.ms,1774280520075000000,1774280580048000000,0
workspaceModel.moduleManagerBridge.load.module.ms,1774280520075000000,1774280580048000000,0
workspaceModel.mutableEntityStorage.mutable.vfurl.index.ms,1774280520075000000,1774280580048000000,0
FilePageCacheLockFree.totalPagesReclaimed,1774280520075000000,1774280580048000000,0
MappedFileStorage.totalTimeSpentOnMappingUs,1774280520075000000,1774280580048000000,13679
FileChannelInterruptsRetryer.totalRetriedAttempts,1774280520075000000,1774280580048000000,0
DirectByteBufferAllocator.totalSizeOfBuffersAllocatedInBytes,1774280520075000000,1774280580048000000,398483456
StorageLockContext.competingThreads.max,1774280520075000000,1774280580048000000,0
FilePageCacheLockFree.housekeeperTurnsDone,1774280520075000000,1774280580048000000,0
FilePageCache.capacityInBytes,1774280520075000000,1774280580048000000,503316478
FilePageCache.maxRegisteredFiles,1774280520075000000,1774280580048000000,550
FilePageCacheLockFree.nativeBytesInUse,1774280520075000000,1774280580048000000,0
DirectByteBufferAllocator.totalSizeOfBuffersCachedInBytes,1774280520075000000,1774280580048000000,0
FilePageCacheLockFree.totalHeapBytesReclaimed,1774280520075000000,1774280580048000000,0
FilePageCacheLockFree.totalHeapBytesAllocated,1774280520075000000,1774280580048000000,0
StorageLockContext.competingThreads.avg,1774280520075000000,1774280580048000000,0.0
StreamlinedBlobStorage.recordsAllocated,1774280520075000000,1774280580048000000,0
StreamlinedBlobStorage.totalLiveRecordsCapacityBytes,1774280520075000000,1774280580048000000,0
FilePageCacheLockFree.housekeeperTimeSpentMs,1774280520075000000,1774280580048000000,0
StreamlinedBlobStorage.recordsDeleted,1774280520075000000,1774280580048000000,0
FilePageCacheLockFree.totalNativeBytesReclaimed,1774280520075000000,1774280580048000000,0
FilePageCache.maxCacheSizeInBytes,1774280520075000000,1774280580048000000,398483456
StreamlinedBlobStorage.recordsRelocated,1774280520075000000,1774280580048000000,0
StorageLockContext.competingThreads.90P,1774280520075000000,1774280580048000000,0
DirectByteBufferAllocator.disposed,1774280520075000000,1774280580048000000,0
FilePageCache.disposedBuffers,1774280520075000000,1774280580048000000,0
DirectByteBufferAllocator.reclaimed,1774280520075000000,1774280580048000000,0
FilePageCacheLockFree.totalClosedStoragesReclaimed,1774280520075000000,1774280580048000000,0
MappedFileStorage.totalBytesMapped,1774280520075000000,1774280580048000000,257163264
FilePageCache.totalPageLoadsUs,1774280520075000000,1774280580048000000,0
FilePageCacheLockFree.totalBytesRequested,1774280520075000000,1774280580048000000,0
MappedFileStorage.totalPagesMapped,1774280520075000000,1774280580048000000,22
DirectByteBufferAllocator.misses,1774280520075000000,1774280580048000000,0
StreamlinedBlobStorage.totalLiveRecordsPayloadBytes,1774280520075000000,1774280580048000000,0
FilePageCacheLockFree.totalPageAllocationsWaited,1774280520075000000,1774280580048000000,0
FilePageCacheLockFree.totalPagesHandedOver,1774280520075000000,1774280580048000000,0
FilePageCacheLockFree.totalPagesAllocated,1774280520075000000,1774280580048000000,0
FilePageCache.pageFastCacheHits,1774280520075000000,1774280580048000000,35
FilePageCacheLockFree.totalPagesWriteMs,1774280520075000000,1774280580048000000,0
FilePageCacheLockFree.totalPagesRequested,1774280520075000000,1774280580048000000,0
FilePageCache.pageLoads,1774280520075000000,1774280580048000000,0
FilePageCache.pageHits,1774280520075000000,1774280580048000000,0
FilePageCacheLockFree.heapBytesInUse,1774280520075000000,1774280580048000000,0
FilePageCacheLockFree.totalPagesReadMs,1774280520075000000,1774280580048000000,0
DirectByteBufferAllocator.hits,1774280520075000000,1774280580048000000,0
FilePageCacheLockFree.totalPagesWritten,1774280520075000000,1774280580048000000,0
FilePageCacheLockFree.totalNativeBytesAllocated,1774280520075000000,1774280580048000000,0
MappedFileStorage.storages,1774280520075000000,1774280580048000000,16
FilePageCacheLockFree.totalBytesRead,1774280520075000000,1774280580048000000,0
FilePageCache.pageLoadsAboveSizeThreshold,1774280520075000000,1774280580048000000,0
FilePageCache.uncachedFileAccess,1774280520075000000,1774280580048000000,3
FilePageCache.totalPageDisposalsUs,1774280520075000000,1774280580048000000,0
FilePageCacheLockFree.totalPagesRequestsMs,1774280520075000000,1774280580048000000,0
FilePageCacheLockFree.totalBytesWritten,1774280520075000000,1774280580048000000,0
FilePageCacheLockFree.housekeeperTurnsSkipped,1774280520075000000,1774280580048000000,0
IndexesFlusher.totalContentionQuotaSpent,1774280520075000000,1774280580048000000,0
Indexes.entries.lookupDurationMaxMs,1774280520075000000,1774280580048000000,0.0
Indexes.allKeys.lookupDurationAvgMs,1774280520075000000,1774280580048000000,0.0
Indexing.writesQueuedMin,1774280520075000000,1774280580048000000,9223372036854775807
Indexing.cache.totalCacheAccesses,1774280520075000000,1774280580048000000,1
Indexes.allKeys.lookups,1774280520075000000,1774280580048000000,0
Indexes.entries.lookups,1774280520075000000,1774280580048000000,0
IndexesFlusher.totalFlushingTimeUs,1774280520075000000,1774280580048000000,198532
Indexes.entries.lookupDurationAvgMs,1774280520075000000,1774280580048000000,0.0
Indexing.writer_0.totalTimeSpentWritingMs,1774280520075000000,1774280580048000000,0
Indexes.stubs.lookupDurationAvgMs,1774280520075000000,1774280580048000000,0.0
Indexing.writer_2.totalTimeSpentWritingMs,1774280520075000000,1774280580048000000,0
IndexesFlusher.totalFlushesRetried,1774280520075000000,1774280580048000000,0
Indexes.allKeys.lookupDuration90PMs,1774280520075000000,1774280580048000000,0.0
Indexes.entries.lookupDuration90PMs,1774280520075000000,1774280580048000000,0.0
Indexes.stubs.lookupDurationMaxMs,1774280520075000000,1774280580048000000,0.0
IndexesFlusher.totalFlushes,1774280520075000000,1774280580048000000,118
Indexing.writesQueuedMax,1774280520075000000,1774280580048000000,0
Indexing.writer_1.totalTimeSpentWritingMs,1774280520075000000,1774280580048000000,0
Indexing.writer_3.totalTimeSpentWritingMs,1774280520075000000,1774280580048000000,0
Indexing.cache.totalCacheEvicted,1774280520075000000,1774280580048000000,1
Indexes.allKeys.lookupDurationMaxMs,1774280520075000000,1774280580048000000,0.0
Indexes.stubs.lookups,1774280520075000000,1774280580048000000,0
Indexes.stubs.lookupDuration90PMs,1774280520075000000,1774280580048000000,0.0
Indexing.totalTimeIndexersSleptMs,1774280520075000000,1774280580048000000,0
Indexing.cache.totalCacheMisses,1774280520075000000,1774280580048000000,1
JVM.usedNativeBytes,1774280520075000000,1774280580048000000,535580560
JVM.maxHeapBytes,1774280520075000000,1774280580048000000,2147483648
JVM.totalTimeAtSafepointsMs,1774280520075000000,1774280580048000000,101
JVM.GC.collections,1774280520075000000,1774280580048000000,5
JVM.usedHeapBytes,1774280520075000000,1774280580048000000,625849312
JVM.threadCount,1774280520075000000,1774280580048000000,56
OS.loadAverage,1774280520075000000,1774280580048000000,39.33935546875
JVM.totalDirectByteBuffersBytes,1774280520075000000,1774280580048000000,401123381
JVM.maxThreadCount,1774280520075000000,1774280580048000000,127
JVM.newThreadsCount,1774280520075000000,1774280580048000000,60
JVM.totalBytesAllocated,1774280520075000000,1774280580048000000,609866664
JVM.totalCpuTimeMs,1774280520075000000,1774280580048000000,19912
JVM.totalTimeToSafepointsMs,1774280520075000000,1774280580048000000,11
JVM.totalSafepointCount,1774280520075000000,1774280580048000000,62
JVM.GC.collectionTimesMs,1774280520075000000,1774280580048000000,91
AWTEventQueue.dispatchTimeMaxNs,1774280520075000000,1774280580048000000,0
FlushQueue.executionTimeAvgNs,1774280520075000000,1774280580048000000,0.0
AWTEventQueue.dispatchTimeTotalNS,1774280520075000000,1774280580048000000,4673201584
FlushQueue.executionTimeMaxNs,1774280520075000000,1774280580048000000,0
NonBlockingReadAction.failedExecutionTimeUs,1774280520075000000,1774280580048000000,0
FlushQueue.waitingTime90PNs,1774280520075000000,1774280580048000000,0
FlushQueue.queueSize90P,1774280520075000000,1774280580048000000,0
FlushQueue.tasksExecuted,1774280520075000000,1774280580048000000,0
NonBlockingReadAction.finalizedExecutionsCount,1774280520075000000,1774280580048000000,21
AWTEventQueue.dispatchTimeAvgNs,1774280520075000000,1774280580048000000,0.0
AWTEventQueue.eventsDispatched,1774280520075000000,1774280580048000000,0
FlushQueue.queueSizeAvg,1774280520075000000,1774280580048000000,0.0
AWTEventQueue.dispatchTime90PNs,1774280520075000000,1774280580048000000,0
WriteAction.executionsCount,1774280520075000000,1774280580048000000,2
NonBlockingReadAction.finalizedExecutionTimeUs,1774280520075000000,1774280580048000000,5664
FlushQueue.waitingTimeAvgNs,1774280520075000000,1774280580048000000,0.0
ReadAction.executionsCount,1774280520075000000,1774280580048000000,3739
NonBlockingReadAction.failedExecutionsCount,1774280520075000000,1774280580048000000,0
FlushQueue.queueSizeMax,1774280520075000000,1774280580048000000,0
FlushQueue.executionTime90PNs,1774280520075000000,1774280580048000000,0
FlushQueue.waitingTimeMaxNs,1774280520075000000,1774280580048000000,0
cacheStateStorage.get.counter,1774280580048000000,1774280640074000000,0
cacheStateStorage.set.duration,1774280580048000000,1774280640074000000,0
cacheStateStorage.get.duration,1774280580048000000,1774280640074000000,0
cacheStateStorage.set.counter,1774280580048000000,1774280640074000000,0
workspaceModel.workspaceFileIndexData.getPackageName.ms,1774280580048000000,1774280640074000000,0
workspaceModel.cachedValue.clear.count,1774280580048000000,1774280640074000000,0
workspaceModel.initializing.ms,1774280580048000000,1774280640074000000,0
workspaceModel.collect.changes.ms,1774280580048000000,1774280640074000000,0
workspaceModel.workspaceFileIndexData.processFileSets.ms,1774280580048000000,1774280640074000000,0
workspaceModel.workspaceFileIndexData.init.ms,1774280580048000000,1774280640074000000,0
workspaceModel.full.replace.project.model.ms,1774280580048000000,1774280640074000000,0
workspaceModel.loading.from.cache.ms,1774280580048000000,1774280640074000000,0
workspaceModel.init.bridges.ms,1774280580048000000,1774280640074000000,0
workspaceModel.workspaceFileIndexData.updateDirtyEntities.ms,1774280580048000000,1774280640074000000,0
workspaceModel.workspaceFileIndexData.getFileInfo.ms,1774280580048000000,1774280640074000000,0
workspaceModel.cachedValue.calculated.count,1774280580048000000,1774280640074000000,0
workspaceModel.to.snapshot.ms,1774280580048000000,1774280640074000000,0
workspaceModel.on.changed.ms,1774280580048000000,1774280640074000000,0
workspaceModel.cachedValueWithParameters.from.cache.count,1774280580048000000,1774280640074000000,0
workspaceModel.workspaceFileIndexData.instances.count,1774280580048000000,1774280640074000000,0
workspaceModel.workspaceFileIndexContributor.registerFileSets.ms,1774280580048000000,1774280640074000000,0
workspaceModel.pre.handlers.ms,1774280580048000000,1774280640074000000,0
workspaceModel.workspaceFileIndexData.visitFileSets.ms,1774280580048000000,1774280640074000000,0
workspaceModel.cachedValue.from.cache.count,1774280580048000000,1774280640074000000,0
workspaceModel.workspaceFileIndexData.markDirty.ms,1774280580048000000,1774280640074000000,0
workspaceModel.cachedValue.total.get.count,1774280580048000000,1774280640074000000,0
workspaceModel.replace.project.model.ms,1774280580048000000,1774280640074000000,0
workspaceModel.updates.ms,1774280580048000000,1774280640074000000,0
workspaceModel.cachedValueWithParameters.calculated.count,1774280580048000000,1774280640074000000,0
workspaceModel.on.before.changed.ms,1774280580048000000,1774280640074000000,0
workspaceModel.update.unloaded.entities.ms,1774280580048000000,1774280640074000000,0
workspaceModel.workspaceFileIndexData.getDirectoriesByPackageName.ms,1774280580048000000,1774280640074000000,0
workspaceModel.loading.total.ms,1774280580048000000,1774280640074000000,0
workspaceModel.updates.precise.ms,1774280580048000000,1774280640074000000,0
workspaceModel.updates.count,1774280580048000000,1774280640074000000,0
workspaceModel.cachedValueWithParameters.total.get.count,1774280580048000000,1774280640074000000,0
workspaceModel.check.recursive.update.ms,1774280580048000000,1774280640074000000,0
workspaceModel.workspaceFileIndexData.onEntitiesChanged.ms,1774280580048000000,1774280640074000000,0
workspaceModel.cachedValueWithParameters.clear.count,1774280580048000000,1774280640074000000,0
workspaceModel.entityStorageSnapshotImpl.instances.count,1774280580048000000,1774280640074000000,0
compiler.ArtifactVirtualFileListener.filePathChanged.ms,1774280580048000000,1774280640074000000,0
compiler.ArtifactManagerBridge.initBridges.ms,1774280580048000000,1774280640074000000,0
compiler.ArtifactManagerBridge.getArtifactsByType.ms,1774280580048000000,1774280640074000000,0
compiler.ArtifactManagerBridge.addArtifact.ms,1774280580048000000,1774280640074000000,0
compiler.ArtifactManagerBridge.findArtifact.ms,1774280580048000000,1774280640074000000,0
compiler.ArtifactVirtualFileListener.propertyChanged.ms,1774280580048000000,1774280640074000000,0
compiler.ArtifactManagerBridge.getArtifacts.ms,1774280580048000000,1774280640074000000,0
compiler.ArtifactManagerBridge.dropMappings.ms,1774280580048000000,1774280640074000000,0
compiler.ArtifactManagerBridge.commit.ms,1774280580048000000,1774280640074000000,0
writeAction.count,1774280580048000000,1774280640074000000,0
DiskQueryRelay.tasksExecuted,1774280580048000000,1774280640074000000,0
writeAction.max.wait.ms,1774280580048000000,1774280640074000000,681
DiskQueryRelay.taskExecutionTotalTimeUs,1774280580048000000,1774280640074000000,0
writeAction.median.wait.ms,1774280580048000000,1774280640074000000,200
writeAction.wait.ms,1774280580048000000,1774280640074000000,0
DiskQueryRelay.tasksRequested,1774280580048000000,1774280640074000000,0
DiskQueryRelay.taskWaitingTotalTimeUs,1774280580048000000,1774280640074000000,0
VFS.contentStorage.recordsReadDecompressed,1774280580048000000,1774280640074000000,0
VFS.invertedFileNameIndex.requests,1774280580048000000,1774280640074000000,0
VFS.contentStorage.recordsDeduplicated,1774280580048000000,1774280640074000000,0
VFS.contentStorage.recordsRead,1774280580048000000,1774280640074000000,0
FileNameCache.totalMisses,1774280580048000000,1774280640074000000,0
VFS.contentStorage.recordsStoredCompressed,1774280580048000000,1774280640074000000,0
VFS.contentStorage.recordsReadSize,1774280580048000000,1774280640074000000,0
VFS.fileByIdCache.misses,1774280580048000000,1774280640074000000,0
VFS.contentStorage.recordsDecompressionTimeUs,1774280580048000000,1774280640074000000,0
VFS.fileChildByName,1774280580048000000,1774280640074000000,10
VFS.contentStorage.recordsUncompressedSize,1774280580048000000,1774280640074000000,0
VFS.contentStorage.recordsStored,1774280580048000000,1774280640074000000,0
VFS.contentStorage.recordsStoredSize,1774280580048000000,1774280640074000000,0
VFS.fileByIdCache.hits,1774280580048000000,1774280640074000000,0
FileNameCache.queries,1774280580048000000,1774280640074000000,0
workspaceModel.moduleBridge.update.option.ms,1774280580048000000,1774280640074000000,0
workspaceModel.delayed.project.synchronizer.sync.ms,1774280580048000000,1774280640074000000,0
jps.apply.loaded.storage.ms,1774280580048000000,1774280640074000000,0
jps.load.project.to.empty.storage.ms,1774280580048000000,1774280640074000000,0
workspaceModel.moduleManagerBridge.load.all.modules.ms,1774280580048000000,1774280640074000000,0
workspaceModel.mutableEntityStorage.apply.changes.from.ms,1774280580048000000,1774280640074000000,0
workspaceModel.orphan.listener.update.ms,1774280580048000000,1774280640074000000,0
jps.global.handle.changed.events.ms,1774280580048000000,1774280640074000000,0
jps.save.changed.project.entities.ms,1774280580048000000,1774280640074000000,0
workspaceModel.global.apply.state.to.project.ms,1774280580048000000,1774280640074000000,0
workspaceModel.moduleManagerBridge.set.unloadedModules.ms,1774280580048000000,1774280640074000000,0
workspaceModel.global.updates.ms,1774280580048000000,1774280640074000000,0
workspaceModel.mutableEntityStorage.instances.count,1774280580048000000,1774280640074000000,0
jps.storage.jps.conf.reader.load.component.ms,1774280580048000000,1774280640074000000,0
jps.artifact.entities.serializer.save.entities.ms,1774280580048000000,1774280640074000000,0
workspaceModel.mutableEntityStorage.remove.entity.ms,1774280580048000000,1774280640074000000,0
jps.module.iml.entities.serializer.save.entities.ms,1774280580048000000,1774280640074000000,0
workspaceModel.mutableEntityStorage.entities.by.source.ms,1774280580048000000,1774280640074000000,0
jps.save.global.entities.ms,1774280580048000000,1774280640074000000,0
workspaceModel.moduleManagerBridge.build.module.graph.ms,1774280580048000000,1774280640074000000,0
workspaceModel.moduleBridge.facet.initialization.ms,1774280580048000000,1774280640074000000,0
workspaceModel.sync.entities.ms,1774280580048000000,1774280640074000000,0
workspaceModel.mutableEntityStorage.modify.entity.ms,1774280580048000000,1774280640074000000,0
jps.global.get.libraries.ms,1774280580048000000,1774280640074000000,0
workspaceModel.mutableEntityStorage.changeLog.addReplaceEventForRemovedChild.ms,1774280580048000000,1774280640074000000,0
jps.global.get.library.ms,1774280580048000000,1774280640074000000,0
jps.facet.change.listener.process.change.events.ms,1774280580048000000,1774280640074000000,0
workspaceModel.mutableEntityStorage.mutable.ext.mapping.ms,1774280580048000000,1774280640074000000,0
workspaceModel.mutableEntityStorage.add.entity.ms,1774280580048000000,1774280640074000000,0
jps.module.dependency.index.workspace.model.listener.on.changed.ms,1774280580048000000,1774280640074000000,0
jps.facet.change.listener.before.change.events.ms,1774280580048000000,1774280640074000000,0
workspaceModel.moduleManagerBridge.newModule.ms,1774280580048000000,1774280640074000000,0
jps.global.handle.before.change.events.ms,1774280580048000000,1774280640074000000,0
workspaceModel.mutableEntityStorage.collect.changes.ms,1774280580048000000,1774280640074000000,0
workspaceModel.moduleManagerBridge.create.module.instance.ms,1774280580048000000,1774280640074000000,0
workspaceModel.moduleBridge.before.changed.ms,1774280580048000000,1774280640074000000,0
workspaceModel.global.apply.state.to.project.builder.ms,1774280580048000000,1774280640074000000,0
workspaceModel.mutableEntityStorage.has.same.entities.ms,1774280580048000000,1774280640074000000,0
jps.library.entities.serializer.load.entities.ms,1774280580048000000,1774280640074000000,0
workspaceModel.mutableEntityStorage.replace.by.source.ms,1774280580048000000,1774280640074000000,0
jps.artifact.entities.serializer.load.entities.ms,1774280580048000000,1774280640074000000,0
workspaceModel.mutableEntityStorage.put.entity.ms,1774280580048000000,1774280640074000000,0
jps.module.iml.entities.serializer.load.entities.ms,1774280580048000000,1774280640074000000,0
workspaceModel.mutableEntityStorage.changeLog.addReplaceEventForNewParent.ms,1774280580048000000,1774280640074000000,0
workspaceModel.do.save.caches.ms,1774280580048000000,1774280640074000000,0
workspaceModel.mutableEntityStorage.resolve.ms,1774280580048000000,1774280640074000000,0
jps.app.storage.content.writer.save.component.ms,1774280580048000000,1774280640074000000,0
jps.reload.project.entities.ms,1774280580048000000,1774280640074000000,0
jps.facet.change.listener.init.bridge.ms,1774280580048000000,1774280640074000000,0
workspaceModel.mutableEntityStorage.changeLog.addReplaceEventForNewChild.ms,1774280580048000000,1774280640074000000,0
workspaceModel.load.cache.from.file.ms,1774280580048000000,1774280640074000000,0
jps.app.storage.content.reader.load.component.ms,1774280580048000000,1774280640074000000,0
workspaceModel.moduleBridgeLoader.loading.modules.ms,1774280580048000000,1774280640074000000,0
workspaceModel.mutableEntityStorage.to.snapshot.ms,1774280580048000000,1774280640074000000,0
jps.global.initialize.library.bridges.ms,1774280580048000000,1774280640074000000,0
workspaceModel.load.cache.metadata.from.file.ms,1774280580048000000,1774280640074000000,0
jps.project.serializers.load.ms,1774280580048000000,1774280640074000000,0
workspaceModel.moduleManagerBridge.get.modules.ms,1774280580048000000,1774280640074000000,0
workspaceModel.mutableEntityStorage.referrers.ms,1774280580048000000,1774280640074000000,0
workspaceModel.mutableEntityStorage.entities.ms,1774280580048000000,1774280640074000000,0
jps.load.initial.state.ms,1774280580048000000,1774280640074000000,0
workspaceModel.save.cache.to.file.ms,1774280580048000000,1774280640074000000,0
jps.library.entities.serializer.save.entities.ms,1774280580048000000,1774280640074000000,0
jps.global.initialize.library.bridges.after.loading.ms,1774280580048000000,1774280640074000000,0
workspaceModel.mutableEntityStorage.changeLog.addReplaceEventForRemovedParent.ms,1774280580048000000,1774280640074000000,0
workspaceModel.moduleManagerBridge.new.nonPersistent.module.ms,1774280580048000000,1774280640074000000,0
workspaceModel.global.updates.count,1774280580048000000,1774280640074000000,0
jps.project.serializers.save.ms,1774280580048000000,1774280640074000000,0
jps.global.get.library.by.name.ms,1774280580048000000,1774280640074000000,0
workspaceModel.moduleManagerBridge.load.module.ms,1774280580048000000,1774280640074000000,0
workspaceModel.mutableEntityStorage.mutable.vfurl.index.ms,1774280580048000000,1774280640074000000,0
FilePageCacheLockFree.totalPagesReclaimed,1774280580048000000,1774280640074000000,0
MappedFileStorage.totalTimeSpentOnMappingUs,1774280580048000000,1774280640074000000,13679
FileChannelInterruptsRetryer.totalRetriedAttempts,1774280580048000000,1774280640074000000,0
DirectByteBufferAllocator.totalSizeOfBuffersAllocatedInBytes,1774280580048000000,1774280640074000000,398483456
StorageLockContext.competingThreads.max,1774280580048000000,1774280640074000000,0
FilePageCacheLockFree.housekeeperTurnsDone,1774280580048000000,1774280640074000000,0
FilePageCache.capacityInBytes,1774280580048000000,1774280640074000000,503316478
FilePageCache.maxRegisteredFiles,1774280580048000000,1774280640074000000,550
FilePageCacheLockFree.nativeBytesInUse,1774280580048000000,1774280640074000000,0
DirectByteBufferAllocator.totalSizeOfBuffersCachedInBytes,1774280580048000000,1774280640074000000,0
FilePageCacheLockFree.totalHeapBytesReclaimed,1774280580048000000,1774280640074000000,0
FilePageCacheLockFree.totalHeapBytesAllocated,1774280580048000000,1774280640074000000,0
StorageLockContext.competingThreads.avg,1774280580048000000,1774280640074000000,0.0
StreamlinedBlobStorage.recordsAllocated,1774280580048000000,1774280640074000000,0
StreamlinedBlobStorage.totalLiveRecordsCapacityBytes,1774280580048000000,1774280640074000000,0
FilePageCacheLockFree.housekeeperTimeSpentMs,1774280580048000000,1774280640074000000,0
StreamlinedBlobStorage.recordsDeleted,1774280580048000000,1774280640074000000,0
FilePageCacheLockFree.totalNativeBytesReclaimed,1774280580048000000,1774280640074000000,0
FilePageCache.maxCacheSizeInBytes,1774280580048000000,1774280640074000000,398483456
StreamlinedBlobStorage.recordsRelocated,1774280580048000000,1774280640074000000,0
StorageLockContext.competingThreads.90P,1774280580048000000,1774280640074000000,0
DirectByteBufferAllocator.disposed,1774280580048000000,1774280640074000000,0
FilePageCache.disposedBuffers,1774280580048000000,1774280640074000000,0
DirectByteBufferAllocator.reclaimed,1774280580048000000,1774280640074000000,0
FilePageCacheLockFree.totalClosedStoragesReclaimed,1774280580048000000,1774280640074000000,0
MappedFileStorage.totalBytesMapped,1774280580048000000,1774280640074000000,257163264
FilePageCache.totalPageLoadsUs,1774280580048000000,1774280640074000000,0
FilePageCacheLockFree.totalBytesRequested,1774280580048000000,1774280640074000000,0
MappedFileStorage.totalPagesMapped,1774280580048000000,1774280640074000000,22
DirectByteBufferAllocator.misses,1774280580048000000,1774280640074000000,0
StreamlinedBlobStorage.totalLiveRecordsPayloadBytes,1774280580048000000,1774280640074000000,0
FilePageCacheLockFree.totalPageAllocationsWaited,1774280580048000000,1774280640074000000,0
FilePageCacheLockFree.totalPagesHandedOver,1774280580048000000,1774280640074000000,0
FilePageCacheLockFree.totalPagesAllocated,1774280580048000000,1774280640074000000,0
FilePageCache.pageFastCacheHits,1774280580048000000,1774280640074000000,0
FilePageCacheLockFree.totalPagesWriteMs,1774280580048000000,1774280640074000000,0
FilePageCacheLockFree.totalPagesRequested,1774280580048000000,1774280640074000000,0
FilePageCache.pageLoads,1774280580048000000,1774280640074000000,0
FilePageCache.pageHits,1774280580048000000,1774280640074000000,0
FilePageCacheLockFree.heapBytesInUse,1774280580048000000,1774280640074000000,0
FilePageCacheLockFree.totalPagesReadMs,1774280580048000000,1774280640074000000,0
DirectByteBufferAllocator.hits,1774280580048000000,1774280640074000000,0
FilePageCacheLockFree.totalPagesWritten,1774280580048000000,1774280640074000000,0
FilePageCacheLockFree.totalNativeBytesAllocated,1774280580048000000,1774280640074000000,0
MappedFileStorage.storages,1774280580048000000,1774280640074000000,16
FilePageCacheLockFree.totalBytesRead,1774280580048000000,1774280640074000000,0
FilePageCache.pageLoadsAboveSizeThreshold,1774280580048000000,1774280640074000000,0
FilePageCache.uncachedFileAccess,1774280580048000000,1774280640074000000,0
FilePageCache.totalPageDisposalsUs,1774280580048000000,1774280640074000000,0
FilePageCacheLockFree.totalPagesRequestsMs,1774280580048000000,1774280640074000000,0
FilePageCacheLockFree.totalBytesWritten,1774280580048000000,1774280640074000000,0
FilePageCacheLockFree.housekeeperTurnsSkipped,1774280580048000000,1774280640074000000,0
IndexesFlusher.totalContentionQuotaSpent,1774280580048000000,1774280640074000000,0
Indexes.entries.lookupDurationMaxMs,1774280580048000000,1774280640074000000,0.0
Indexes.allKeys.lookupDurationAvgMs,1774280580048000000,1774280640074000000,0.0
Indexing.writesQueuedMin,1774280580048000000,1774280640074000000,9223372036854775807
Indexing.cache.totalCacheAccesses,1774280580048000000,1774280640074000000,0
Indexes.allKeys.lookups,1774280580048000000,1774280640074000000,0
Indexes.entries.lookups,1774280580048000000,1774280640074000000,0
IndexesFlusher.totalFlushingTimeUs,1774280580048000000,1774280640074000000,220301
Indexes.entries.lookupDurationAvgMs,1774280580048000000,1774280640074000000,0.0
Indexing.writer_0.totalTimeSpentWritingMs,1774280580048000000,1774280640074000000,0
Indexes.stubs.lookupDurationAvgMs,1774280580048000000,1774280640074000000,0.0
Indexing.writer_2.totalTimeSpentWritingMs,1774280580048000000,1774280640074000000,0
IndexesFlusher.totalFlushesRetried,1774280580048000000,1774280640074000000,0
Indexes.allKeys.lookupDuration90PMs,1774280580048000000,1774280640074000000,0.0
Indexes.entries.lookupDuration90PMs,1774280580048000000,1774280640074000000,0.0
Indexes.stubs.lookupDurationMaxMs,1774280580048000000,1774280640074000000,0.0
IndexesFlusher.totalFlushes,1774280580048000000,1774280640074000000,117
Indexing.writesQueuedMax,1774280580048000000,1774280640074000000,0
Indexing.writer_1.totalTimeSpentWritingMs,1774280580048000000,1774280640074000000,0
Indexing.writer_3.totalTimeSpentWritingMs,1774280580048000000,1774280640074000000,0
Indexing.cache.totalCacheEvicted,1774280580048000000,1774280640074000000,0
Indexes.allKeys.lookupDurationMaxMs,1774280580048000000,1774280640074000000,0.0
Indexes.stubs.lookups,1774280580048000000,1774280640074000000,0
Indexes.stubs.lookupDuration90PMs,1774280580048000000,1774280640074000000,0.0
Indexing.totalTimeIndexersSleptMs,1774280580048000000,1774280640074000000,0
Indexing.cache.totalCacheMisses,1774280580048000000,1774280640074000000,0
JVM.usedNativeBytes,1774280580048000000,1774280640074000000,537689792
JVM.maxHeapBytes,1774280580048000000,1774280640074000000,2147483648
JVM.totalTimeAtSafepointsMs,1774280580048000000,1774280640074000000,2
JVM.GC.collections,1774280580048000000,1774280640074000000,0
JVM.usedHeapBytes,1774280580048000000,1774280640074000000,724415456
JVM.threadCount,1774280580048000000,1774280640074000000,48
OS.loadAverage,1774280580048000000,1774280640074000000,33.4365234375
JVM.totalDirectByteBuffersBytes,1774280580048000000,1774280640074000000,400848023
JVM.maxThreadCount,1774280580048000000,1774280640074000000,127
JVM.newThreadsCount,1774280580048000000,1774280640074000000,5
JVM.totalBytesAllocated,1774280580048000000,1774280640074000000,92612592
JVM.totalCpuTimeMs,1774280580048000000,1774280640074000000,11252
JVM.totalTimeToSafepointsMs,1774280580048000000,1774280640074000000,2
JVM.totalSafepointCount,1774280580048000000,1774280640074000000,32
JVM.GC.collectionTimesMs,1774280580048000000,1774280640074000000,0
AWTEventQueue.dispatchTimeMaxNs,1774280580048000000,1774280640074000000,0
FlushQueue.executionTimeAvgNs,1774280580048000000,1774280640074000000,0.0
AWTEventQueue.dispatchTimeTotalNS,1774280580048000000,1774280640074000000,3843241314
FlushQueue.executionTimeMaxNs,1774280580048000000,1774280640074000000,0
NonBlockingReadAction.failedExecutionTimeUs,1774280580048000000,1774280640074000000,0
FlushQueue.waitingTime90PNs,1774280580048000000,1774280640074000000,0
FlushQueue.queueSize90P,1774280580048000000,1774280640074000000,0
FlushQueue.tasksExecuted,1774280580048000000,1774280640074000000,0
NonBlockingReadAction.finalizedExecutionsCount,1774280580048000000,1774280640074000000,0
AWTEventQueue.dispatchTimeAvgNs,1774280580048000000,1774280640074000000,0.0
AWTEventQueue.eventsDispatched,1774280580048000000,1774280640074000000,0
FlushQueue.queueSizeAvg,1774280580048000000,1774280640074000000,0.0
AWTEventQueue.dispatchTime90PNs,1774280580048000000,1774280640074000000,0
WriteAction.executionsCount,1774280580048000000,1774280640074000000,0
NonBlockingReadAction.finalizedExecutionTimeUs,1774280580048000000,1774280640074000000,0
FlushQueue.waitingTimeAvgNs,1774280580048000000,1774280640074000000,0.0
ReadAction.executionsCount,1774280580048000000,1774280640074000000,8
NonBlockingReadAction.failedExecutionsCount,1774280580048000000,1774280640074000000,0
FlushQueue.queueSizeMax,1774280580048000000,1774280640074000000,0
FlushQueue.executionTime90PNs,1774280580048000000,1774280640074000000,0
FlushQueue.waitingTimeMaxNs,1774280580048000000,1774280640074000000,0
cacheStateStorage.get.counter,1774280640074000000,1774280700045000000,0
cacheStateStorage.set.duration,1774280640074000000,1774280700045000000,0
cacheStateStorage.get.duration,1774280640074000000,1774280700045000000,0
cacheStateStorage.set.counter,1774280640074000000,1774280700045000000,0
workspaceModel.workspaceFileIndexData.getPackageName.ms,1774280640074000000,1774280700045000000,0
workspaceModel.cachedValue.clear.count,1774280640074000000,1774280700045000000,0
workspaceModel.initializing.ms,1774280640074000000,1774280700045000000,0
workspaceModel.collect.changes.ms,1774280640074000000,1774280700045000000,0
workspaceModel.workspaceFileIndexData.processFileSets.ms,1774280640074000000,1774280700045000000,0
workspaceModel.workspaceFileIndexData.init.ms,1774280640074000000,1774280700045000000,0
workspaceModel.full.replace.project.model.ms,1774280640074000000,1774280700045000000,0
workspaceModel.loading.from.cache.ms,1774280640074000000,1774280700045000000,0
workspaceModel.init.bridges.ms,1774280640074000000,1774280700045000000,0
workspaceModel.workspaceFileIndexData.updateDirtyEntities.ms,1774280640074000000,1774280700045000000,0
workspaceModel.workspaceFileIndexData.getFileInfo.ms,1774280640074000000,1774280700045000000,0
workspaceModel.cachedValue.calculated.count,1774280640074000000,1774280700045000000,0
workspaceModel.to.snapshot.ms,1774280640074000000,1774280700045000000,0
workspaceModel.on.changed.ms,1774280640074000000,1774280700045000000,0
workspaceModel.cachedValueWithParameters.from.cache.count,1774280640074000000,1774280700045000000,0
workspaceModel.workspaceFileIndexData.instances.count,1774280640074000000,1774280700045000000,0
workspaceModel.workspaceFileIndexContributor.registerFileSets.ms,1774280640074000000,1774280700045000000,0
workspaceModel.pre.handlers.ms,1774280640074000000,1774280700045000000,0
workspaceModel.workspaceFileIndexData.visitFileSets.ms,1774280640074000000,1774280700045000000,0
workspaceModel.cachedValue.from.cache.count,1774280640074000000,1774280700045000000,0
workspaceModel.workspaceFileIndexData.markDirty.ms,1774280640074000000,1774280700045000000,0
workspaceModel.cachedValue.total.get.count,1774280640074000000,1774280700045000000,0
workspaceModel.replace.project.model.ms,1774280640074000000,1774280700045000000,0
workspaceModel.updates.ms,1774280640074000000,1774280700045000000,0
workspaceModel.cachedValueWithParameters.calculated.count,1774280640074000000,1774280700045000000,0
workspaceModel.on.before.changed.ms,1774280640074000000,1774280700045000000,0
workspaceModel.update.unloaded.entities.ms,1774280640074000000,1774280700045000000,0
workspaceModel.workspaceFileIndexData.getDirectoriesByPackageName.ms,1774280640074000000,1774280700045000000,0
workspaceModel.loading.total.ms,1774280640074000000,1774280700045000000,0
workspaceModel.updates.precise.ms,1774280640074000000,1774280700045000000,0
workspaceModel.updates.count,1774280640074000000,1774280700045000000,0
workspaceModel.cachedValueWithParameters.total.get.count,1774280640074000000,1774280700045000000,0
workspaceModel.check.recursive.update.ms,1774280640074000000,1774280700045000000,0
workspaceModel.workspaceFileIndexData.onEntitiesChanged.ms,1774280640074000000,1774280700045000000,0
workspaceModel.cachedValueWithParameters.clear.count,1774280640074000000,1774280700045000000,0
workspaceModel.entityStorageSnapshotImpl.instances.count,1774280640074000000,1774280700045000000,0
compiler.ArtifactVirtualFileListener.filePathChanged.ms,1774280640074000000,1774280700045000000,0
compiler.ArtifactManagerBridge.initBridges.ms,1774280640074000000,1774280700045000000,0
compiler.ArtifactManagerBridge.getArtifactsByType.ms,1774280640074000000,1774280700045000000,0
compiler.ArtifactManagerBridge.addArtifact.ms,1774280640074000000,1774280700045000000,0
compiler.ArtifactManagerBridge.findArtifact.ms,1774280640074000000,1774280700045000000,0
compiler.ArtifactVirtualFileListener.propertyChanged.ms,1774280640074000000,1774280700045000000,0
compiler.ArtifactManagerBridge.getArtifacts.ms,1774280640074000000,1774280700045000000,0
compiler.ArtifactManagerBridge.dropMappings.ms,1774280640074000000,1774280700045000000,0
compiler.ArtifactManagerBridge.commit.ms,1774280640074000000,1774280700045000000,0
writeAction.count,1774280640074000000,1774280700045000000,0
DiskQueryRelay.tasksExecuted,1774280640074000000,1774280700045000000,0
writeAction.max.wait.ms,1774280640074000000,1774280700045000000,681
DiskQueryRelay.taskExecutionTotalTimeUs,1774280640074000000,1774280700045000000,0
writeAction.median.wait.ms,1774280640074000000,1774280700045000000,200
writeAction.wait.ms,1774280640074000000,1774280700045000000,0
DiskQueryRelay.tasksRequested,1774280640074000000,1774280700045000000,0
DiskQueryRelay.taskWaitingTotalTimeUs,1774280640074000000,1774280700045000000,0
VFS.contentStorage.recordsReadDecompressed,1774280640074000000,1774280700045000000,0
VFS.invertedFileNameIndex.requests,1774280640074000000,1774280700045000000,0
VFS.contentStorage.recordsDeduplicated,1774280640074000000,1774280700045000000,0
VFS.contentStorage.recordsRead,1774280640074000000,1774280700045000000,0
FileNameCache.totalMisses,1774280640074000000,1774280700045000000,0
VFS.contentStorage.recordsStoredCompressed,1774280640074000000,1774280700045000000,0
VFS.contentStorage.recordsReadSize,1774280640074000000,1774280700045000000,0
VFS.fileByIdCache.misses,1774280640074000000,1774280700045000000,0
VFS.contentStorage.recordsDecompressionTimeUs,1774280640074000000,1774280700045000000,0
VFS.fileChildByName,1774280640074000000,1774280700045000000,0
VFS.contentStorage.recordsUncompressedSize,1774280640074000000,1774280700045000000,0
VFS.contentStorage.recordsStored,1774280640074000000,1774280700045000000,0
VFS.contentStorage.recordsStoredSize,1774280640074000000,1774280700045000000,0
VFS.fileByIdCache.hits,1774280640074000000,1774280700045000000,0
FileNameCache.queries,1774280640074000000,1774280700045000000,0
workspaceModel.moduleBridge.update.option.ms,1774280640074000000,1774280700045000000,0
workspaceModel.delayed.project.synchronizer.sync.ms,1774280640074000000,1774280700045000000,0
jps.apply.loaded.storage.ms,1774280640074000000,1774280700045000000,0
jps.load.project.to.empty.storage.ms,1774280640074000000,1774280700045000000,0
workspaceModel.moduleManagerBridge.load.all.modules.ms,1774280640074000000,1774280700045000000,0
workspaceModel.mutableEntityStorage.apply.changes.from.ms,1774280640074000000,1774280700045000000,0
workspaceModel.orphan.listener.update.ms,1774280640074000000,1774280700045000000,0
jps.global.handle.changed.events.ms,1774280640074000000,1774280700045000000,0
jps.save.changed.project.entities.ms,1774280640074000000,1774280700045000000,0
workspaceModel.global.apply.state.to.project.ms,1774280640074000000,1774280700045000000,0
workspaceModel.moduleManagerBridge.set.unloadedModules.ms,1774280640074000000,1774280700045000000,0
workspaceModel.global.updates.ms,1774280640074000000,1774280700045000000,0
workspaceModel.mutableEntityStorage.instances.count,1774280640074000000,1774280700045000000,0
jps.storage.jps.conf.reader.load.component.ms,1774280640074000000,1774280700045000000,0
jps.artifact.entities.serializer.save.entities.ms,1774280640074000000,1774280700045000000,0
workspaceModel.mutableEntityStorage.remove.entity.ms,1774280640074000000,1774280700045000000,0
jps.module.iml.entities.serializer.save.entities.ms,1774280640074000000,1774280700045000000,0
workspaceModel.mutableEntityStorage.entities.by.source.ms,1774280640074000000,1774280700045000000,0
jps.save.global.entities.ms,1774280640074000000,1774280700045000000,0
workspaceModel.moduleManagerBridge.build.module.graph.ms,1774280640074000000,1774280700045000000,0
workspaceModel.moduleBridge.facet.initialization.ms,1774280640074000000,1774280700045000000,0
workspaceModel.sync.entities.ms,1774280640074000000,1774280700045000000,0
workspaceModel.mutableEntityStorage.modify.entity.ms,1774280640074000000,1774280700045000000,0
jps.global.get.libraries.ms,1774280640074000000,1774280700045000000,0
workspaceModel.mutableEntityStorage.changeLog.addReplaceEventForRemovedChild.ms,1774280640074000000,1774280700045000000,0
jps.global.get.library.ms,1774280640074000000,1774280700045000000,0
jps.facet.change.listener.process.change.events.ms,1774280640074000000,1774280700045000000,0
workspaceModel.mutableEntityStorage.mutable.ext.mapping.ms,1774280640074000000,1774280700045000000,0
workspaceModel.mutableEntityStorage.add.entity.ms,1774280640074000000,1774280700045000000,0
jps.module.dependency.index.workspace.model.listener.on.changed.ms,1774280640074000000,1774280700045000000,0
jps.facet.change.listener.before.change.events.ms,1774280640074000000,1774280700045000000,0
workspaceModel.moduleManagerBridge.newModule.ms,1774280640074000000,1774280700045000000,0
jps.global.handle.before.change.events.ms,1774280640074000000,1774280700045000000,0
workspaceModel.mutableEntityStorage.collect.changes.ms,1774280640074000000,1774280700045000000,0
workspaceModel.moduleManagerBridge.create.module.instance.ms,1774280640074000000,1774280700045000000,0
workspaceModel.moduleBridge.before.changed.ms,1774280640074000000,1774280700045000000,0
workspaceModel.global.apply.state.to.project.builder.ms,1774280640074000000,1774280700045000000,0
workspaceModel.mutableEntityStorage.has.same.entities.ms,1774280640074000000,1774280700045000000,0
jps.library.entities.serializer.load.entities.ms,1774280640074000000,1774280700045000000,0
workspaceModel.mutableEntityStorage.replace.by.source.ms,1774280640074000000,1774280700045000000,0
jps.artifact.entities.serializer.load.entities.ms,1774280640074000000,1774280700045000000,0
workspaceModel.mutableEntityStorage.put.entity.ms,1774280640074000000,1774280700045000000,0
jps.module.iml.entities.serializer.load.entities.ms,1774280640074000000,1774280700045000000,0
workspaceModel.mutableEntityStorage.changeLog.addReplaceEventForNewParent.ms,1774280640074000000,1774280700045000000,0
workspaceModel.do.save.caches.ms,1774280640074000000,1774280700045000000,0
workspaceModel.mutableEntityStorage.resolve.ms,1774280640074000000,1774280700045000000,0
jps.app.storage.content.writer.save.component.ms,1774280640074000000,1774280700045000000,0
jps.reload.project.entities.ms,1774280640074000000,1774280700045000000,0
jps.facet.change.listener.init.bridge.ms,1774280640074000000,1774280700045000000,0
workspaceModel.mutableEntityStorage.changeLog.addReplaceEventForNewChild.ms,1774280640074000000,1774280700045000000,0
workspaceModel.load.cache.from.file.ms,1774280640074000000,1774280700045000000,0
jps.app.storage.content.reader.load.component.ms,1774280640074000000,1774280700045000000,0
workspaceModel.moduleBridgeLoader.loading.modules.ms,1774280640074000000,1774280700045000000,0
workspaceModel.mutableEntityStorage.to.snapshot.ms,1774280640074000000,1774280700045000000,0
jps.global.initialize.library.bridges.ms,1774280640074000000,1774280700045000000,0
workspaceModel.load.cache.metadata.from.file.ms,1774280640074000000,1774280700045000000,0
jps.project.serializers.load.ms,1774280640074000000,1774280700045000000,0
workspaceModel.moduleManagerBridge.get.modules.ms,1774280640074000000,1774280700045000000,0
workspaceModel.mutableEntityStorage.referrers.ms,1774280640074000000,1774280700045000000,0
workspaceModel.mutableEntityStorage.entities.ms,1774280640074000000,1774280700045000000,0
jps.load.initial.state.ms,1774280640074000000,1774280700045000000,0
workspaceModel.save.cache.to.file.ms,1774280640074000000,1774280700045000000,0
jps.library.entities.serializer.save.entities.ms,1774280640074000000,1774280700045000000,0
jps.global.initialize.library.bridges.after.loading.ms,1774280640074000000,1774280700045000000,0
workspaceModel.mutableEntityStorage.changeLog.addReplaceEventForRemovedParent.ms,1774280640074000000,1774280700045000000,0
workspaceModel.moduleManagerBridge.new.nonPersistent.module.ms,1774280640074000000,1774280700045000000,0
workspaceModel.global.updates.count,1774280640074000000,1774280700045000000,0
jps.project.serializers.save.ms,1774280640074000000,1774280700045000000,0
jps.global.get.library.by.name.ms,1774280640074000000,1774280700045000000,0
workspaceModel.moduleManagerBridge.load.module.ms,1774280640074000000,1774280700045000000,0
workspaceModel.mutableEntityStorage.mutable.vfurl.index.ms,1774280640074000000,1774280700045000000,0
FilePageCacheLockFree.totalPagesReclaimed,1774280640074000000,1774280700045000000,0
MappedFileStorage.totalTimeSpentOnMappingUs,1774280640074000000,1774280700045000000,13679
FileChannelInterruptsRetryer.totalRetriedAttempts,1774280640074000000,1774280700045000000,0
DirectByteBufferAllocator.totalSizeOfBuffersAllocatedInBytes,1774280640074000000,1774280700045000000,398483456
StorageLockContext.competingThreads.max,1774280640074000000,1774280700045000000,0
FilePageCacheLockFree.housekeeperTurnsDone,1774280640074000000,1774280700045000000,0
FilePageCache.capacityInBytes,1774280640074000000,1774280700045000000,503316478
FilePageCache.maxRegisteredFiles,1774280640074000000,1774280700045000000,550
FilePageCacheLockFree.nativeBytesInUse,1774280640074000000,1774280700045000000,0
DirectByteBufferAllocator.totalSizeOfBuffersCachedInBytes,1774280640074000000,1774280700045000000,0
FilePageCacheLockFree.totalHeapBytesReclaimed,1774280640074000000,1774280700045000000,0
FilePageCacheLockFree.totalHeapBytesAllocated,1774280640074000000,1774280700045000000,0
StorageLockContext.competingThreads.avg,1774280640074000000,1774280700045000000,0.0
StreamlinedBlobStorage.recordsAllocated,1774280640074000000,1774280700045000000,0
StreamlinedBlobStorage.totalLiveRecordsCapacityBytes,1774280640074000000,1774280700045000000,0
FilePageCacheLockFree.housekeeperTimeSpentMs,1774280640074000000,1774280700045000000,0
StreamlinedBlobStorage.recordsDeleted,1774280640074000000,1774280700045000000,0
FilePageCacheLockFree.totalNativeBytesReclaimed,1774280640074000000,1774280700045000000,0
FilePageCache.maxCacheSizeInBytes,1774280640074000000,1774280700045000000,398483456
StreamlinedBlobStorage.recordsRelocated,1774280640074000000,1774280700045000000,0
StorageLockContext.competingThreads.90P,1774280640074000000,1774280700045000000,0
DirectByteBufferAllocator.disposed,1774280640074000000,1774280700045000000,0
FilePageCache.disposedBuffers,1774280640074000000,1774280700045000000,0
DirectByteBufferAllocator.reclaimed,1774280640074000000,1774280700045000000,0
FilePageCacheLockFree.totalClosedStoragesReclaimed,1774280640074000000,1774280700045000000,0
MappedFileStorage.totalBytesMapped,1774280640074000000,1774280700045000000,257163264
FilePageCache.totalPageLoadsUs,1774280640074000000,1774280700045000000,0
FilePageCacheLockFree.totalBytesRequested,1774280640074000000,1774280700045000000,0
MappedFileStorage.totalPagesMapped,1774280640074000000,1774280700045000000,22
DirectByteBufferAllocator.misses,1774280640074000000,1774280700045000000,0
StreamlinedBlobStorage.totalLiveRecordsPayloadBytes,1774280640074000000,1774280700045000000,0
FilePageCacheLockFree.totalPageAllocationsWaited,1774280640074000000,1774280700045000000,0
FilePageCacheLockFree.totalPagesHandedOver,1774280640074000000,1774280700045000000,0
FilePageCacheLockFree.totalPagesAllocated,1774280640074000000,1774280700045000000,0
FilePageCache.pageFastCacheHits,1774280640074000000,1774280700045000000,0
FilePageCacheLockFree.totalPagesWriteMs,1774280640074000000,1774280700045000000,0
FilePageCacheLockFree.totalPagesRequested,1774280640074000000,1774280700045000000,0
FilePageCache.pageLoads,1774280640074000000,1774280700045000000,0
FilePageCache.pageHits,1774280640074000000,1774280700045000000,0
FilePageCacheLockFree.heapBytesInUse,1774280640074000000,1774280700045000000,0
FilePageCacheLockFree.totalPagesReadMs,1774280640074000000,1774280700045000000,0
DirectByteBufferAllocator.hits,1774280640074000000,1774280700045000000,0
FilePageCacheLockFree.totalPagesWritten,1774280640074000000,1774280700045000000,0
FilePageCacheLockFree.totalNativeBytesAllocated,1774280640074000000,1774280700045000000,0
MappedFileStorage.storages,1774280640074000000,1774280700045000000,16
FilePageCacheLockFree.totalBytesRead,1774280640074000000,1774280700045000000,0
FilePageCache.pageLoadsAboveSizeThreshold,1774280640074000000,1774280700045000000,0
FilePageCache.uncachedFileAccess,1774280640074000000,1774280700045000000,0
FilePageCache.totalPageDisposalsUs,1774280640074000000,1774280700045000000,0
FilePageCacheLockFree.totalPagesRequestsMs,1774280640074000000,1774280700045000000,0
FilePageCacheLockFree.totalBytesWritten,1774280640074000000,1774280700045000000,0
FilePageCacheLockFree.housekeeperTurnsSkipped,1774280640074000000,1774280700045000000,0
IndexesFlusher.totalContentionQuotaSpent,1774280640074000000,1774280700045000000,0
Indexes.entries.lookupDurationMaxMs,1774280640074000000,1774280700045000000,0.0
Indexes.allKeys.lookupDurationAvgMs,1774280640074000000,1774280700045000000,0.0
Indexing.writesQueuedMin,1774280640074000000,1774280700045000000,9223372036854775807
Indexing.cache.totalCacheAccesses,1774280640074000000,1774280700045000000,0
Indexes.allKeys.lookups,1774280640074000000,1774280700045000000,0
Indexes.entries.lookups,1774280640074000000,1774280700045000000,0
IndexesFlusher.totalFlushingTimeUs,1774280640074000000,1774280700045000000,224876
Indexes.entries.lookupDurationAvgMs,1774280640074000000,1774280700045000000,0.0
Indexing.writer_0.totalTimeSpentWritingMs,1774280640074000000,1774280700045000000,0
Indexes.stubs.lookupDurationAvgMs,1774280640074000000,1774280700045000000,0.0
Indexing.writer_2.totalTimeSpentWritingMs,1774280640074000000,1774280700045000000,0
IndexesFlusher.totalFlushesRetried,1774280640074000000,1774280700045000000,0
Indexes.allKeys.lookupDuration90PMs,1774280640074000000,1774280700045000000,0.0
Indexes.entries.lookupDuration90PMs,1774280640074000000,1774280700045000000,0.0
Indexes.stubs.lookupDurationMaxMs,1774280640074000000,1774280700045000000,0.0
IndexesFlusher.totalFlushes,1774280640074000000,1774280700045000000,117
Indexing.writesQueuedMax,1774280640074000000,1774280700045000000,0
Indexing.writer_1.totalTimeSpentWritingMs,1774280640074000000,1774280700045000000,0
Indexing.writer_3.totalTimeSpentWritingMs,1774280640074000000,1774280700045000000,0
Indexing.cache.totalCacheEvicted,1774280640074000000,1774280700045000000,0
Indexes.allKeys.lookupDurationMaxMs,1774280640074000000,1774280700045000000,0.0
Indexes.stubs.lookups,1774280640074000000,1774280700045000000,0
Indexes.stubs.lookupDuration90PMs,1774280640074000000,1774280700045000000,0.0
Indexing.totalTimeIndexersSleptMs,1774280640074000000,1774280700045000000,0
Indexing.cache.totalCacheMisses,1774280640074000000,1774280700045000000,0
JVM.usedNativeBytes,1774280640074000000,1774280700045000000,538127824
JVM.maxHeapBytes,1774280640074000000,1774280700045000000,2147483648
JVM.totalTimeAtSafepointsMs,1774280640074000000,1774280700045000000,82
JVM.GC.collections,1774280640074000000,1774280700045000000,1
JVM.usedHeapBytes,1774280640074000000,1774280700045000000,559415296
JVM.threadCount,1774280640074000000,1774280700045000000,43
OS.loadAverage,1774280640074000000,1774280700045000000,28.98583984375
JVM.totalDirectByteBuffersBytes,1774280640074000000,1774280700045000000,399968566
JVM.maxThreadCount,1774280640074000000,1774280700045000000,127
JVM.newThreadsCount,1774280640074000000,1774280700045000000,0
JVM.totalBytesAllocated,1774280640074000000,1774280700045000000,57405888
JVM.totalCpuTimeMs,1774280640074000000,1774280700045000000,9655
JVM.totalTimeToSafepointsMs,1774280640074000000,1774280700045000000,0
JVM.totalSafepointCount,1774280640074000000,1774280700045000000,12
JVM.GC.collectionTimesMs,1774280640074000000,1774280700045000000,81
AWTEventQueue.dispatchTimeMaxNs,1774280640074000000,1774280700045000000,0
FlushQueue.executionTimeAvgNs,1774280640074000000,1774280700045000000,0.0
AWTEventQueue.dispatchTimeTotalNS,1774280640074000000,1774280700045000000,3630575651
FlushQueue.executionTimeMaxNs,1774280640074000000,1774280700045000000,0
NonBlockingReadAction.failedExecutionTimeUs,1774280640074000000,1774280700045000000,0
FlushQueue.waitingTime90PNs,1774280640074000000,1774280700045000000,0
FlushQueue.queueSize90P,1774280640074000000,1774280700045000000,0
FlushQueue.tasksExecuted,1774280640074000000,1774280700045000000,0
NonBlockingReadAction.finalizedExecutionsCount,1774280640074000000,1774280700045000000,0
AWTEventQueue.dispatchTimeAvgNs,1774280640074000000,1774280700045000000,0.0
AWTEventQueue.eventsDispatched,1774280640074000000,1774280700045000000,0
FlushQueue.queueSizeAvg,1774280640074000000,1774280700045000000,0.0
AWTEventQueue.dispatchTime90PNs,1774280640074000000,1774280700045000000,0
WriteAction.executionsCount,1774280640074000000,1774280700045000000,0
NonBlockingReadAction.finalizedExecutionTimeUs,1774280640074000000,1774280700045000000,0
FlushQueue.waitingTimeAvgNs,1774280640074000000,1774280700045000000,0.0
ReadAction.executionsCount,1774280640074000000,1774280700045000000,0
NonBlockingReadAction.failedExecutionsCount,1774280640074000000,1774280700045000000,0
FlushQueue.queueSizeMax,1774280640074000000,1774280700045000000,0
FlushQueue.executionTime90PNs,1774280640074000000,1774280700045000000,0
FlushQueue.waitingTimeMaxNs,1774280640074000000,1774280700045000000,0
cacheStateStorage.get.counter,1774280700045000000,1774280760051000000,0
cacheStateStorage.set.duration,1774280700045000000,1774280760051000000,0
cacheStateStorage.get.duration,1774280700045000000,1774280760051000000,0
cacheStateStorage.set.counter,1774280700045000000,1774280760051000000,0
workspaceModel.workspaceFileIndexData.getPackageName.ms,1774280700045000000,1774280760051000000,0
workspaceModel.cachedValue.clear.count,1774280700045000000,1774280760051000000,0
workspaceModel.initializing.ms,1774280700045000000,1774280760051000000,0
workspaceModel.collect.changes.ms,1774280700045000000,1774280760051000000,0
workspaceModel.workspaceFileIndexData.processFileSets.ms,1774280700045000000,1774280760051000000,0
workspaceModel.workspaceFileIndexData.init.ms,1774280700045000000,1774280760051000000,0
workspaceModel.full.replace.project.model.ms,1774280700045000000,1774280760051000000,0
workspaceModel.loading.from.cache.ms,1774280700045000000,1774280760051000000,0
workspaceModel.init.bridges.ms,1774280700045000000,1774280760051000000,0
workspaceModel.workspaceFileIndexData.updateDirtyEntities.ms,1774280700045000000,1774280760051000000,0
workspaceModel.workspaceFileIndexData.getFileInfo.ms,1774280700045000000,1774280760051000000,0
workspaceModel.cachedValue.calculated.count,1774280700045000000,1774280760051000000,0
workspaceModel.to.snapshot.ms,1774280700045000000,1774280760051000000,0
workspaceModel.on.changed.ms,1774280700045000000,1774280760051000000,0
workspaceModel.cachedValueWithParameters.from.cache.count,1774280700045000000,1774280760051000000,0
workspaceModel.workspaceFileIndexData.instances.count,1774280700045000000,1774280760051000000,0
workspaceModel.workspaceFileIndexContributor.registerFileSets.ms,1774280700045000000,1774280760051000000,0
workspaceModel.pre.handlers.ms,1774280700045000000,1774280760051000000,0
workspaceModel.workspaceFileIndexData.visitFileSets.ms,1774280700045000000,1774280760051000000,0
workspaceModel.cachedValue.from.cache.count,1774280700045000000,1774280760051000000,0
workspaceModel.workspaceFileIndexData.markDirty.ms,1774280700045000000,1774280760051000000,0
workspaceModel.cachedValue.total.get.count,1774280700045000000,1774280760051000000,0
workspaceModel.replace.project.model.ms,1774280700045000000,1774280760051000000,0
workspaceModel.updates.ms,1774280700045000000,1774280760051000000,0
workspaceModel.cachedValueWithParameters.calculated.count,1774280700045000000,1774280760051000000,0
workspaceModel.on.before.changed.ms,1774280700045000000,1774280760051000000,0
workspaceModel.update.unloaded.entities.ms,1774280700045000000,1774280760051000000,0
workspaceModel.workspaceFileIndexData.getDirectoriesByPackageName.ms,1774280700045000000,1774280760051000000,0
workspaceModel.loading.total.ms,1774280700045000000,1774280760051000000,0
workspaceModel.updates.precise.ms,1774280700045000000,1774280760051000000,0
workspaceModel.updates.count,1774280700045000000,1774280760051000000,0
workspaceModel.cachedValueWithParameters.total.get.count,1774280700045000000,1774280760051000000,0
workspaceModel.check.recursive.update.ms,1774280700045000000,1774280760051000000,0
workspaceModel.workspaceFileIndexData.onEntitiesChanged.ms,1774280700045000000,1774280760051000000,0
workspaceModel.cachedValueWithParameters.clear.count,1774280700045000000,1774280760051000000,0
workspaceModel.entityStorageSnapshotImpl.instances.count,1774280700045000000,1774280760051000000,0
compiler.ArtifactVirtualFileListener.filePathChanged.ms,1774280700045000000,1774280760051000000,0
compiler.ArtifactManagerBridge.initBridges.ms,1774280700045000000,1774280760051000000,0
compiler.ArtifactManagerBridge.getArtifactsByType.ms,1774280700045000000,1774280760051000000,0
compiler.ArtifactManagerBridge.addArtifact.ms,1774280700045000000,1774280760051000000,0
compiler.ArtifactManagerBridge.findArtifact.ms,1774280700045000000,1774280760051000000,0
compiler.ArtifactVirtualFileListener.propertyChanged.ms,1774280700045000000,1774280760051000000,0
compiler.ArtifactManagerBridge.getArtifacts.ms,1774280700045000000,1774280760051000000,0
compiler.ArtifactManagerBridge.dropMappings.ms,1774280700045000000,1774280760051000000,0
compiler.ArtifactManagerBridge.commit.ms,1774280700045000000,1774280760051000000,0
writeAction.count,1774280700045000000,1774280760051000000,0
DiskQueryRelay.tasksExecuted,1774280700045000000,1774280760051000000,38
writeAction.max.wait.ms,1774280700045000000,1774280760051000000,681
DiskQueryRelay.taskExecutionTotalTimeUs,1774280700045000000,1774280760051000000,13392
writeAction.median.wait.ms,1774280700045000000,1774280760051000000,200
writeAction.wait.ms,1774280700045000000,1774280760051000000,0
DiskQueryRelay.tasksRequested,1774280700045000000,1774280760051000000,38
DiskQueryRelay.taskWaitingTotalTimeUs,1774280700045000000,1774280760051000000,13432
VFS.contentStorage.recordsReadDecompressed,1774280700045000000,1774280760051000000,0
VFS.invertedFileNameIndex.requests,1774280700045000000,1774280760051000000,0
VFS.contentStorage.recordsDeduplicated,1774280700045000000,1774280760051000000,0
VFS.contentStorage.recordsRead,1774280700045000000,1774280760051000000,0
FileNameCache.totalMisses,1774280700045000000,1774280760051000000,64
VFS.contentStorage.recordsStoredCompressed,1774280700045000000,1774280760051000000,0
VFS.contentStorage.recordsReadSize,1774280700045000000,1774280760051000000,0
VFS.fileByIdCache.misses,1774280700045000000,1774280760051000000,0
VFS.contentStorage.recordsDecompressionTimeUs,1774280700045000000,1774280760051000000,0
VFS.fileChildByName,1774280700045000000,1774280760051000000,0
VFS.contentStorage.recordsUncompressedSize,1774280700045000000,1774280760051000000,0
VFS.contentStorage.recordsStored,1774280700045000000,1774280760051000000,0
VFS.contentStorage.recordsStoredSize,1774280700045000000,1774280760051000000,0
VFS.fileByIdCache.hits,1774280700045000000,1774280760051000000,0
FileNameCache.queries,1774280700045000000,1774280760051000000,896
workspaceModel.moduleBridge.update.option.ms,1774280700045000000,1774280760051000000,0
workspaceModel.delayed.project.synchronizer.sync.ms,1774280700045000000,1774280760051000000,0
jps.apply.loaded.storage.ms,1774280700045000000,1774280760051000000,0
jps.load.project.to.empty.storage.ms,1774280700045000000,1774280760051000000,0
workspaceModel.moduleManagerBridge.load.all.modules.ms,1774280700045000000,1774280760051000000,0
workspaceModel.mutableEntityStorage.apply.changes.from.ms,1774280700045000000,1774280760051000000,0
workspaceModel.orphan.listener.update.ms,1774280700045000000,1774280760051000000,0
jps.global.handle.changed.events.ms,1774280700045000000,1774280760051000000,0
jps.save.changed.project.entities.ms,1774280700045000000,1774280760051000000,0
workspaceModel.global.apply.state.to.project.ms,1774280700045000000,1774280760051000000,0
workspaceModel.moduleManagerBridge.set.unloadedModules.ms,1774280700045000000,1774280760051000000,0
workspaceModel.global.updates.ms,1774280700045000000,1774280760051000000,0
workspaceModel.mutableEntityStorage.instances.count,1774280700045000000,1774280760051000000,0
jps.storage.jps.conf.reader.load.component.ms,1774280700045000000,1774280760051000000,0
jps.artifact.entities.serializer.save.entities.ms,1774280700045000000,1774280760051000000,0
workspaceModel.mutableEntityStorage.remove.entity.ms,1774280700045000000,1774280760051000000,0
jps.module.iml.entities.serializer.save.entities.ms,1774280700045000000,1774280760051000000,0
workspaceModel.mutableEntityStorage.entities.by.source.ms,1774280700045000000,1774280760051000000,0
jps.save.global.entities.ms,1774280700045000000,1774280760051000000,0
workspaceModel.moduleManagerBridge.build.module.graph.ms,1774280700045000000,1774280760051000000,0
workspaceModel.moduleBridge.facet.initialization.ms,1774280700045000000,1774280760051000000,0
workspaceModel.sync.entities.ms,1774280700045000000,1774280760051000000,0
workspaceModel.mutableEntityStorage.modify.entity.ms,1774280700045000000,1774280760051000000,0
jps.global.get.libraries.ms,1774280700045000000,1774280760051000000,0
workspaceModel.mutableEntityStorage.changeLog.addReplaceEventForRemovedChild.ms,1774280700045000000,1774280760051000000,0
jps.global.get.library.ms,1774280700045000000,1774280760051000000,0
jps.facet.change.listener.process.change.events.ms,1774280700045000000,1774280760051000000,0
workspaceModel.mutableEntityStorage.mutable.ext.mapping.ms,1774280700045000000,1774280760051000000,0
workspaceModel.mutableEntityStorage.add.entity.ms,1774280700045000000,1774280760051000000,0
jps.module.dependency.index.workspace.model.listener.on.changed.ms,1774280700045000000,1774280760051000000,0
jps.facet.change.listener.before.change.events.ms,1774280700045000000,1774280760051000000,0
workspaceModel.moduleManagerBridge.newModule.ms,1774280700045000000,1774280760051000000,0
jps.global.handle.before.change.events.ms,1774280700045000000,1774280760051000000,0
workspaceModel.mutableEntityStorage.collect.changes.ms,1774280700045000000,1774280760051000000,0
workspaceModel.moduleManagerBridge.create.module.instance.ms,1774280700045000000,1774280760051000000,0
workspaceModel.moduleBridge.before.changed.ms,1774280700045000000,1774280760051000000,0
workspaceModel.global.apply.state.to.project.builder.ms,1774280700045000000,1774280760051000000,0
workspaceModel.mutableEntityStorage.has.same.entities.ms,1774280700045000000,1774280760051000000,0
jps.library.entities.serializer.load.entities.ms,1774280700045000000,1774280760051000000,0
workspaceModel.mutableEntityStorage.replace.by.source.ms,1774280700045000000,1774280760051000000,0
jps.artifact.entities.serializer.load.entities.ms,1774280700045000000,1774280760051000000,0
workspaceModel.mutableEntityStorage.put.entity.ms,1774280700045000000,1774280760051000000,0
jps.module.iml.entities.serializer.load.entities.ms,1774280700045000000,1774280760051000000,0
workspaceModel.mutableEntityStorage.changeLog.addReplaceEventForNewParent.ms,1774280700045000000,1774280760051000000,0
workspaceModel.do.save.caches.ms,1774280700045000000,1774280760051000000,0
workspaceModel.mutableEntityStorage.resolve.ms,1774280700045000000,1774280760051000000,0
jps.app.storage.content.writer.save.component.ms,1774280700045000000,1774280760051000000,0
jps.reload.project.entities.ms,1774280700045000000,1774280760051000000,0
jps.facet.change.listener.init.bridge.ms,1774280700045000000,1774280760051000000,0
workspaceModel.mutableEntityStorage.changeLog.addReplaceEventForNewChild.ms,1774280700045000000,1774280760051000000,0
workspaceModel.load.cache.from.file.ms,1774280700045000000,1774280760051000000,0
jps.app.storage.content.reader.load.component.ms,1774280700045000000,1774280760051000000,0
workspaceModel.moduleBridgeLoader.loading.modules.ms,1774280700045000000,1774280760051000000,0
workspaceModel.mutableEntityStorage.to.snapshot.ms,1774280700045000000,1774280760051000000,0
jps.global.initialize.library.bridges.ms,1774280700045000000,1774280760051000000,0
workspaceModel.load.cache.metadata.from.file.ms,1774280700045000000,1774280760051000000,0
jps.project.serializers.load.ms,1774280700045000000,1774280760051000000,0
workspaceModel.moduleManagerBridge.get.modules.ms,1774280700045000000,1774280760051000000,0
workspaceModel.mutableEntityStorage.referrers.ms,1774280700045000000,1774280760051000000,0
workspaceModel.mutableEntityStorage.entities.ms,1774280700045000000,1774280760051000000,0
jps.load.initial.state.ms,1774280700045000000,1774280760051000000,0
workspaceModel.save.cache.to.file.ms,1774280700045000000,1774280760051000000,0
jps.library.entities.serializer.save.entities.ms,1774280700045000000,1774280760051000000,0
jps.global.initialize.library.bridges.after.loading.ms,1774280700045000000,1774280760051000000,0
workspaceModel.mutableEntityStorage.changeLog.addReplaceEventForRemovedParent.ms,1774280700045000000,1774280760051000000,0
workspaceModel.moduleManagerBridge.new.nonPersistent.module.ms,1774280700045000000,1774280760051000000,0
workspaceModel.global.updates.count,1774280700045000000,1774280760051000000,0
jps.project.serializers.save.ms,1774280700045000000,1774280760051000000,0
jps.global.get.library.by.name.ms,1774280700045000000,1774280760051000000,0
workspaceModel.moduleManagerBridge.load.module.ms,1774280700045000000,1774280760051000000,0
workspaceModel.mutableEntityStorage.mutable.vfurl.index.ms,1774280700045000000,1774280760051000000,0
FilePageCacheLockFree.totalPagesReclaimed,1774280700045000000,1774280760051000000,0
MappedFileStorage.totalTimeSpentOnMappingUs,1774280700045000000,1774280760051000000,13679
FileChannelInterruptsRetryer.totalRetriedAttempts,1774280700045000000,1774280760051000000,0
DirectByteBufferAllocator.totalSizeOfBuffersAllocatedInBytes,1774280700045000000,1774280760051000000,398483456
StorageLockContext.competingThreads.max,1774280700045000000,1774280760051000000,0
FilePageCacheLockFree.housekeeperTurnsDone,1774280700045000000,1774280760051000000,0
FilePageCache.capacityInBytes,1774280700045000000,1774280760051000000,503316478
FilePageCache.maxRegisteredFiles,1774280700045000000,1774280760051000000,550
FilePageCacheLockFree.nativeBytesInUse,1774280700045000000,1774280760051000000,0
DirectByteBufferAllocator.totalSizeOfBuffersCachedInBytes,1774280700045000000,1774280760051000000,0
FilePageCacheLockFree.totalHeapBytesReclaimed,1774280700045000000,1774280760051000000,0
FilePageCacheLockFree.totalHeapBytesAllocated,1774280700045000000,1774280760051000000,0
StorageLockContext.competingThreads.avg,1774280700045000000,1774280760051000000,0.0
StreamlinedBlobStorage.recordsAllocated,1774280700045000000,1774280760051000000,0
StreamlinedBlobStorage.totalLiveRecordsCapacityBytes,1774280700045000000,1774280760051000000,0
FilePageCacheLockFree.housekeeperTimeSpentMs,1774280700045000000,1774280760051000000,0
StreamlinedBlobStorage.recordsDeleted,1774280700045000000,1774280760051000000,0
FilePageCacheLockFree.totalNativeBytesReclaimed,1774280700045000000,1774280760051000000,0
FilePageCache.maxCacheSizeInBytes,1774280700045000000,1774280760051000000,398483456
StreamlinedBlobStorage.recordsRelocated,1774280700045000000,1774280760051000000,0
StorageLockContext.competingThreads.90P,1774280700045000000,1774280760051000000,0
DirectByteBufferAllocator.disposed,1774280700045000000,1774280760051000000,0
FilePageCache.disposedBuffers,1774280700045000000,1774280760051000000,0
DirectByteBufferAllocator.reclaimed,1774280700045000000,1774280760051000000,0
FilePageCacheLockFree.totalClosedStoragesReclaimed,1774280700045000000,1774280760051000000,0
MappedFileStorage.totalBytesMapped,1774280700045000000,1774280760051000000,257163264
FilePageCache.totalPageLoadsUs,1774280700045000000,1774280760051000000,0
FilePageCacheLockFree.totalBytesRequested,1774280700045000000,1774280760051000000,0
MappedFileStorage.totalPagesMapped,1774280700045000000,1774280760051000000,22
DirectByteBufferAllocator.misses,1774280700045000000,1774280760051000000,0
StreamlinedBlobStorage.totalLiveRecordsPayloadBytes,1774280700045000000,1774280760051000000,0
FilePageCacheLockFree.totalPageAllocationsWaited,1774280700045000000,1774280760051000000,0
FilePageCacheLockFree.totalPagesHandedOver,1774280700045000000,1774280760051000000,0
FilePageCacheLockFree.totalPagesAllocated,1774280700045000000,1774280760051000000,0
FilePageCache.pageFastCacheHits,1774280700045000000,1774280760051000000,0
FilePageCacheLockFree.totalPagesWriteMs,1774280700045000000,1774280760051000000,0
FilePageCacheLockFree.totalPagesRequested,1774280700045000000,1774280760051000000,0
FilePageCache.pageLoads,1774280700045000000,1774280760051000000,0
FilePageCache.pageHits,1774280700045000000,1774280760051000000,0
FilePageCacheLockFree.heapBytesInUse,1774280700045000000,1774280760051000000,0
FilePageCacheLockFree.totalPagesReadMs,1774280700045000000,1774280760051000000,0
DirectByteBufferAllocator.hits,1774280700045000000,1774280760051000000,0
FilePageCacheLockFree.totalPagesWritten,1774280700045000000,1774280760051000000,0
FilePageCacheLockFree.totalNativeBytesAllocated,1774280700045000000,1774280760051000000,0
MappedFileStorage.storages,1774280700045000000,1774280760051000000,16
FilePageCacheLockFree.totalBytesRead,1774280700045000000,1774280760051000000,0
FilePageCache.pageLoadsAboveSizeThreshold,1774280700045000000,1774280760051000000,0
FilePageCache.uncachedFileAccess,1774280700045000000,1774280760051000000,0
FilePageCache.totalPageDisposalsUs,1774280700045000000,1774280760051000000,0
FilePageCacheLockFree.totalPagesRequestsMs,1774280700045000000,1774280760051000000,0
FilePageCacheLockFree.totalBytesWritten,1774280700045000000,1774280760051000000,0
FilePageCacheLockFree.housekeeperTurnsSkipped,1774280700045000000,1774280760051000000,0
IndexesFlusher.totalContentionQuotaSpent,1774280700045000000,1774280760051000000,0
Indexes.entries.lookupDurationMaxMs,1774280700045000000,1774280760051000000,0.0
Indexes.allKeys.lookupDurationAvgMs,1774280700045000000,1774280760051000000,0.0
Indexing.writesQueuedMin,1774280700045000000,1774280760051000000,9223372036854775807
Indexing.cache.totalCacheAccesses,1774280700045000000,1774280760051000000,0
Indexes.allKeys.lookups,1774280700045000000,1774280760051000000,0
Indexes.entries.lookups,1774280700045000000,1774280760051000000,0
IndexesFlusher.totalFlushingTimeUs,1774280700045000000,1774280760051000000,233454
Indexes.entries.lookupDurationAvgMs,1774280700045000000,1774280760051000000,0.0
Indexing.writer_0.totalTimeSpentWritingMs,1774280700045000000,1774280760051000000,0
Indexes.stubs.lookupDurationAvgMs,1774280700045000000,1774280760051000000,0.0
Indexing.writer_2.totalTimeSpentWritingMs,1774280700045000000,1774280760051000000,0
IndexesFlusher.totalFlushesRetried,1774280700045000000,1774280760051000000,0
Indexes.allKeys.lookupDuration90PMs,1774280700045000000,1774280760051000000,0.0
Indexes.entries.lookupDuration90PMs,1774280700045000000,1774280760051000000,0.0
Indexes.stubs.lookupDurationMaxMs,1774280700045000000,1774280760051000000,0.0
IndexesFlusher.totalFlushes,1774280700045000000,1774280760051000000,118
Indexing.writesQueuedMax,1774280700045000000,1774280760051000000,0
Indexing.writer_1.totalTimeSpentWritingMs,1774280700045000000,1774280760051000000,0
Indexing.writer_3.totalTimeSpentWritingMs,1774280700045000000,1774280760051000000,0
Indexing.cache.totalCacheEvicted,1774280700045000000,1774280760051000000,0
Indexes.allKeys.lookupDurationMaxMs,1774280700045000000,1774280760051000000,0.0
Indexes.stubs.lookups,1774280700045000000,1774280760051000000,0
Indexes.stubs.lookupDuration90PMs,1774280700045000000,1774280760051000000,0.0
Indexing.totalTimeIndexersSleptMs,1774280700045000000,1774280760051000000,0
Indexing.cache.totalCacheMisses,1774280700045000000,1774280760051000000,0
JVM.usedNativeBytes,1774280700045000000,1774280760051000000,538490440
JVM.maxHeapBytes,1774280700045000000,1774280760051000000,2147483648
JVM.totalTimeAtSafepointsMs,1774280700045000000,1774280760051000000,1
JVM.GC.collections,1774280700045000000,1774280760051000000,0
JVM.usedHeapBytes,1774280700045000000,1774280760051000000,586678272
JVM.threadCount,1774280700045000000,1774280760051000000,49
OS.loadAverage,1774280700045000000,1774280760051000000,29.51220703125
JVM.totalDirectByteBuffersBytes,1774280700045000000,1774280760051000000,399968566
JVM.maxThreadCount,1774280700045000000,1774280760051000000,127
JVM.newThreadsCount,1774280700045000000,1774280760051000000,6
JVM.totalBytesAllocated,1774280700045000000,1774280760051000000,27284312
JVM.totalCpuTimeMs,1774280700045000000,1774280760051000000,3203
JVM.totalTimeToSafepointsMs,1774280700045000000,1774280760051000000,1
JVM.totalSafepointCount,1774280700045000000,1774280760051000000,8
JVM.GC.collectionTimesMs,1774280700045000000,1774280760051000000,0
AWTEventQueue.dispatchTimeMaxNs,1774280700045000000,1774280760051000000,0
FlushQueue.executionTimeAvgNs,1774280700045000000,1774280760051000000,0.0
AWTEventQueue.dispatchTimeTotalNS,1774280700045000000,1774280760051000000,727601951
FlushQueue.executionTimeMaxNs,1774280700045000000,1774280760051000000,0
NonBlockingReadAction.failedExecutionTimeUs,1774280700045000000,1774280760051000000,0
FlushQueue.waitingTime90PNs,1774280700045000000,1774280760051000000,0
FlushQueue.queueSize90P,1774280700045000000,1774280760051000000,0
FlushQueue.tasksExecuted,1774280700045000000,1774280760051000000,0
NonBlockingReadAction.finalizedExecutionsCount,1774280700045000000,1774280760051000000,1
AWTEventQueue.dispatchTimeAvgNs,1774280700045000000,1774280760051000000,0.0
AWTEventQueue.eventsDispatched,1774280700045000000,1774280760051000000,0
FlushQueue.queueSizeAvg,1774280700045000000,1774280760051000000,0.0
AWTEventQueue.dispatchTime90PNs,1774280700045000000,1774280760051000000,0
WriteAction.executionsCount,1774280700045000000,1774280760051000000,0
NonBlockingReadAction.finalizedExecutionTimeUs,1774280700045000000,1774280760051000000,8192
FlushQueue.waitingTimeAvgNs,1774280700045000000,1774280760051000000,0.0
ReadAction.executionsCount,1774280700045000000,1774280760051000000,140
NonBlockingReadAction.failedExecutionsCount,1774280700045000000,1774280760051000000,0
FlushQueue.queueSizeMax,1774280700045000000,1774280760051000000,0
FlushQueue.executionTime90PNs,1774280700045000000,1774280760051000000,0
FlushQueue.waitingTimeMaxNs,1774280700045000000,1774280760051000000,0
cacheStateStorage.get.counter,1774280760051000000,1774280776524000000,2
cacheStateStorage.set.duration,1774280760051000000,1774280776524000000,2
cacheStateStorage.get.duration,1774280760051000000,1774280776524000000,1
cacheStateStorage.set.counter,1774280760051000000,1774280776524000000,2
workspaceModel.workspaceFileIndexData.getPackageName.ms,1774280760051000000,1774280776524000000,0
workspaceModel.cachedValue.clear.count,1774280760051000000,1774280776524000000,0
workspaceModel.initializing.ms,1774280760051000000,1774280776524000000,0
workspaceModel.collect.changes.ms,1774280760051000000,1774280776524000000,0
workspaceModel.workspaceFileIndexData.processFileSets.ms,1774280760051000000,1774280776524000000,0
workspaceModel.workspaceFileIndexData.init.ms,1774280760051000000,1774280776524000000,0
workspaceModel.full.replace.project.model.ms,1774280760051000000,1774280776524000000,0
workspaceModel.loading.from.cache.ms,1774280760051000000,1774280776524000000,0
workspaceModel.init.bridges.ms,1774280760051000000,1774280776524000000,0
workspaceModel.workspaceFileIndexData.updateDirtyEntities.ms,1774280760051000000,1774280776524000000,0
workspaceModel.workspaceFileIndexData.getFileInfo.ms,1774280760051000000,1774280776524000000,74
workspaceModel.cachedValue.calculated.count,1774280760051000000,1774280776524000000,0
workspaceModel.to.snapshot.ms,1774280760051000000,1774280776524000000,0
workspaceModel.on.changed.ms,1774280760051000000,1774280776524000000,0
workspaceModel.cachedValueWithParameters.from.cache.count,1774280760051000000,1774280776524000000,0
workspaceModel.workspaceFileIndexData.instances.count,1774280760051000000,1774280776524000000,0
workspaceModel.workspaceFileIndexContributor.registerFileSets.ms,1774280760051000000,1774280776524000000,0
workspaceModel.pre.handlers.ms,1774280760051000000,1774280776524000000,0
workspaceModel.workspaceFileIndexData.visitFileSets.ms,1774280760051000000,1774280776524000000,0
workspaceModel.cachedValue.from.cache.count,1774280760051000000,1774280776524000000,224
workspaceModel.workspaceFileIndexData.markDirty.ms,1774280760051000000,1774280776524000000,0
workspaceModel.cachedValue.total.get.count,1774280760051000000,1774280776524000000,224
workspaceModel.replace.project.model.ms,1774280760051000000,1774280776524000000,0
workspaceModel.updates.ms,1774280760051000000,1774280776524000000,0
workspaceModel.cachedValueWithParameters.calculated.count,1774280760051000000,1774280776524000000,0
workspaceModel.on.before.changed.ms,1774280760051000000,1774280776524000000,0
workspaceModel.update.unloaded.entities.ms,1774280760051000000,1774280776524000000,0
workspaceModel.workspaceFileIndexData.getDirectoriesByPackageName.ms,1774280760051000000,1774280776524000000,0
workspaceModel.loading.total.ms,1774280760051000000,1774280776524000000,0
workspaceModel.updates.precise.ms,1774280760051000000,1774280776524000000,0
workspaceModel.updates.count,1774280760051000000,1774280776524000000,0
workspaceModel.cachedValueWithParameters.total.get.count,1774280760051000000,1774280776524000000,0
workspaceModel.check.recursive.update.ms,1774280760051000000,1774280776524000000,0
workspaceModel.workspaceFileIndexData.onEntitiesChanged.ms,1774280760051000000,1774280776524000000,0
workspaceModel.cachedValueWithParameters.clear.count,1774280760051000000,1774280776524000000,0
workspaceModel.entityStorageSnapshotImpl.instances.count,1774280760051000000,1774280776524000000,0
compiler.ArtifactVirtualFileListener.filePathChanged.ms,1774280760051000000,1774280776524000000,0
compiler.ArtifactManagerBridge.initBridges.ms,1774280760051000000,1774280776524000000,0
compiler.ArtifactManagerBridge.getArtifactsByType.ms,1774280760051000000,1774280776524000000,0
compiler.ArtifactManagerBridge.addArtifact.ms,1774280760051000000,1774280776524000000,0
compiler.ArtifactManagerBridge.findArtifact.ms,1774280760051000000,1774280776524000000,0
compiler.ArtifactVirtualFileListener.propertyChanged.ms,1774280760051000000,1774280776524000000,0
compiler.ArtifactManagerBridge.getArtifacts.ms,1774280760051000000,1774280776524000000,0
compiler.ArtifactManagerBridge.dropMappings.ms,1774280760051000000,1774280776524000000,0
compiler.ArtifactManagerBridge.commit.ms,1774280760051000000,1774280776524000000,0
writeAction.count,1774280760051000000,1774280776524000000,0
DiskQueryRelay.tasksExecuted,1774280760051000000,1774280776524000000,0
writeAction.max.wait.ms,1774280760051000000,1774280776524000000,681
DiskQueryRelay.taskExecutionTotalTimeUs,1774280760051000000,1774280776524000000,0
writeAction.median.wait.ms,1774280760051000000,1774280776524000000,200
writeAction.wait.ms,1774280760051000000,1774280776524000000,0
DiskQueryRelay.tasksRequested,1774280760051000000,1774280776524000000,0
DiskQueryRelay.taskWaitingTotalTimeUs,1774280760051000000,1774280776524000000,0
VFS.invertedFileNameIndex.requests,1774280760051000000,1774280776524000000,0
VFS.fileByIdCache.misses,1774280760051000000,1774280776524000000,0
VFS.fileChildByName,1774280760051000000,1774280776524000000,1162
VFS.fileByIdCache.hits,1774280760051000000,1774280776524000000,0
workspaceModel.moduleBridge.update.option.ms,1774280760051000000,1774280776524000000,0
workspaceModel.delayed.project.synchronizer.sync.ms,1774280760051000000,1774280776524000000,0
jps.apply.loaded.storage.ms,1774280760051000000,1774280776524000000,0
jps.load.project.to.empty.storage.ms,1774280760051000000,1774280776524000000,0
workspaceModel.moduleManagerBridge.load.all.modules.ms,1774280760051000000,1774280776524000000,0
workspaceModel.mutableEntityStorage.apply.changes.from.ms,1774280760051000000,1774280776524000000,0
workspaceModel.orphan.listener.update.ms,1774280760051000000,1774280776524000000,0
jps.global.handle.changed.events.ms,1774280760051000000,1774280776524000000,0
jps.save.changed.project.entities.ms,1774280760051000000,1774280776524000000,0
workspaceModel.global.apply.state.to.project.ms,1774280760051000000,1774280776524000000,0
workspaceModel.moduleManagerBridge.set.unloadedModules.ms,1774280760051000000,1774280776524000000,0
workspaceModel.global.updates.ms,1774280760051000000,1774280776524000000,0
workspaceModel.mutableEntityStorage.instances.count,1774280760051000000,1774280776524000000,0
jps.storage.jps.conf.reader.load.component.ms,1774280760051000000,1774280776524000000,0
jps.artifact.entities.serializer.save.entities.ms,1774280760051000000,1774280776524000000,0
workspaceModel.mutableEntityStorage.remove.entity.ms,1774280760051000000,1774280776524000000,0
jps.module.iml.entities.serializer.save.entities.ms,1774280760051000000,1774280776524000000,0
workspaceModel.mutableEntityStorage.entities.by.source.ms,1774280760051000000,1774280776524000000,0
jps.save.global.entities.ms,1774280760051000000,1774280776524000000,0
workspaceModel.moduleManagerBridge.build.module.graph.ms,1774280760051000000,1774280776524000000,0
workspaceModel.moduleBridge.facet.initialization.ms,1774280760051000000,1774280776524000000,0
workspaceModel.sync.entities.ms,1774280760051000000,1774280776524000000,0
workspaceModel.mutableEntityStorage.modify.entity.ms,1774280760051000000,1774280776524000000,0
jps.global.get.libraries.ms,1774280760051000000,1774280776524000000,0
workspaceModel.mutableEntityStorage.changeLog.addReplaceEventForRemovedChild.ms,1774280760051000000,1774280776524000000,0
jps.global.get.library.ms,1774280760051000000,1774280776524000000,0
jps.facet.change.listener.process.change.events.ms,1774280760051000000,1774280776524000000,0
workspaceModel.mutableEntityStorage.mutable.ext.mapping.ms,1774280760051000000,1774280776524000000,0
workspaceModel.mutableEntityStorage.add.entity.ms,1774280760051000000,1774280776524000000,0
jps.module.dependency.index.workspace.model.listener.on.changed.ms,1774280760051000000,1774280776524000000,0
jps.facet.change.listener.before.change.events.ms,1774280760051000000,1774280776524000000,0
workspaceModel.moduleManagerBridge.newModule.ms,1774280760051000000,1774280776524000000,0
jps.global.handle.before.change.events.ms,1774280760051000000,1774280776524000000,0
workspaceModel.mutableEntityStorage.collect.changes.ms,1774280760051000000,1774280776524000000,0
workspaceModel.moduleManagerBridge.create.module.instance.ms,1774280760051000000,1774280776524000000,0
workspaceModel.moduleBridge.before.changed.ms,1774280760051000000,1774280776524000000,0
workspaceModel.global.apply.state.to.project.builder.ms,1774280760051000000,1774280776524000000,0
workspaceModel.mutableEntityStorage.has.same.entities.ms,1774280760051000000,1774280776524000000,0
jps.library.entities.serializer.load.entities.ms,1774280760051000000,1774280776524000000,0
workspaceModel.mutableEntityStorage.replace.by.source.ms,1774280760051000000,1774280776524000000,0
jps.artifact.entities.serializer.load.entities.ms,1774280760051000000,1774280776524000000,0
workspaceModel.mutableEntityStorage.put.entity.ms,1774280760051000000,1774280776524000000,0
jps.module.iml.entities.serializer.load.entities.ms,1774280760051000000,1774280776524000000,0
workspaceModel.mutableEntityStorage.changeLog.addReplaceEventForNewParent.ms,1774280760051000000,1774280776524000000,0
workspaceModel.do.save.caches.ms,1774280760051000000,1774280776524000000,0
workspaceModel.mutableEntityStorage.resolve.ms,1774280760051000000,1774280776524000000,0
jps.app.storage.content.writer.save.component.ms,1774280760051000000,1774280776524000000,0
jps.reload.project.entities.ms,1774280760051000000,1774280776524000000,0
jps.facet.change.listener.init.bridge.ms,1774280760051000000,1774280776524000000,0
workspaceModel.mutableEntityStorage.changeLog.addReplaceEventForNewChild.ms,1774280760051000000,1774280776524000000,0
workspaceModel.load.cache.from.file.ms,1774280760051000000,1774280776524000000,0
jps.app.storage.content.reader.load.component.ms,1774280760051000000,1774280776524000000,0
workspaceModel.moduleBridgeLoader.loading.modules.ms,1774280760051000000,1774280776524000000,0
workspaceModel.mutableEntityStorage.to.snapshot.ms,1774280760051000000,1774280776524000000,0
jps.global.initialize.library.bridges.ms,1774280760051000000,1774280776524000000,0
workspaceModel.load.cache.metadata.from.file.ms,1774280760051000000,1774280776524000000,0
jps.project.serializers.load.ms,1774280760051000000,1774280776524000000,0
workspaceModel.moduleManagerBridge.get.modules.ms,1774280760051000000,1774280776524000000,0
workspaceModel.mutableEntityStorage.referrers.ms,1774280760051000000,1774280776524000000,0
workspaceModel.mutableEntityStorage.entities.ms,1774280760051000000,1774280776524000000,0
jps.load.initial.state.ms,1774280760051000000,1774280776524000000,0
workspaceModel.save.cache.to.file.ms,1774280760051000000,1774280776524000000,0
jps.library.entities.serializer.save.entities.ms,1774280760051000000,1774280776524000000,0
jps.global.initialize.library.bridges.after.loading.ms,1774280760051000000,1774280776524000000,0
workspaceModel.mutableEntityStorage.changeLog.addReplaceEventForRemovedParent.ms,1774280760051000000,1774280776524000000,0
workspaceModel.moduleManagerBridge.new.nonPersistent.module.ms,1774280760051000000,1774280776524000000,0
workspaceModel.global.updates.count,1774280760051000000,1774280776524000000,0
jps.project.serializers.save.ms,1774280760051000000,1774280776524000000,0
jps.global.get.library.by.name.ms,1774280760051000000,1774280776524000000,0
workspaceModel.moduleManagerBridge.load.module.ms,1774280760051000000,1774280776524000000,0
workspaceModel.mutableEntityStorage.mutable.vfurl.index.ms,1774280760051000000,1774280776524000000,0
FilePageCacheLockFree.totalPagesReclaimed,1774280760051000000,1774280776524000000,0
MappedFileStorage.totalTimeSpentOnMappingUs,1774280760051000000,1774280776524000000,13679
FileChannelInterruptsRetryer.totalRetriedAttempts,1774280760051000000,1774280776524000000,0
DirectByteBufferAllocator.totalSizeOfBuffersAllocatedInBytes,1774280760051000000,1774280776524000000,48259072
StorageLockContext.competingThreads.max,1774280760051000000,1774280776524000000,0
FilePageCacheLockFree.housekeeperTurnsDone,1774280760051000000,1774280776524000000,0
FilePageCache.capacityInBytes,1774280760051000000,1774280776524000000,503316478
FilePageCache.maxRegisteredFiles,1774280760051000000,1774280776524000000,550
FilePageCacheLockFree.nativeBytesInUse,1774280760051000000,1774280776524000000,0
DirectByteBufferAllocator.totalSizeOfBuffersCachedInBytes,1774280760051000000,1774280776524000000,41967616
FilePageCacheLockFree.totalHeapBytesReclaimed,1774280760051000000,1774280776524000000,0
FilePageCacheLockFree.totalHeapBytesAllocated,1774280760051000000,1774280776524000000,0
StorageLockContext.competingThreads.avg,1774280760051000000,1774280776524000000,0.0
FilePageCacheLockFree.housekeeperTimeSpentMs,1774280760051000000,1774280776524000000,0
FilePageCacheLockFree.totalNativeBytesReclaimed,1774280760051000000,1774280776524000000,0
FilePageCache.maxCacheSizeInBytes,1774280760051000000,1774280776524000000,398483456
StorageLockContext.competingThreads.90P,1774280760051000000,1774280776524000000,0
DirectByteBufferAllocator.disposed,1774280760051000000,1774280776524000000,334
FilePageCache.disposedBuffers,1774280760051000000,1774280776524000000,377
DirectByteBufferAllocator.reclaimed,1774280760051000000,1774280776524000000,43
FilePageCacheLockFree.totalClosedStoragesReclaimed,1774280760051000000,1774280776524000000,0
MappedFileStorage.totalBytesMapped,1774280760051000000,1774280776524000000,0
FilePageCache.totalPageLoadsUs,1774280760051000000,1774280776524000000,0
FilePageCacheLockFree.totalBytesRequested,1774280760051000000,1774280776524000000,0
MappedFileStorage.totalPagesMapped,1774280760051000000,1774280776524000000,0
DirectByteBufferAllocator.misses,1774280760051000000,1774280776524000000,0
FilePageCacheLockFree.totalPageAllocationsWaited,1774280760051000000,1774280776524000000,0
FilePageCacheLockFree.totalPagesHandedOver,1774280760051000000,1774280776524000000,0
FilePageCacheLockFree.totalPagesAllocated,1774280760051000000,1774280776524000000,0
FilePageCache.pageFastCacheHits,1774280760051000000,1774280776524000000,0
FilePageCacheLockFree.totalPagesWriteMs,1774280760051000000,1774280776524000000,0
FilePageCacheLockFree.totalPagesRequested,1774280760051000000,1774280776524000000,0
FilePageCache.pageLoads,1774280760051000000,1774280776524000000,0
FilePageCache.pageHits,1774280760051000000,1774280776524000000,0
FilePageCacheLockFree.heapBytesInUse,1774280760051000000,1774280776524000000,0
FilePageCacheLockFree.totalPagesReadMs,1774280760051000000,1774280776524000000,0
DirectByteBufferAllocator.hits,1774280760051000000,1774280776524000000,0
FilePageCacheLockFree.totalPagesWritten,1774280760051000000,1774280776524000000,0
FilePageCacheLockFree.totalNativeBytesAllocated,1774280760051000000,1774280776524000000,0
MappedFileStorage.storages,1774280760051000000,1774280776524000000,0
FilePageCacheLockFree.totalBytesRead,1774280760051000000,1774280776524000000,0
FilePageCache.pageLoadsAboveSizeThreshold,1774280760051000000,1774280776524000000,0
FilePageCache.uncachedFileAccess,1774280760051000000,1774280776524000000,0
FilePageCache.totalPageDisposalsUs,1774280760051000000,1774280776524000000,0
FilePageCacheLockFree.totalPagesRequestsMs,1774280760051000000,1774280776524000000,0
FilePageCacheLockFree.totalBytesWritten,1774280760051000000,1774280776524000000,0
FilePageCacheLockFree.housekeeperTurnsSkipped,1774280760051000000,1774280776524000000,0
Indexes.entries.lookupDurationMaxMs,1774280760051000000,1774280776524000000,0.0
Indexes.allKeys.lookupDurationAvgMs,1774280760051000000,1774280776524000000,0.0
Indexing.writesQueuedMin,1774280760051000000,1774280776524000000,9223372036854775807
Indexing.cache.totalCacheAccesses,1774280760051000000,1774280776524000000,0
Indexes.allKeys.lookups,1774280760051000000,1774280776524000000,0
Indexes.entries.lookups,1774280760051000000,1774280776524000000,0
Indexes.entries.lookupDurationAvgMs,1774280760051000000,1774280776524000000,0.0
Indexing.writer_0.totalTimeSpentWritingMs,1774280760051000000,1774280776524000000,0
Indexes.stubs.lookupDurationAvgMs,1774280760051000000,1774280776524000000,0.0
Indexing.writer_2.totalTimeSpentWritingMs,1774280760051000000,1774280776524000000,0
Indexes.allKeys.lookupDuration90PMs,1774280760051000000,1774280776524000000,0.0
Indexes.entries.lookupDuration90PMs,1774280760051000000,1774280776524000000,0.0
Indexes.stubs.lookupDurationMaxMs,1774280760051000000,1774280776524000000,0.0
Indexing.writesQueuedMax,1774280760051000000,1774280776524000000,0
Indexing.writer_1.totalTimeSpentWritingMs,1774280760051000000,1774280776524000000,0
Indexing.writer_3.totalTimeSpentWritingMs,1774280760051000000,1774280776524000000,0
Indexing.cache.totalCacheEvicted,1774280760051000000,1774280776524000000,0
Indexes.allKeys.lookupDurationMaxMs,1774280760051000000,1774280776524000000,0.0
Indexes.stubs.lookups,1774280760051000000,1774280776524000000,0
Indexes.stubs.lookupDuration90PMs,1774280760051000000,1774280776524000000,0.0
Indexing.totalTimeIndexersSleptMs,1774280760051000000,1774280776524000000,0
Indexing.cache.totalCacheMisses,1774280760051000000,1774280776524000000,0
JVM.usedNativeBytes,1774280760051000000,1774280776524000000,541443336
JVM.maxHeapBytes,1774280760051000000,1774280776524000000,2147483648
JVM.totalTimeAtSafepointsMs,1774280760051000000,1774280776524000000,70
JVM.GC.collections,1774280760051000000,1774280776524000000,2
JVM.usedHeapBytes,1774280760051000000,1774280776524000000,529530880
JVM.threadCount,1774280760051000000,1774280776524000000,53
OS.loadAverage,1774280760051000000,1774280776524000000,30.8447265625
JVM.totalDirectByteBuffersBytes,1774280760051000000,1774280776524000000,49753097
JVM.maxThreadCount,1774280760051000000,1774280776524000000,127
JVM.newThreadsCount,1774280760051000000,1774280776524000000,9
JVM.totalBytesAllocated,1774280760051000000,1774280776524000000,218467296
JVM.totalCpuTimeMs,1774280760051000000,1774280776524000000,1851
JVM.totalTimeToSafepointsMs,1774280760051000000,1774280776524000000,0
JVM.totalSafepointCount,1774280760051000000,1774280776524000000,6
JVM.GC.collectionTimesMs,1774280760051000000,1774280776524000000,69
AWTEventQueue.dispatchTimeMaxNs,1774280760051000000,1774280776524000000,127487
FlushQueue.executionTimeAvgNs,1774280760051000000,1774280776524000000,14624.0
AWTEventQueue.dispatchTimeTotalNS,1774280760051000000,1774280776524000000,12809207
FlushQueue.executionTimeMaxNs,1774280760051000000,1774280776524000000,14655
NonBlockingReadAction.failedExecutionTimeUs,1774280760051000000,1774280776524000000,0
FlushQueue.waitingTime90PNs,1774280760051000000,1774280776524000000,190463
FlushQueue.queueSize90P,1774280760051000000,1774280776524000000,0
FlushQueue.tasksExecuted,1774280760051000000,1774280776524000000,1
NonBlockingReadAction.finalizedExecutionsCount,1774280760051000000,1774280776524000000,8
AWTEventQueue.dispatchTimeAvgNs,1774280760051000000,1774280776524000000,127232.0
AWTEventQueue.eventsDispatched,1774280760051000000,1774280776524000000,1
FlushQueue.queueSizeAvg,1774280760051000000,1774280776524000000,0.0
AWTEventQueue.dispatchTime90PNs,1774280760051000000,1774280776524000000,127487
WriteAction.executionsCount,1774280760051000000,1774280776524000000,0
NonBlockingReadAction.finalizedExecutionTimeUs,1774280760051000000,1774280776524000000,32451
FlushQueue.waitingTimeAvgNs,1774280760051000000,1774280776524000000,189952.0
ReadAction.executionsCount,1774280760051000000,1774280776524000000,628745
NonBlockingReadAction.failedExecutionsCount,1774280760051000000,1774280776524000000,0
FlushQueue.queueSizeMax,1774280760051000000,1774280776524000000,0
FlushQueue.executionTime90PNs,1774280760051000000,1774280776524000000,14655
FlushQueue.waitingTimeMaxNs,1774280760051000000,1774280776524000000,190463
