# OpenTelemetry Metrics report: .csv, 4 fields: 
# <metric name>, <period start, nanoseconds>, <period end, nanoseconds>, <metric value>
# See CsvMetricsExporter for details.
# 
# NAME, PERIOD_START_NANOS, PERIOD_END_NANOS, VALUE
cacheStateStorage.set.counter,1774321703674000000,1774321763794000000,6
cacheStateStorage.get.duration,1774321703674000000,1774321763794000000,406
cacheStateStorage.get.counter,1774321703674000000,1774321763794000000,83
cacheStateStorage.set.duration,1774321703674000000,1774321763794000000,6
workspaceModel.mutableEntityStorage.mutable.ext.mapping.ms,1774321703674000000,1774321763794000000,3
workspaceModel.mutableEntityStorage.referrers.ms,1774321703674000000,1774321763794000000,0
jps.module.dependency.index.workspace.model.listener.on.changed.ms,1774321703674000000,1774321763794000000,0
jps.module.iml.entities.serializer.load.entities.ms,1774321703674000000,1774321763794000000,129
workspaceModel.mutableEntityStorage.remove.entity.ms,1774321703674000000,1774321763794000000,0
workspaceModel.mutableEntityStorage.changeLog.addReplaceEventForNewChild.ms,1774321703674000000,1774321763794000000,2
workspaceModel.mutableEntityStorage.collect.changes.ms,1774321703674000000,1774321763794000000,0
jps.apply.loaded.storage.ms,1774321703674000000,1774321763794000000,335
workspaceModel.moduleManagerBridge.load.all.modules.ms,1774321703674000000,1774321763794000000,172
workspaceModel.load.cache.metadata.from.file.ms,1774321703674000000,1774321763794000000,34
jps.module.iml.entities.serializer.save.entities.ms,1774321703674000000,1774321763794000000,0
jps.facet.change.listener.before.change.events.ms,1774321703674000000,1774321763794000000,0
workspaceModel.mutableEntityStorage.add.entity.ms,1774321703674000000,1774321763794000000,57
jps.facet.change.listener.process.change.events.ms,1774321703674000000,1774321763794000000,10
workspaceModel.mutableEntityStorage.to.snapshot.ms,1774321703674000000,1774321763794000000,3
workspaceModel.moduleBridgeLoader.loading.modules.ms,1774321703674000000,1774321763794000000,2102
workspaceModel.moduleManagerBridge.load.module.ms,1774321703674000000,1774321763794000000,0
jps.reload.project.entities.ms,1774321703674000000,1774321763794000000,0
jps.storage.jps.conf.reader.load.component.ms,1774321703674000000,1774321763794000000,25
workspaceModel.mutableEntityStorage.modify.entity.ms,1774321703674000000,1774321763794000000,4
workspaceModel.mutableEntityStorage.changeLog.addReplaceEventForRemovedParent.ms,1774321703674000000,1774321763794000000,0
jps.project.serializers.load.ms,1774321703674000000,1774321763794000000,80
jps.load.project.to.empty.storage.ms,1774321703674000000,1774321763794000000,129
workspaceModel.moduleManagerBridge.create.module.instance.ms,1774321703674000000,1774321763794000000,0
workspaceModel.save.cache.to.file.ms,1774321703674000000,1774321763794000000,282
workspaceModel.mutableEntityStorage.changeLog.addReplaceEventForNewParent.ms,1774321703674000000,1774321763794000000,1
jps.global.get.libraries.ms,1774321703674000000,1774321763794000000,0
workspaceModel.global.apply.state.to.project.builder.ms,1774321703674000000,1774321763794000000,11
workspaceModel.moduleBridge.update.option.ms,1774321703674000000,1774321763794000000,0
workspaceModel.mutableEntityStorage.instances.count,1774321703674000000,1774321763794000000,96
workspaceModel.mutableEntityStorage.entities.by.source.ms,1774321703674000000,1774321763794000000,4
workspaceModel.delayed.project.synchronizer.sync.ms,1774321703674000000,1774321763794000000,471
workspaceModel.orphan.listener.update.ms,1774321703674000000,1774321763794000000,4
workspaceModel.mutableEntityStorage.apply.changes.from.ms,1774321703674000000,1774321763794000000,18
workspaceModel.moduleManagerBridge.new.nonPersistent.module.ms,1774321703674000000,1774321763794000000,0
workspaceModel.do.save.caches.ms,1774321703674000000,1774321763794000000,268
jps.project.serializers.save.ms,1774321703674000000,1774321763794000000,0
jps.artifact.entities.serializer.load.entities.ms,1774321703674000000,1774321763794000000,9
workspaceModel.global.updates.count,1774321703674000000,1774321763794000000,1
jps.global.get.library.by.name.ms,1774321703674000000,1774321763794000000,0
jps.global.get.library.ms,1774321703674000000,1774321763794000000,0
workspaceModel.mutableEntityStorage.put.entity.ms,1774321703674000000,1774321763794000000,14
workspaceModel.moduleBridge.before.changed.ms,1774321703674000000,1774321763794000000,0
jps.global.handle.changed.events.ms,1774321703674000000,1774321763794000000,0
jps.load.initial.state.ms,1774321703674000000,1774321763794000000,7
workspaceModel.mutableEntityStorage.entities.ms,1774321703674000000,1774321763794000000,0
jps.app.storage.content.reader.load.component.ms,1774321703674000000,1774321763794000000,6
jps.facet.change.listener.init.bridge.ms,1774321703674000000,1774321763794000000,2
workspaceModel.moduleManagerBridge.build.module.graph.ms,1774321703674000000,1774321763794000000,4
jps.global.initialize.library.bridges.ms,1774321703674000000,1774321763794000000,22
workspaceModel.mutableEntityStorage.replace.by.source.ms,1774321703674000000,1774321763794000000,34
workspaceModel.sync.entities.ms,1774321703674000000,1774321763794000000,0
workspaceModel.global.apply.state.to.project.ms,1774321703674000000,1774321763794000000,41
jps.global.handle.before.change.events.ms,1774321703674000000,1774321763794000000,0
workspaceModel.mutableEntityStorage.changeLog.addReplaceEventForRemovedChild.ms,1774321703674000000,1774321763794000000,0
jps.library.entities.serializer.save.entities.ms,1774321703674000000,1774321763794000000,0
workspaceModel.moduleManagerBridge.set.unloadedModules.ms,1774321703674000000,1774321763794000000,0
workspaceModel.mutableEntityStorage.mutable.vfurl.index.ms,1774321703674000000,1774321763794000000,0
jps.save.global.entities.ms,1774321703674000000,1774321763794000000,0
workspaceModel.moduleManagerBridge.newModule.ms,1774321703674000000,1774321763794000000,0
workspaceModel.load.cache.from.file.ms,1774321703674000000,1774321763794000000,358
workspaceModel.moduleBridge.facet.initialization.ms,1774321703674000000,1774321763794000000,2
workspaceModel.moduleManagerBridge.get.modules.ms,1774321703674000000,1774321763794000000,0
workspaceModel.global.updates.ms,1774321703674000000,1774321763794000000,10
workspaceModel.mutableEntityStorage.resolve.ms,1774321703674000000,1774321763794000000,6
jps.library.entities.serializer.load.entities.ms,1774321703674000000,1774321763794000000,19
jps.global.initialize.library.bridges.after.loading.ms,1774321703674000000,1774321763794000000,0
jps.artifact.entities.serializer.save.entities.ms,1774321703674000000,1774321763794000000,0
workspaceModel.mutableEntityStorage.has.same.entities.ms,1774321703674000000,1774321763794000000,0
jps.save.changed.project.entities.ms,1774321703674000000,1774321763794000000,0
AWTEventQueue.dispatchTimeMaxNs,1774321703674000000,1774321763794000000,0
FlushQueue.waitingTimeAvgNs,1774321703674000000,1774321763794000000,0.0
FlushQueue.tasksExecuted,1774321703674000000,1774321763794000000,0
WriteAction.executionsCount,1774321703674000000,1774321763794000000,59
FlushQueue.executionTimeAvgNs,1774321703674000000,1774321763794000000,0.0
NonBlockingReadAction.finalizedExecutionsCount,1774321703674000000,1774321763794000000,164
NonBlockingReadAction.failedExecutionTimeUs,1774321703674000000,1774321763794000000,15336
FlushQueue.queueSizeMax,1774321703674000000,1774321763794000000,0
FlushQueue.queueSize90P,1774321703674000000,1774321763794000000,0
FlushQueue.waitingTimeMaxNs,1774321703674000000,1774321763794000000,0
NonBlockingReadAction.failedExecutionsCount,1774321703674000000,1774321763794000000,4
AWTEventQueue.dispatchTimeAvgNs,1774321703674000000,1774321763794000000,0.0
NonBlockingReadAction.finalizedExecutionTimeUs,1774321703674000000,1774321763794000000,1115363
FlushQueue.executionTimeMaxNs,1774321703674000000,1774321763794000000,0
AWTEventQueue.dispatchTimeTotalNS,1774321703674000000,1774321763794000000,13852826632
FlushQueue.waitingTime90PNs,1774321703674000000,1774321763794000000,0
FlushQueue.executionTime90PNs,1774321703674000000,1774321763794000000,0
AWTEventQueue.dispatchTime90PNs,1774321703674000000,1774321763794000000,0
AWTEventQueue.eventsDispatched,1774321703674000000,1774321763794000000,0
ReadAction.executionsCount,1774321703674000000,1774321763794000000,628302
FlushQueue.queueSizeAvg,1774321703674000000,1774321763794000000,0.0
FilePageCache.totalPageDisposalsUs,1774321703674000000,1774321763794000000,1717
FilePageCache.pageFastCacheHits,1774321703674000000,1774321763794000000,61310
DirectByteBufferAllocator.reclaimed,1774321703674000000,1774321763794000000,3
StorageLockContext.competingThreads.90P,1774321703674000000,1774321763794000000,0
FileChannelInterruptsRetryer.totalRetriedAttempts,1774321703674000000,1774321763794000000,0
MappedFileStorage.totalPagesMapped,1774321703674000000,1774321763794000000,21
FilePageCacheLockFree.totalPageAllocationsWaited,1774321703674000000,1774321763794000000,0
FilePageCacheLockFree.totalPagesWriteMs,1774321703674000000,1774321763794000000,0
StreamlinedBlobStorage.totalLiveRecordsPayloadBytes,1774321703674000000,1774321763794000000,8211114
FilePageCacheLockFree.totalPagesReadMs,1774321703674000000,1774321763794000000,0
FilePageCache.disposedBuffers,1774321703674000000,1774321763794000000,3
MappedFileStorage.totalBytesMapped,1774321703674000000,1774321763794000000,252968960
FilePageCacheLockFree.totalHeapBytesAllocated,1774321703674000000,1774321763794000000,0
FilePageCacheLockFree.totalClosedStoragesReclaimed,1774321703674000000,1774321763794000000,0
FilePageCache.pageHits,1774321703674000000,1774321763794000000,21860
FilePageCacheLockFree.totalPagesAllocated,1774321703674000000,1774321763794000000,0
DirectByteBufferAllocator.hits,1774321703674000000,1774321763794000000,3
FilePageCacheLockFree.housekeeperTurnsDone,1774321703674000000,1774321763794000000,0
FilePageCache.uncachedFileAccess,1774321703674000000,1774321763794000000,169
StreamlinedBlobStorage.totalLiveRecordsCapacityBytes,1774321703674000000,1774321763794000000,40359104
FilePageCacheLockFree.housekeeperTurnsSkipped,1774321703674000000,1774321763794000000,0
FilePageCacheLockFree.totalNativeBytesAllocated,1774321703674000000,1774321763794000000,0
FilePageCacheLockFree.totalHeapBytesReclaimed,1774321703674000000,1774321763794000000,0
FilePageCacheLockFree.totalPagesRequestsMs,1774321703674000000,1774321763794000000,0
FilePageCacheLockFree.totalPagesRequested,1774321703674000000,1774321763794000000,0
FilePageCacheLockFree.housekeeperTimeSpentMs,1774321703674000000,1774321763794000000,0
FilePageCacheLockFree.totalBytesRead,1774321703674000000,1774321763794000000,0
MappedFileStorage.storages,1774321703674000000,1774321763794000000,16
FilePageCacheLockFree.totalPagesHandedOver,1774321703674000000,1774321763794000000,0
DirectByteBufferAllocator.totalSizeOfBuffersAllocatedInBytes,1774321703674000000,1774321763794000000,325083136
StreamlinedBlobStorage.recordsDeleted,1774321703674000000,1774321763794000000,31
StorageLockContext.competingThreads.avg,1774321703674000000,1774321763794000000,0.0
FilePageCacheLockFree.totalNativeBytesReclaimed,1774321703674000000,1774321763794000000,0
FilePageCache.pageLoads,1774321703674000000,1774321763794000000,316
FilePageCacheLockFree.totalPagesWritten,1774321703674000000,1774321763794000000,0
FilePageCacheLockFree.nativeBytesInUse,1774321703674000000,1774321763794000000,0
MappedFileStorage.totalTimeSpentOnMappingUs,1774321703674000000,1774321763794000000,19581
DirectByteBufferAllocator.totalSizeOfBuffersCachedInBytes,1774321703674000000,1774321763794000000,0
FilePageCache.capacityInBytes,1774321703674000000,1774321763794000000,503316478
FilePageCacheLockFree.totalBytesRequested,1774321703674000000,1774321763794000000,0
FilePageCacheLockFree.totalBytesWritten,1774321703674000000,1774321763794000000,0
FilePageCache.totalPageLoadsUs,1774321703674000000,1774321763794000000,416861
FilePageCacheLockFree.totalPagesReclaimed,1774321703674000000,1774321763794000000,0
FilePageCacheLockFree.heapBytesInUse,1774321703674000000,1774321763794000000,0
FilePageCache.pageLoadsAboveSizeThreshold,1774321703674000000,1774321763794000000,0
FilePageCache.maxRegisteredFiles,1774321703674000000,1774321763794000000,550
StorageLockContext.competingThreads.max,1774321703674000000,1774321763794000000,0
StreamlinedBlobStorage.recordsAllocated,1774321703674000000,1774321763794000000,549699
DirectByteBufferAllocator.misses,1774321703674000000,1774321763794000000,313
StreamlinedBlobStorage.recordsRelocated,1774321703674000000,1774321763794000000,0
FilePageCache.maxCacheSizeInBytes,1774321703674000000,1774321763794000000,325083136
DirectByteBufferAllocator.disposed,1774321703674000000,1774321763794000000,0
workspaceModel.cachedValueWithParameters.from.cache.count,1774321703674000000,1774321763794000000,0
workspaceModel.workspaceFileIndexData.instances.count,1774321703674000000,1774321763794000000,2
workspaceModel.workspaceFileIndexData.init.ms,1774321703674000000,1774321763794000000,124
workspaceModel.cachedValueWithParameters.clear.count,1774321703674000000,1774321763794000000,0
workspaceModel.entityStorageSnapshotImpl.instances.count,1774321703674000000,1774321763794000000,49
workspaceModel.on.changed.ms,1774321703674000000,1774321763794000000,33
workspaceModel.cachedValue.from.cache.count,1774321703674000000,1774321763794000000,3574
workspaceModel.pre.handlers.ms,1774321703674000000,1774321763794000000,1
workspaceModel.workspaceFileIndexData.onEntitiesChanged.ms,1774321703674000000,1774321763794000000,0
workspaceModel.workspaceFileIndexData.processFileSets.ms,1774321703674000000,1774321763794000000,0
workspaceModel.cachedValueWithParameters.total.get.count,1774321703674000000,1774321763794000000,0
workspaceModel.workspaceFileIndexData.getDirectoriesByPackageName.ms,1774321703674000000,1774321763794000000,32
workspaceModel.initializing.ms,1774321703674000000,1774321763794000000,24
workspaceModel.updates.ms,1774321703674000000,1774321763794000000,87
workspaceModel.loading.from.cache.ms,1774321703674000000,1774321763794000000,353
workspaceModel.cachedValue.total.get.count,1774321703674000000,1774321763794000000,3833
workspaceModel.cachedValue.calculated.count,1774321703674000000,1774321763794000000,259
workspaceModel.collect.changes.ms,1774321703674000000,1774321763794000000,0
workspaceModel.on.before.changed.ms,1774321703674000000,1774321763794000000,22
workspaceModel.full.replace.project.model.ms,1774321703674000000,1774321763794000000,23
workspaceModel.check.recursive.update.ms,1774321703674000000,1774321763794000000,1
workspaceModel.workspaceFileIndexData.updateDirtyEntities.ms,1774321703674000000,1774321763794000000,0
workspaceModel.updates.count,1774321703674000000,1774321763794000000,13
workspaceModel.workspaceFileIndexContributor.registerFileSets.ms,1774321703674000000,1774321763794000000,230
workspaceModel.cachedValueWithParameters.calculated.count,1774321703674000000,1774321763794000000,0
workspaceModel.update.unloaded.entities.ms,1774321703674000000,1774321763794000000,0
workspaceModel.cachedValue.clear.count,1774321703674000000,1774321763794000000,3
workspaceModel.to.snapshot.ms,1774321703674000000,1774321763794000000,1
workspaceModel.replace.project.model.ms,1774321703674000000,1774321763794000000,3
workspaceModel.init.bridges.ms,1774321703674000000,1774321763794000000,26
workspaceModel.updates.precise.ms,1774321703674000000,1774321763794000000,23
workspaceModel.workspaceFileIndexData.visitFileSets.ms,1774321703674000000,1774321763794000000,27
workspaceModel.workspaceFileIndexData.getFileInfo.ms,1774321703674000000,1774321763794000000,2926
workspaceModel.loading.total.ms,1774321703674000000,1774321763794000000,364
workspaceModel.workspaceFileIndexData.getPackageName.ms,1774321703674000000,1774321763794000000,12
workspaceModel.workspaceFileIndexData.markDirty.ms,1774321703674000000,1774321763794000000,0
compiler.ArtifactManagerBridge.getArtifactsByType.ms,1774321703674000000,1774321763794000000,3
compiler.ArtifactVirtualFileListener.propertyChanged.ms,1774321703674000000,1774321763794000000,0
compiler.ArtifactManagerBridge.getArtifacts.ms,1774321703674000000,1774321763794000000,0
compiler.ArtifactManagerBridge.findArtifact.ms,1774321703674000000,1774321763794000000,0
compiler.ArtifactManagerBridge.commit.ms,1774321703674000000,1774321763794000000,0
compiler.ArtifactVirtualFileListener.filePathChanged.ms,1774321703674000000,1774321763794000000,0
compiler.ArtifactManagerBridge.dropMappings.ms,1774321703674000000,1774321763794000000,0
compiler.ArtifactManagerBridge.initBridges.ms,1774321703674000000,1774321763794000000,0
compiler.ArtifactManagerBridge.addArtifact.ms,1774321703674000000,1774321763794000000,0
lexer.XML.size.bytes,1774321703674000000,1774321763794000000,8042
lexer.JAVA.time.ns,1774321703674000000,1774321763794000000,1642042
writeAction.wait.ms,1774321703674000000,1774321763794000000,158
DiskQueryRelay.tasksRequested,1774321703674000000,1774321763794000000,15554
parser.XML.time.ns,1774321703674000000,1774321763794000000,26721833
DiskQueryRelay.taskExecutionTotalTimeUs,1774321703674000000,1774321763794000000,1000343
parser.JAVA.time.ns,1774321703674000000,1774321763794000000,27624416
lexer.XML.time.ns,1774321703674000000,1774321763794000000,74085375
parser.XML.size.bytes,1774321703674000000,1774321763794000000,8042
writeAction.count,1774321703674000000,1774321763794000000,59
parser.JAVA.size.bytes,1774321703674000000,1774321763794000000,12662
writeAction.median.wait.ms,1774321703674000000,1774321763794000000,0
lexer.JAVA.size.bytes,1774321703674000000,1774321763794000000,12662
DiskQueryRelay.tasksExecuted,1774321703674000000,1774321763794000000,15461
DiskQueryRelay.taskWaitingTotalTimeUs,1774321703674000000,1774321763794000000,2157171
writeAction.max.wait.ms,1774321703674000000,1774321763794000000,140
JVM.newThreadsCount,1774321703674000000,1774321763794000000,164
JVM.maxThreadCount,1774321703674000000,1774321763794000000,145
JVM.totalTimeAtSafepointsMs,1774321703674000000,1774321763794000000,512
JVM.usedNativeBytes,1774321703674000000,1774321763794000000,496304792
JVM.usedHeapBytes,1774321703674000000,1774321763794000000,371469504
JVM.totalTimeToSafepointsMs,1774321703674000000,1774321763794000000,139
JVM.maxHeapBytes,1774321703674000000,1774321763794000000,2147483648
JVM.GC.collectionTimesMs,1774321703674000000,1774321763794000000,485
JVM.totalCpuTimeMs,1774321703674000000,1774321763794000000,71946
JVM.totalBytesAllocated,1774321703674000000,1774321763794000000,3659724736
JVM.totalDirectByteBuffersBytes,1774321703674000000,1774321763794000000,329136237
JVM.threadCount,1774321703674000000,1774321763794000000,141
OS.loadAverage,1774321703674000000,1774321763794000000,8.4873046875
JVM.totalSafepointCount,1774321703674000000,1774321763794000000,400
JVM.GC.collections,1774321703674000000,1774321763794000000,53
Indexing.cache.totalCacheMisses,1774321703674000000,1774321763794000000,35831
Indexing.writer_0.totalTimeSpentWritingMs,1774321703674000000,1774321763794000000,208
Indexing.cache.totalCacheEvicted,1774321703674000000,1774321763794000000,35831
Indexing.totalTimeIndexersSleptMs,1774321703674000000,1774321763794000000,0
IndexesFlusher.totalFlushingTimeUs,1774321703674000000,1774321763794000000,644127
Indexing.writer_3.totalTimeSpentWritingMs,1774321703674000000,1774321763794000000,24
Indexes.stubs.lookups,1774321703674000000,1774321763794000000,695
IndexesFlusher.totalContentionQuotaSpent,1774321703674000000,1774321763794000000,21
IndexesFlusher.totalFlushesRetried,1774321703674000000,1774321763794000000,1
Indexes.stubs.lookupDuration90PMs,1774321703674000000,1774321763794000000,0.0
Indexes.entries.lookupDurationAvgMs,1774321703674000000,1774321763794000000,0.0
Indexes.allKeys.lookups,1774321703674000000,1774321763794000000,5
Indexes.allKeys.lookupDuration90PMs,1774321703674000000,1774321763794000000,0.0
Indexes.allKeys.lookupDurationMaxMs,1774321703674000000,1774321763794000000,0.0
Indexes.allKeys.lookupDurationAvgMs,1774321703674000000,1774321763794000000,0.0
Indexing.writer_2.totalTimeSpentWritingMs,1774321703674000000,1774321763794000000,151
Indexes.stubs.lookupDurationMaxMs,1774321703674000000,1774321763794000000,0.0
Indexes.entries.lookupDurationMaxMs,1774321703674000000,1774321763794000000,0.0
Indexing.cache.totalCacheAccesses,1774321703674000000,1774321763794000000,255278
Indexing.writer_1.totalTimeSpentWritingMs,1774321703674000000,1774321763794000000,11
Indexes.stubs.lookupDurationAvgMs,1774321703674000000,1774321763794000000,0.0
Indexing.writesQueuedMax,1774321703674000000,1774321763794000000,0
Indexes.entries.lookupDuration90PMs,1774321703674000000,1774321763794000000,0.0
IndexesFlusher.totalFlushes,1774321703674000000,1774321763794000000,109
Indexing.writesQueuedMin,1774321703674000000,1774321763794000000,0
Indexing.writesQueuedAvg,1774321703674000000,1774321763794000000,0.0
Indexes.entries.lookups,1774321703674000000,1774321763794000000,473
VFS.contentStorage.recordsReadDecompressed,1774321703674000000,1774321763794000000,49
VFS.contentStorage.recordsRead,1774321703674000000,1774321763794000000,224
VFS.contentStorage.recordsStoredCompressed,1774321703674000000,1774321763794000000,0
VFS.contentStorage.recordsDecompressionTimeUs,1774321703674000000,1774321763794000000,7714
VFS.fileByIdCache.hits,1774321703674000000,1774321763794000000,5
VFS.invertedFileNameIndex.requests,1774321703674000000,1774321763794000000,6
VFS.fileChildByName,1774321703674000000,1774321763794000000,87730
FileNameCache.queries,1774321703674000000,1774321763794000000,6036672
VFS.fileByIdCache.misses,1774321703674000000,1774321763794000000,141627
FileNameCache.totalMisses,1774321703674000000,1774321763794000000,440960
VFS.contentStorage.recordsStoredSize,1774321703674000000,1774321763794000000,54796
VFS.contentStorage.recordsUncompressedSize,1774321703674000000,1774321763794000000,54796
VFS.contentStorage.recordsDeduplicated,1774321703674000000,1774321763794000000,0
VFS.contentStorage.recordsReadSize,1774321703674000000,1774321763794000000,4701086
VFS.contentStorage.recordsStored,1774321703674000000,1774321763794000000,84
cacheStateStorage.set.counter,1774321763794000000,1774321823743000000,0
cacheStateStorage.get.duration,1774321763794000000,1774321823743000000,43
cacheStateStorage.get.counter,1774321763794000000,1774321823743000000,3
cacheStateStorage.set.duration,1774321763794000000,1774321823743000000,0
workspaceModel.mutableEntityStorage.mutable.ext.mapping.ms,1774321763794000000,1774321823743000000,0
workspaceModel.mutableEntityStorage.referrers.ms,1774321763794000000,1774321823743000000,0
jps.app.storage.content.writer.save.component.ms,1774321763794000000,1774321823743000000,14
jps.module.dependency.index.workspace.model.listener.on.changed.ms,1774321763794000000,1774321823743000000,0
jps.module.iml.entities.serializer.load.entities.ms,1774321763794000000,1774321823743000000,0
workspaceModel.mutableEntityStorage.remove.entity.ms,1774321763794000000,1774321823743000000,0
workspaceModel.mutableEntityStorage.changeLog.addReplaceEventForNewChild.ms,1774321763794000000,1774321823743000000,0
workspaceModel.mutableEntityStorage.collect.changes.ms,1774321763794000000,1774321823743000000,0
jps.apply.loaded.storage.ms,1774321763794000000,1774321823743000000,0
workspaceModel.moduleManagerBridge.load.all.modules.ms,1774321763794000000,1774321823743000000,0
workspaceModel.load.cache.metadata.from.file.ms,1774321763794000000,1774321823743000000,0
jps.module.iml.entities.serializer.save.entities.ms,1774321763794000000,1774321823743000000,0
jps.facet.change.listener.before.change.events.ms,1774321763794000000,1774321823743000000,0
workspaceModel.mutableEntityStorage.add.entity.ms,1774321763794000000,1774321823743000000,0
jps.facet.change.listener.process.change.events.ms,1774321763794000000,1774321823743000000,0
workspaceModel.mutableEntityStorage.to.snapshot.ms,1774321763794000000,1774321823743000000,0
workspaceModel.moduleBridgeLoader.loading.modules.ms,1774321763794000000,1774321823743000000,0
workspaceModel.moduleManagerBridge.load.module.ms,1774321763794000000,1774321823743000000,0
jps.reload.project.entities.ms,1774321763794000000,1774321823743000000,0
jps.storage.jps.conf.reader.load.component.ms,1774321763794000000,1774321823743000000,0
workspaceModel.mutableEntityStorage.modify.entity.ms,1774321763794000000,1774321823743000000,0
workspaceModel.mutableEntityStorage.changeLog.addReplaceEventForRemovedParent.ms,1774321763794000000,1774321823743000000,0
jps.project.serializers.load.ms,1774321763794000000,1774321823743000000,0
jps.load.project.to.empty.storage.ms,1774321763794000000,1774321823743000000,0
workspaceModel.moduleManagerBridge.create.module.instance.ms,1774321763794000000,1774321823743000000,0
workspaceModel.save.cache.to.file.ms,1774321763794000000,1774321823743000000,0
workspaceModel.mutableEntityStorage.changeLog.addReplaceEventForNewParent.ms,1774321763794000000,1774321823743000000,0
jps.global.get.libraries.ms,1774321763794000000,1774321823743000000,0
workspaceModel.global.apply.state.to.project.builder.ms,1774321763794000000,1774321823743000000,0
workspaceModel.moduleBridge.update.option.ms,1774321763794000000,1774321823743000000,0
workspaceModel.mutableEntityStorage.instances.count,1774321763794000000,1774321823743000000,0
workspaceModel.mutableEntityStorage.entities.by.source.ms,1774321763794000000,1774321823743000000,0
workspaceModel.delayed.project.synchronizer.sync.ms,1774321763794000000,1774321823743000000,0
workspaceModel.orphan.listener.update.ms,1774321763794000000,1774321823743000000,0
workspaceModel.mutableEntityStorage.apply.changes.from.ms,1774321763794000000,1774321823743000000,0
workspaceModel.moduleManagerBridge.new.nonPersistent.module.ms,1774321763794000000,1774321823743000000,0
workspaceModel.do.save.caches.ms,1774321763794000000,1774321823743000000,0
jps.project.serializers.save.ms,1774321763794000000,1774321823743000000,13
jps.artifact.entities.serializer.load.entities.ms,1774321763794000000,1774321823743000000,0
workspaceModel.global.updates.count,1774321763794000000,1774321823743000000,0
jps.global.get.library.by.name.ms,1774321763794000000,1774321823743000000,0
jps.global.get.library.ms,1774321763794000000,1774321823743000000,0
workspaceModel.mutableEntityStorage.put.entity.ms,1774321763794000000,1774321823743000000,0
workspaceModel.moduleBridge.before.changed.ms,1774321763794000000,1774321823743000000,0
jps.global.handle.changed.events.ms,1774321763794000000,1774321823743000000,0
jps.load.initial.state.ms,1774321763794000000,1774321823743000000,0
workspaceModel.mutableEntityStorage.entities.ms,1774321763794000000,1774321823743000000,0
jps.app.storage.content.reader.load.component.ms,1774321763794000000,1774321823743000000,0
jps.facet.change.listener.init.bridge.ms,1774321763794000000,1774321823743000000,0
workspaceModel.moduleManagerBridge.build.module.graph.ms,1774321763794000000,1774321823743000000,0
jps.global.initialize.library.bridges.ms,1774321763794000000,1774321823743000000,0
workspaceModel.mutableEntityStorage.replace.by.source.ms,1774321763794000000,1774321823743000000,0
workspaceModel.sync.entities.ms,1774321763794000000,1774321823743000000,0
workspaceModel.global.apply.state.to.project.ms,1774321763794000000,1774321823743000000,0
jps.global.handle.before.change.events.ms,1774321763794000000,1774321823743000000,0
workspaceModel.mutableEntityStorage.changeLog.addReplaceEventForRemovedChild.ms,1774321763794000000,1774321823743000000,0
jps.library.entities.serializer.save.entities.ms,1774321763794000000,1774321823743000000,0
workspaceModel.moduleManagerBridge.set.unloadedModules.ms,1774321763794000000,1774321823743000000,0
workspaceModel.mutableEntityStorage.mutable.vfurl.index.ms,1774321763794000000,1774321823743000000,0
jps.save.global.entities.ms,1774321763794000000,1774321823743000000,32
workspaceModel.moduleManagerBridge.newModule.ms,1774321763794000000,1774321823743000000,0
workspaceModel.load.cache.from.file.ms,1774321763794000000,1774321823743000000,0
workspaceModel.moduleBridge.facet.initialization.ms,1774321763794000000,1774321823743000000,0
workspaceModel.moduleManagerBridge.get.modules.ms,1774321763794000000,1774321823743000000,0
workspaceModel.global.updates.ms,1774321763794000000,1774321823743000000,0
workspaceModel.mutableEntityStorage.resolve.ms,1774321763794000000,1774321823743000000,0
jps.library.entities.serializer.load.entities.ms,1774321763794000000,1774321823743000000,0
jps.global.initialize.library.bridges.after.loading.ms,1774321763794000000,1774321823743000000,0
jps.artifact.entities.serializer.save.entities.ms,1774321763794000000,1774321823743000000,0
workspaceModel.mutableEntityStorage.has.same.entities.ms,1774321763794000000,1774321823743000000,0
jps.save.changed.project.entities.ms,1774321763794000000,1774321823743000000,13
AWTEventQueue.dispatchTimeMaxNs,1774321763794000000,1774321823743000000,0
FlushQueue.waitingTimeAvgNs,1774321763794000000,1774321823743000000,0.0
FlushQueue.tasksExecuted,1774321763794000000,1774321823743000000,0
WriteAction.executionsCount,1774321763794000000,1774321823743000000,10
FlushQueue.executionTimeAvgNs,1774321763794000000,1774321823743000000,0.0
NonBlockingReadAction.finalizedExecutionsCount,1774321763794000000,1774321823743000000,49
NonBlockingReadAction.failedExecutionTimeUs,1774321763794000000,1774321823743000000,594
FlushQueue.queueSizeMax,1774321763794000000,1774321823743000000,0
FlushQueue.queueSize90P,1774321763794000000,1774321823743000000,0
FlushQueue.waitingTimeMaxNs,1774321763794000000,1774321823743000000,0
NonBlockingReadAction.failedExecutionsCount,1774321763794000000,1774321823743000000,2
AWTEventQueue.dispatchTimeAvgNs,1774321763794000000,1774321823743000000,0.0
NonBlockingReadAction.finalizedExecutionTimeUs,1774321763794000000,1774321823743000000,50739
FlushQueue.executionTimeMaxNs,1774321763794000000,1774321823743000000,0
AWTEventQueue.dispatchTimeTotalNS,1774321763794000000,1774321823743000000,3593479781
FlushQueue.waitingTime90PNs,1774321763794000000,1774321823743000000,0
FlushQueue.executionTime90PNs,1774321763794000000,1774321823743000000,0
AWTEventQueue.dispatchTime90PNs,1774321763794000000,1774321823743000000,0
AWTEventQueue.eventsDispatched,1774321763794000000,1774321823743000000,0
ReadAction.executionsCount,1774321763794000000,1774321823743000000,25999
FlushQueue.queueSizeAvg,1774321763794000000,1774321823743000000,0.0
FilePageCache.totalPageDisposalsUs,1774321763794000000,1774321823743000000,39
FilePageCache.pageFastCacheHits,1774321763794000000,1774321823743000000,2064
DirectByteBufferAllocator.reclaimed,1774321763794000000,1774321823743000000,0
StorageLockContext.competingThreads.90P,1774321763794000000,1774321823743000000,0
FileChannelInterruptsRetryer.totalRetriedAttempts,1774321763794000000,1774321823743000000,0
MappedFileStorage.totalPagesMapped,1774321763794000000,1774321823743000000,21
FilePageCacheLockFree.totalPageAllocationsWaited,1774321763794000000,1774321823743000000,0
FilePageCacheLockFree.totalPagesWriteMs,1774321763794000000,1774321823743000000,0
StreamlinedBlobStorage.totalLiveRecordsPayloadBytes,1774321763794000000,1774321823743000000,31
FilePageCacheLockFree.totalPagesReadMs,1774321763794000000,1774321823743000000,0
FilePageCache.disposedBuffers,1774321763794000000,1774321823743000000,0
MappedFileStorage.totalBytesMapped,1774321763794000000,1774321823743000000,252968960
FilePageCacheLockFree.totalHeapBytesAllocated,1774321763794000000,1774321823743000000,0
FilePageCacheLockFree.totalClosedStoragesReclaimed,1774321763794000000,1774321823743000000,0
FilePageCache.pageHits,1774321763794000000,1774321823743000000,0
FilePageCacheLockFree.totalPagesAllocated,1774321763794000000,1774321823743000000,0
DirectByteBufferAllocator.hits,1774321763794000000,1774321823743000000,0
FilePageCacheLockFree.housekeeperTurnsDone,1774321763794000000,1774321823743000000,0
FilePageCache.uncachedFileAccess,1774321763794000000,1774321823743000000,9
StreamlinedBlobStorage.totalLiveRecordsCapacityBytes,1774321763794000000,1774321823743000000,0
FilePageCacheLockFree.housekeeperTurnsSkipped,1774321763794000000,1774321823743000000,0
FilePageCacheLockFree.totalNativeBytesAllocated,1774321763794000000,1774321823743000000,0
FilePageCacheLockFree.totalHeapBytesReclaimed,1774321763794000000,1774321823743000000,0
FilePageCacheLockFree.totalPagesRequestsMs,1774321763794000000,1774321823743000000,0
FilePageCacheLockFree.totalPagesRequested,1774321763794000000,1774321823743000000,0
FilePageCacheLockFree.housekeeperTimeSpentMs,1774321763794000000,1774321823743000000,0
FilePageCacheLockFree.totalBytesRead,1774321763794000000,1774321823743000000,0
MappedFileStorage.storages,1774321763794000000,1774321823743000000,16
FilePageCacheLockFree.totalPagesHandedOver,1774321763794000000,1774321823743000000,0
DirectByteBufferAllocator.totalSizeOfBuffersAllocatedInBytes,1774321763794000000,1774321823743000000,327188480
StreamlinedBlobStorage.recordsDeleted,1774321763794000000,1774321823743000000,0
StorageLockContext.competingThreads.avg,1774321763794000000,1774321823743000000,0.0
FilePageCacheLockFree.totalNativeBytesReclaimed,1774321763794000000,1774321823743000000,0
FilePageCache.pageLoads,1774321763794000000,1774321823743000000,3
FilePageCacheLockFree.totalPagesWritten,1774321763794000000,1774321823743000000,0
FilePageCacheLockFree.nativeBytesInUse,1774321763794000000,1774321823743000000,0
MappedFileStorage.totalTimeSpentOnMappingUs,1774321763794000000,1774321823743000000,19581
DirectByteBufferAllocator.totalSizeOfBuffersCachedInBytes,1774321763794000000,1774321823743000000,0
FilePageCache.capacityInBytes,1774321763794000000,1774321823743000000,503316478
FilePageCacheLockFree.totalBytesRequested,1774321763794000000,1774321823743000000,0
FilePageCacheLockFree.totalBytesWritten,1774321763794000000,1774321823743000000,0
FilePageCache.totalPageLoadsUs,1774321763794000000,1774321823743000000,1733
FilePageCacheLockFree.totalPagesReclaimed,1774321763794000000,1774321823743000000,0
FilePageCacheLockFree.heapBytesInUse,1774321763794000000,1774321823743000000,0
FilePageCache.pageLoadsAboveSizeThreshold,1774321763794000000,1774321823743000000,0
FilePageCache.maxRegisteredFiles,1774321763794000000,1774321823743000000,550
StorageLockContext.competingThreads.max,1774321763794000000,1774321823743000000,0
StreamlinedBlobStorage.recordsAllocated,1774321763794000000,1774321823743000000,0
DirectByteBufferAllocator.misses,1774321763794000000,1774321823743000000,3
StreamlinedBlobStorage.recordsRelocated,1774321763794000000,1774321823743000000,0
FilePageCache.maxCacheSizeInBytes,1774321763794000000,1774321823743000000,327188480
DirectByteBufferAllocator.disposed,1774321763794000000,1774321823743000000,0
workspaceModel.cachedValueWithParameters.from.cache.count,1774321763794000000,1774321823743000000,0
workspaceModel.workspaceFileIndexData.instances.count,1774321763794000000,1774321823743000000,0
workspaceModel.workspaceFileIndexData.init.ms,1774321763794000000,1774321823743000000,0
workspaceModel.cachedValueWithParameters.clear.count,1774321763794000000,1774321823743000000,0
workspaceModel.entityStorageSnapshotImpl.instances.count,1774321763794000000,1774321823743000000,0
workspaceModel.on.changed.ms,1774321763794000000,1774321823743000000,0
workspaceModel.cachedValue.from.cache.count,1774321763794000000,1774321823743000000,104
workspaceModel.pre.handlers.ms,1774321763794000000,1774321823743000000,0
workspaceModel.workspaceFileIndexData.onEntitiesChanged.ms,1774321763794000000,1774321823743000000,0
workspaceModel.workspaceFileIndexData.processFileSets.ms,1774321763794000000,1774321823743000000,0
workspaceModel.cachedValueWithParameters.total.get.count,1774321763794000000,1774321823743000000,0
workspaceModel.workspaceFileIndexData.getDirectoriesByPackageName.ms,1774321763794000000,1774321823743000000,25
workspaceModel.initializing.ms,1774321763794000000,1774321823743000000,0
workspaceModel.updates.ms,1774321763794000000,1774321823743000000,0
workspaceModel.loading.from.cache.ms,1774321763794000000,1774321823743000000,0
workspaceModel.cachedValue.total.get.count,1774321763794000000,1774321823743000000,104
workspaceModel.cachedValue.calculated.count,1774321763794000000,1774321823743000000,0
workspaceModel.collect.changes.ms,1774321763794000000,1774321823743000000,0
workspaceModel.on.before.changed.ms,1774321763794000000,1774321823743000000,0
workspaceModel.full.replace.project.model.ms,1774321763794000000,1774321823743000000,0
workspaceModel.check.recursive.update.ms,1774321763794000000,1774321823743000000,0
workspaceModel.workspaceFileIndexData.updateDirtyEntities.ms,1774321763794000000,1774321823743000000,0
workspaceModel.updates.count,1774321763794000000,1774321823743000000,0
workspaceModel.workspaceFileIndexContributor.registerFileSets.ms,1774321763794000000,1774321823743000000,0
workspaceModel.cachedValueWithParameters.calculated.count,1774321763794000000,1774321823743000000,0
workspaceModel.update.unloaded.entities.ms,1774321763794000000,1774321823743000000,0
workspaceModel.cachedValue.clear.count,1774321763794000000,1774321823743000000,0
workspaceModel.to.snapshot.ms,1774321763794000000,1774321823743000000,0
workspaceModel.replace.project.model.ms,1774321763794000000,1774321823743000000,0
workspaceModel.init.bridges.ms,1774321763794000000,1774321823743000000,0
workspaceModel.updates.precise.ms,1774321763794000000,1774321823743000000,0
workspaceModel.workspaceFileIndexData.visitFileSets.ms,1774321763794000000,1774321823743000000,0
workspaceModel.workspaceFileIndexData.getFileInfo.ms,1774321763794000000,1774321823743000000,6
workspaceModel.loading.total.ms,1774321763794000000,1774321823743000000,0
workspaceModel.workspaceFileIndexData.getPackageName.ms,1774321763794000000,1774321823743000000,5
workspaceModel.workspaceFileIndexData.markDirty.ms,1774321763794000000,1774321823743000000,0
compiler.ArtifactManagerBridge.getArtifactsByType.ms,1774321763794000000,1774321823743000000,0
compiler.ArtifactVirtualFileListener.propertyChanged.ms,1774321763794000000,1774321823743000000,0
compiler.ArtifactManagerBridge.getArtifacts.ms,1774321763794000000,1774321823743000000,0
compiler.ArtifactManagerBridge.findArtifact.ms,1774321763794000000,1774321823743000000,0
compiler.ArtifactManagerBridge.commit.ms,1774321763794000000,1774321823743000000,0
compiler.ArtifactVirtualFileListener.filePathChanged.ms,1774321763794000000,1774321823743000000,0
compiler.ArtifactManagerBridge.dropMappings.ms,1774321763794000000,1774321823743000000,0
compiler.ArtifactManagerBridge.initBridges.ms,1774321763794000000,1774321823743000000,0
compiler.ArtifactManagerBridge.addArtifact.ms,1774321763794000000,1774321823743000000,0
lexer.JAVA.time.ns,1774321763794000000,1774321823743000000,314375
writeAction.wait.ms,1774321763794000000,1774321823743000000,0
DiskQueryRelay.tasksRequested,1774321763794000000,1774321823743000000,420
DiskQueryRelay.taskExecutionTotalTimeUs,1774321763794000000,1774321823743000000,55518
parser.JAVA.time.ns,1774321763794000000,1774321823743000000,431666
writeAction.count,1774321763794000000,1774321823743000000,10
parser.JAVA.size.bytes,1774321763794000000,1774321823743000000,5549
writeAction.median.wait.ms,1774321763794000000,1774321823743000000,100
lexer.JAVA.size.bytes,1774321763794000000,1774321823743000000,5549
DiskQueryRelay.tasksExecuted,1774321763794000000,1774321823743000000,420
DiskQueryRelay.taskWaitingTotalTimeUs,1774321763794000000,1774321823743000000,61307
writeAction.max.wait.ms,1774321763794000000,1774321823743000000,140
JVM.newThreadsCount,1774321763794000000,1774321823743000000,5
JVM.maxThreadCount,1774321763794000000,1774321823743000000,145
JVM.totalTimeAtSafepointsMs,1774321763794000000,1774321823743000000,113
JVM.usedNativeBytes,1774321763794000000,1774321823743000000,503544128
JVM.usedHeapBytes,1774321763794000000,1774321823743000000,610480096
JVM.totalTimeToSafepointsMs,1774321763794000000,1774321823743000000,12
JVM.maxHeapBytes,1774321763794000000,1774321823743000000,2147483648
JVM.GC.collectionTimesMs,1774321763794000000,1774321823743000000,108
JVM.totalCpuTimeMs,1774321763794000000,1774321823743000000,11446
JVM.totalBytesAllocated,1774321763794000000,1774321823743000000,343160136
JVM.totalDirectByteBuffersBytes,1774321763794000000,1774321823743000000,330174976
JVM.threadCount,1774321763794000000,1774321823743000000,100
OS.loadAverage,1774321763794000000,1774321823743000000,5.93798828125
JVM.totalSafepointCount,1774321763794000000,1774321823743000000,61
JVM.GC.collections,1774321763794000000,1774321823743000000,3
Indexing.cache.totalCacheMisses,1774321763794000000,1774321823743000000,801
Indexing.writer_0.totalTimeSpentWritingMs,1774321763794000000,1774321823743000000,0
Indexing.cache.totalCacheEvicted,1774321763794000000,1774321823743000000,801
Indexing.totalTimeIndexersSleptMs,1774321763794000000,1774321823743000000,0
IndexesFlusher.totalFlushingTimeUs,1774321763794000000,1774321823743000000,325058
Indexing.writer_3.totalTimeSpentWritingMs,1774321763794000000,1774321823743000000,0
Indexes.stubs.lookups,1774321763794000000,1774321823743000000,369
IndexesFlusher.totalContentionQuotaSpent,1774321763794000000,1774321823743000000,0
IndexesFlusher.totalFlushesRetried,1774321763794000000,1774321823743000000,0
Indexes.stubs.lookupDuration90PMs,1774321763794000000,1774321823743000000,0.0
Indexes.entries.lookupDurationAvgMs,1774321763794000000,1774321823743000000,0.0
Indexes.allKeys.lookups,1774321763794000000,1774321823743000000,2
Indexes.allKeys.lookupDuration90PMs,1774321763794000000,1774321823743000000,0.0
Indexes.allKeys.lookupDurationMaxMs,1774321763794000000,1774321823743000000,0.0
Indexes.allKeys.lookupDurationAvgMs,1774321763794000000,1774321823743000000,0.0
Indexing.writer_2.totalTimeSpentWritingMs,1774321763794000000,1774321823743000000,0
Indexes.stubs.lookupDurationMaxMs,1774321763794000000,1774321823743000000,0.0
Indexes.entries.lookupDurationMaxMs,1774321763794000000,1774321823743000000,0.0
Indexing.cache.totalCacheAccesses,1774321763794000000,1774321823743000000,937
Indexing.writer_1.totalTimeSpentWritingMs,1774321763794000000,1774321823743000000,0
Indexes.stubs.lookupDurationAvgMs,1774321763794000000,1774321823743000000,0.0
Indexing.writesQueuedMax,1774321763794000000,1774321823743000000,0
Indexes.entries.lookupDuration90PMs,1774321763794000000,1774321823743000000,0.0
IndexesFlusher.totalFlushes,1774321763794000000,1774321823743000000,117
Indexing.writesQueuedMin,1774321763794000000,1774321823743000000,9223372036854775807
Indexes.entries.lookups,1774321763794000000,1774321823743000000,501
VFS.contentStorage.recordsReadDecompressed,1774321763794000000,1774321823743000000,49
VFS.contentStorage.recordsRead,1774321763794000000,1774321823743000000,133
VFS.contentStorage.recordsStoredCompressed,1774321763794000000,1774321823743000000,0
VFS.contentStorage.recordsDecompressionTimeUs,1774321763794000000,1774321823743000000,2997
VFS.fileByIdCache.hits,1774321763794000000,1774321823743000000,3
VFS.invertedFileNameIndex.requests,1774321763794000000,1774321823743000000,2
VFS.fileChildByName,1774321763794000000,1774321823743000000,16056
FileNameCache.queries,1774321763794000000,1774321823743000000,97984
VFS.fileByIdCache.misses,1774321763794000000,1774321823743000000,1108
FileNameCache.totalMisses,1774321763794000000,1774321823743000000,640
VFS.contentStorage.recordsStoredSize,1774321763794000000,1774321823743000000,0
VFS.contentStorage.recordsUncompressedSize,1774321763794000000,1774321823743000000,0
VFS.contentStorage.recordsDeduplicated,1774321763794000000,1774321823743000000,0
VFS.contentStorage.recordsReadSize,1774321763794000000,1774321823743000000,2624669
VFS.contentStorage.recordsStored,1774321763794000000,1774321823743000000,0
cacheStateStorage.set.counter,1774321823743000000,1774321883724000000,0
cacheStateStorage.get.duration,1774321823743000000,1774321883724000000,0
cacheStateStorage.get.counter,1774321823743000000,1774321883724000000,0
cacheStateStorage.set.duration,1774321823743000000,1774321883724000000,0
workspaceModel.mutableEntityStorage.mutable.ext.mapping.ms,1774321823743000000,1774321883724000000,0
workspaceModel.mutableEntityStorage.referrers.ms,1774321823743000000,1774321883724000000,0
jps.app.storage.content.writer.save.component.ms,1774321823743000000,1774321883724000000,0
jps.module.dependency.index.workspace.model.listener.on.changed.ms,1774321823743000000,1774321883724000000,0
jps.module.iml.entities.serializer.load.entities.ms,1774321823743000000,1774321883724000000,0
workspaceModel.mutableEntityStorage.remove.entity.ms,1774321823743000000,1774321883724000000,0
workspaceModel.mutableEntityStorage.changeLog.addReplaceEventForNewChild.ms,1774321823743000000,1774321883724000000,0
workspaceModel.mutableEntityStorage.collect.changes.ms,1774321823743000000,1774321883724000000,0
jps.apply.loaded.storage.ms,1774321823743000000,1774321883724000000,0
workspaceModel.moduleManagerBridge.load.all.modules.ms,1774321823743000000,1774321883724000000,0
workspaceModel.load.cache.metadata.from.file.ms,1774321823743000000,1774321883724000000,0
jps.module.iml.entities.serializer.save.entities.ms,1774321823743000000,1774321883724000000,0
jps.facet.change.listener.before.change.events.ms,1774321823743000000,1774321883724000000,0
workspaceModel.mutableEntityStorage.add.entity.ms,1774321823743000000,1774321883724000000,0
jps.facet.change.listener.process.change.events.ms,1774321823743000000,1774321883724000000,0
workspaceModel.mutableEntityStorage.to.snapshot.ms,1774321823743000000,1774321883724000000,0
workspaceModel.moduleBridgeLoader.loading.modules.ms,1774321823743000000,1774321883724000000,0
workspaceModel.moduleManagerBridge.load.module.ms,1774321823743000000,1774321883724000000,0
jps.reload.project.entities.ms,1774321823743000000,1774321883724000000,0
jps.storage.jps.conf.reader.load.component.ms,1774321823743000000,1774321883724000000,0
workspaceModel.mutableEntityStorage.modify.entity.ms,1774321823743000000,1774321883724000000,0
workspaceModel.mutableEntityStorage.changeLog.addReplaceEventForRemovedParent.ms,1774321823743000000,1774321883724000000,0
jps.project.serializers.load.ms,1774321823743000000,1774321883724000000,0
jps.load.project.to.empty.storage.ms,1774321823743000000,1774321883724000000,0
workspaceModel.moduleManagerBridge.create.module.instance.ms,1774321823743000000,1774321883724000000,0
workspaceModel.save.cache.to.file.ms,1774321823743000000,1774321883724000000,0
workspaceModel.mutableEntityStorage.changeLog.addReplaceEventForNewParent.ms,1774321823743000000,1774321883724000000,0
jps.global.get.libraries.ms,1774321823743000000,1774321883724000000,0
workspaceModel.global.apply.state.to.project.builder.ms,1774321823743000000,1774321883724000000,0
workspaceModel.moduleBridge.update.option.ms,1774321823743000000,1774321883724000000,0
workspaceModel.mutableEntityStorage.instances.count,1774321823743000000,1774321883724000000,0
workspaceModel.mutableEntityStorage.entities.by.source.ms,1774321823743000000,1774321883724000000,0
workspaceModel.delayed.project.synchronizer.sync.ms,1774321823743000000,1774321883724000000,0
workspaceModel.orphan.listener.update.ms,1774321823743000000,1774321883724000000,0
workspaceModel.mutableEntityStorage.apply.changes.from.ms,1774321823743000000,1774321883724000000,0
workspaceModel.moduleManagerBridge.new.nonPersistent.module.ms,1774321823743000000,1774321883724000000,0
workspaceModel.do.save.caches.ms,1774321823743000000,1774321883724000000,0
jps.project.serializers.save.ms,1774321823743000000,1774321883724000000,0
jps.artifact.entities.serializer.load.entities.ms,1774321823743000000,1774321883724000000,0
workspaceModel.global.updates.count,1774321823743000000,1774321883724000000,0
jps.global.get.library.by.name.ms,1774321823743000000,1774321883724000000,0
jps.global.get.library.ms,1774321823743000000,1774321883724000000,0
workspaceModel.mutableEntityStorage.put.entity.ms,1774321823743000000,1774321883724000000,0
workspaceModel.moduleBridge.before.changed.ms,1774321823743000000,1774321883724000000,0
jps.global.handle.changed.events.ms,1774321823743000000,1774321883724000000,0
jps.load.initial.state.ms,1774321823743000000,1774321883724000000,0
workspaceModel.mutableEntityStorage.entities.ms,1774321823743000000,1774321883724000000,0
jps.app.storage.content.reader.load.component.ms,1774321823743000000,1774321883724000000,0
jps.facet.change.listener.init.bridge.ms,1774321823743000000,1774321883724000000,0
workspaceModel.moduleManagerBridge.build.module.graph.ms,1774321823743000000,1774321883724000000,0
jps.global.initialize.library.bridges.ms,1774321823743000000,1774321883724000000,0
workspaceModel.mutableEntityStorage.replace.by.source.ms,1774321823743000000,1774321883724000000,0
workspaceModel.sync.entities.ms,1774321823743000000,1774321883724000000,0
workspaceModel.global.apply.state.to.project.ms,1774321823743000000,1774321883724000000,0
jps.global.handle.before.change.events.ms,1774321823743000000,1774321883724000000,0
workspaceModel.mutableEntityStorage.changeLog.addReplaceEventForRemovedChild.ms,1774321823743000000,1774321883724000000,0
jps.library.entities.serializer.save.entities.ms,1774321823743000000,1774321883724000000,0
workspaceModel.moduleManagerBridge.set.unloadedModules.ms,1774321823743000000,1774321883724000000,0
workspaceModel.mutableEntityStorage.mutable.vfurl.index.ms,1774321823743000000,1774321883724000000,0
jps.save.global.entities.ms,1774321823743000000,1774321883724000000,0
workspaceModel.moduleManagerBridge.newModule.ms,1774321823743000000,1774321883724000000,0
workspaceModel.load.cache.from.file.ms,1774321823743000000,1774321883724000000,0
workspaceModel.moduleBridge.facet.initialization.ms,1774321823743000000,1774321883724000000,0
workspaceModel.moduleManagerBridge.get.modules.ms,1774321823743000000,1774321883724000000,0
workspaceModel.global.updates.ms,1774321823743000000,1774321883724000000,0
workspaceModel.mutableEntityStorage.resolve.ms,1774321823743000000,1774321883724000000,0
jps.library.entities.serializer.load.entities.ms,1774321823743000000,1774321883724000000,0
jps.global.initialize.library.bridges.after.loading.ms,1774321823743000000,1774321883724000000,0
jps.artifact.entities.serializer.save.entities.ms,1774321823743000000,1774321883724000000,0
workspaceModel.mutableEntityStorage.has.same.entities.ms,1774321823743000000,1774321883724000000,0
jps.save.changed.project.entities.ms,1774321823743000000,1774321883724000000,0
AWTEventQueue.dispatchTimeMaxNs,1774321823743000000,1774321883724000000,0
FlushQueue.waitingTimeAvgNs,1774321823743000000,1774321883724000000,0.0
FlushQueue.tasksExecuted,1774321823743000000,1774321883724000000,0
WriteAction.executionsCount,1774321823743000000,1774321883724000000,2
FlushQueue.executionTimeAvgNs,1774321823743000000,1774321883724000000,0.0
NonBlockingReadAction.finalizedExecutionsCount,1774321823743000000,1774321883724000000,8
NonBlockingReadAction.failedExecutionTimeUs,1774321823743000000,1774321883724000000,0
FlushQueue.queueSizeMax,1774321823743000000,1774321883724000000,0
FlushQueue.queueSize90P,1774321823743000000,1774321883724000000,0
FlushQueue.waitingTimeMaxNs,1774321823743000000,1774321883724000000,0
NonBlockingReadAction.failedExecutionsCount,1774321823743000000,1774321883724000000,0
AWTEventQueue.dispatchTimeAvgNs,1774321823743000000,1774321883724000000,0.0
NonBlockingReadAction.finalizedExecutionTimeUs,1774321823743000000,1774321883724000000,7333
FlushQueue.executionTimeMaxNs,1774321823743000000,1774321883724000000,0
AWTEventQueue.dispatchTimeTotalNS,1774321823743000000,1774321883724000000,262036718
FlushQueue.waitingTime90PNs,1774321823743000000,1774321883724000000,0
FlushQueue.executionTime90PNs,1774321823743000000,1774321883724000000,0
AWTEventQueue.dispatchTime90PNs,1774321823743000000,1774321883724000000,0
AWTEventQueue.eventsDispatched,1774321823743000000,1774321883724000000,0
ReadAction.executionsCount,1774321823743000000,1774321883724000000,836
FlushQueue.queueSizeAvg,1774321823743000000,1774321883724000000,0.0
FilePageCache.totalPageDisposalsUs,1774321823743000000,1774321883724000000,0
FilePageCache.pageFastCacheHits,1774321823743000000,1774321883724000000,20
DirectByteBufferAllocator.reclaimed,1774321823743000000,1774321883724000000,0
StorageLockContext.competingThreads.90P,1774321823743000000,1774321883724000000,0
FileChannelInterruptsRetryer.totalRetriedAttempts,1774321823743000000,1774321883724000000,0
MappedFileStorage.totalPagesMapped,1774321823743000000,1774321883724000000,21
FilePageCacheLockFree.totalPageAllocationsWaited,1774321823743000000,1774321883724000000,0
FilePageCacheLockFree.totalPagesWriteMs,1774321823743000000,1774321883724000000,0
StreamlinedBlobStorage.totalLiveRecordsPayloadBytes,1774321823743000000,1774321883724000000,0
FilePageCacheLockFree.totalPagesReadMs,1774321823743000000,1774321883724000000,0
FilePageCache.disposedBuffers,1774321823743000000,1774321883724000000,0
MappedFileStorage.totalBytesMapped,1774321823743000000,1774321883724000000,252968960
FilePageCacheLockFree.totalHeapBytesAllocated,1774321823743000000,1774321883724000000,0
FilePageCacheLockFree.totalClosedStoragesReclaimed,1774321823743000000,1774321883724000000,0
FilePageCache.pageHits,1774321823743000000,1774321883724000000,0
FilePageCacheLockFree.totalPagesAllocated,1774321823743000000,1774321883724000000,0
DirectByteBufferAllocator.hits,1774321823743000000,1774321883724000000,0
FilePageCacheLockFree.housekeeperTurnsDone,1774321823743000000,1774321883724000000,0
FilePageCache.uncachedFileAccess,1774321823743000000,1774321883724000000,3
StreamlinedBlobStorage.totalLiveRecordsCapacityBytes,1774321823743000000,1774321883724000000,0
FilePageCacheLockFree.housekeeperTurnsSkipped,1774321823743000000,1774321883724000000,0
FilePageCacheLockFree.totalNativeBytesAllocated,1774321823743000000,1774321883724000000,0
FilePageCacheLockFree.totalHeapBytesReclaimed,1774321823743000000,1774321883724000000,0
FilePageCacheLockFree.totalPagesRequestsMs,1774321823743000000,1774321883724000000,0
FilePageCacheLockFree.totalPagesRequested,1774321823743000000,1774321883724000000,0
FilePageCacheLockFree.housekeeperTimeSpentMs,1774321823743000000,1774321883724000000,0
FilePageCacheLockFree.totalBytesRead,1774321823743000000,1774321883724000000,0
MappedFileStorage.storages,1774321823743000000,1774321883724000000,16
FilePageCacheLockFree.totalPagesHandedOver,1774321823743000000,1774321883724000000,0
DirectByteBufferAllocator.totalSizeOfBuffersAllocatedInBytes,1774321823743000000,1774321883724000000,327188480
StreamlinedBlobStorage.recordsDeleted,1774321823743000000,1774321883724000000,0
StorageLockContext.competingThreads.avg,1774321823743000000,1774321883724000000,0.0
FilePageCacheLockFree.totalNativeBytesReclaimed,1774321823743000000,1774321883724000000,0
FilePageCache.pageLoads,1774321823743000000,1774321883724000000,0
FilePageCacheLockFree.totalPagesWritten,1774321823743000000,1774321883724000000,0
FilePageCacheLockFree.nativeBytesInUse,1774321823743000000,1774321883724000000,0
MappedFileStorage.totalTimeSpentOnMappingUs,1774321823743000000,1774321883724000000,19581
DirectByteBufferAllocator.totalSizeOfBuffersCachedInBytes,1774321823743000000,1774321883724000000,0
FilePageCache.capacityInBytes,1774321823743000000,1774321883724000000,503316478
FilePageCacheLockFree.totalBytesRequested,1774321823743000000,1774321883724000000,0
FilePageCacheLockFree.totalBytesWritten,1774321823743000000,1774321883724000000,0
FilePageCache.totalPageLoadsUs,1774321823743000000,1774321883724000000,0
FilePageCacheLockFree.totalPagesReclaimed,1774321823743000000,1774321883724000000,0
FilePageCacheLockFree.heapBytesInUse,1774321823743000000,1774321883724000000,0
FilePageCache.pageLoadsAboveSizeThreshold,1774321823743000000,1774321883724000000,0
FilePageCache.maxRegisteredFiles,1774321823743000000,1774321883724000000,550
StorageLockContext.competingThreads.max,1774321823743000000,1774321883724000000,0
StreamlinedBlobStorage.recordsAllocated,1774321823743000000,1774321883724000000,0
DirectByteBufferAllocator.misses,1774321823743000000,1774321883724000000,0
StreamlinedBlobStorage.recordsRelocated,1774321823743000000,1774321883724000000,0
FilePageCache.maxCacheSizeInBytes,1774321823743000000,1774321883724000000,327188480
DirectByteBufferAllocator.disposed,1774321823743000000,1774321883724000000,0
workspaceModel.cachedValueWithParameters.from.cache.count,1774321823743000000,1774321883724000000,0
workspaceModel.workspaceFileIndexData.instances.count,1774321823743000000,1774321883724000000,0
workspaceModel.workspaceFileIndexData.init.ms,1774321823743000000,1774321883724000000,0
workspaceModel.cachedValueWithParameters.clear.count,1774321823743000000,1774321883724000000,0
workspaceModel.entityStorageSnapshotImpl.instances.count,1774321823743000000,1774321883724000000,0
workspaceModel.on.changed.ms,1774321823743000000,1774321883724000000,0
workspaceModel.cachedValue.from.cache.count,1774321823743000000,1774321883724000000,0
workspaceModel.pre.handlers.ms,1774321823743000000,1774321883724000000,0
workspaceModel.workspaceFileIndexData.onEntitiesChanged.ms,1774321823743000000,1774321883724000000,0
workspaceModel.workspaceFileIndexData.processFileSets.ms,1774321823743000000,1774321883724000000,0
workspaceModel.cachedValueWithParameters.total.get.count,1774321823743000000,1774321883724000000,0
workspaceModel.workspaceFileIndexData.getDirectoriesByPackageName.ms,1774321823743000000,1774321883724000000,0
workspaceModel.initializing.ms,1774321823743000000,1774321883724000000,0
workspaceModel.updates.ms,1774321823743000000,1774321883724000000,0
workspaceModel.loading.from.cache.ms,1774321823743000000,1774321883724000000,0
workspaceModel.cachedValue.total.get.count,1774321823743000000,1774321883724000000,0
workspaceModel.cachedValue.calculated.count,1774321823743000000,1774321883724000000,0
workspaceModel.collect.changes.ms,1774321823743000000,1774321883724000000,0
workspaceModel.on.before.changed.ms,1774321823743000000,1774321883724000000,0
workspaceModel.full.replace.project.model.ms,1774321823743000000,1774321883724000000,0
workspaceModel.check.recursive.update.ms,1774321823743000000,1774321883724000000,0
workspaceModel.workspaceFileIndexData.updateDirtyEntities.ms,1774321823743000000,1774321883724000000,0
workspaceModel.updates.count,1774321823743000000,1774321883724000000,0
workspaceModel.workspaceFileIndexContributor.registerFileSets.ms,1774321823743000000,1774321883724000000,0
workspaceModel.cachedValueWithParameters.calculated.count,1774321823743000000,1774321883724000000,0
workspaceModel.update.unloaded.entities.ms,1774321823743000000,1774321883724000000,0
workspaceModel.cachedValue.clear.count,1774321823743000000,1774321883724000000,0
workspaceModel.to.snapshot.ms,1774321823743000000,1774321883724000000,0
workspaceModel.replace.project.model.ms,1774321823743000000,1774321883724000000,0
workspaceModel.init.bridges.ms,1774321823743000000,1774321883724000000,0
workspaceModel.updates.precise.ms,1774321823743000000,1774321883724000000,0
workspaceModel.workspaceFileIndexData.visitFileSets.ms,1774321823743000000,1774321883724000000,0
workspaceModel.workspaceFileIndexData.getFileInfo.ms,1774321823743000000,1774321883724000000,1
workspaceModel.loading.total.ms,1774321823743000000,1774321883724000000,0
workspaceModel.workspaceFileIndexData.getPackageName.ms,1774321823743000000,1774321883724000000,0
workspaceModel.workspaceFileIndexData.markDirty.ms,1774321823743000000,1774321883724000000,0
compiler.ArtifactManagerBridge.getArtifactsByType.ms,1774321823743000000,1774321883724000000,0
compiler.ArtifactVirtualFileListener.propertyChanged.ms,1774321823743000000,1774321883724000000,0
compiler.ArtifactManagerBridge.getArtifacts.ms,1774321823743000000,1774321883724000000,0
compiler.ArtifactManagerBridge.findArtifact.ms,1774321823743000000,1774321883724000000,0
compiler.ArtifactManagerBridge.commit.ms,1774321823743000000,1774321883724000000,0
compiler.ArtifactVirtualFileListener.filePathChanged.ms,1774321823743000000,1774321883724000000,0
compiler.ArtifactManagerBridge.dropMappings.ms,1774321823743000000,1774321883724000000,0
compiler.ArtifactManagerBridge.initBridges.ms,1774321823743000000,1774321883724000000,0
compiler.ArtifactManagerBridge.addArtifact.ms,1774321823743000000,1774321883724000000,0
writeAction.wait.ms,1774321823743000000,1774321883724000000,0
DiskQueryRelay.tasksRequested,1774321823743000000,1774321883724000000,27
DiskQueryRelay.taskExecutionTotalTimeUs,1774321823743000000,1774321883724000000,3463
writeAction.count,1774321823743000000,1774321883724000000,2
writeAction.median.wait.ms,1774321823743000000,1774321883724000000,100
DiskQueryRelay.tasksExecuted,1774321823743000000,1774321883724000000,27
DiskQueryRelay.taskWaitingTotalTimeUs,1774321823743000000,1774321883724000000,3479
writeAction.max.wait.ms,1774321823743000000,1774321883724000000,140
JVM.newThreadsCount,1774321823743000000,1774321883724000000,0
JVM.maxThreadCount,1774321823743000000,1774321883724000000,145
JVM.totalTimeAtSafepointsMs,1774321823743000000,1774321883724000000,1
JVM.usedNativeBytes,1774321823743000000,1774321883724000000,504960152
JVM.usedHeapBytes,1774321823743000000,1774321883724000000,644034528
JVM.totalTimeToSafepointsMs,1774321823743000000,1774321883724000000,1
JVM.maxHeapBytes,1774321823743000000,1774321883724000000,2147483648
JVM.GC.collectionTimesMs,1774321823743000000,1774321883724000000,0
JVM.totalCpuTimeMs,1774321823743000000,1774321883724000000,2024
JVM.totalBytesAllocated,1774321823743000000,1774321883724000000,31949248
JVM.totalDirectByteBuffersBytes,1774321823743000000,1774321883724000000,329192902
JVM.threadCount,1774321823743000000,1774321883724000000,62
OS.loadAverage,1774321823743000000,1774321883724000000,8.2724609375
JVM.totalSafepointCount,1774321823743000000,1774321883724000000,13
JVM.GC.collections,1774321823743000000,1774321883724000000,0
Indexing.cache.totalCacheMisses,1774321823743000000,1774321883724000000,0
Indexing.writer_0.totalTimeSpentWritingMs,1774321823743000000,1774321883724000000,0
Indexing.cache.totalCacheEvicted,1774321823743000000,1774321883724000000,0
Indexing.totalTimeIndexersSleptMs,1774321823743000000,1774321883724000000,0
IndexesFlusher.totalFlushingTimeUs,1774321823743000000,1774321883724000000,241094
Indexing.writer_3.totalTimeSpentWritingMs,1774321823743000000,1774321883724000000,0
Indexes.stubs.lookups,1774321823743000000,1774321883724000000,0
IndexesFlusher.totalContentionQuotaSpent,1774321823743000000,1774321883724000000,0
IndexesFlusher.totalFlushesRetried,1774321823743000000,1774321883724000000,0
Indexes.stubs.lookupDuration90PMs,1774321823743000000,1774321883724000000,0.0
Indexes.entries.lookupDurationAvgMs,1774321823743000000,1774321883724000000,0.0
Indexes.allKeys.lookups,1774321823743000000,1774321883724000000,0
Indexes.allKeys.lookupDuration90PMs,1774321823743000000,1774321883724000000,0.0
Indexes.allKeys.lookupDurationMaxMs,1774321823743000000,1774321883724000000,0.0
Indexes.allKeys.lookupDurationAvgMs,1774321823743000000,1774321883724000000,0.0
Indexing.writer_2.totalTimeSpentWritingMs,1774321823743000000,1774321883724000000,0
Indexes.stubs.lookupDurationMaxMs,1774321823743000000,1774321883724000000,0.0
Indexes.entries.lookupDurationMaxMs,1774321823743000000,1774321883724000000,0.0
Indexing.cache.totalCacheAccesses,1774321823743000000,1774321883724000000,0
Indexing.writer_1.totalTimeSpentWritingMs,1774321823743000000,1774321883724000000,0
Indexes.stubs.lookupDurationAvgMs,1774321823743000000,1774321883724000000,0.0
Indexing.writesQueuedMax,1774321823743000000,1774321883724000000,0
Indexes.entries.lookupDuration90PMs,1774321823743000000,1774321883724000000,0.0
IndexesFlusher.totalFlushes,1774321823743000000,1774321883724000000,117
Indexing.writesQueuedMin,1774321823743000000,1774321883724000000,9223372036854775807
Indexes.entries.lookups,1774321823743000000,1774321883724000000,0
VFS.contentStorage.recordsReadDecompressed,1774321823743000000,1774321883724000000,0
VFS.contentStorage.recordsRead,1774321823743000000,1774321883724000000,0
VFS.contentStorage.recordsStoredCompressed,1774321823743000000,1774321883724000000,0
VFS.contentStorage.recordsDecompressionTimeUs,1774321823743000000,1774321883724000000,0
VFS.fileByIdCache.hits,1774321823743000000,1774321883724000000,0
VFS.invertedFileNameIndex.requests,1774321823743000000,1774321883724000000,0
VFS.fileChildByName,1774321823743000000,1774321883724000000,87
FileNameCache.queries,1774321823743000000,1774321883724000000,1408
VFS.fileByIdCache.misses,1774321823743000000,1774321883724000000,0
FileNameCache.totalMisses,1774321823743000000,1774321883724000000,0
VFS.contentStorage.recordsStoredSize,1774321823743000000,1774321883724000000,0
VFS.contentStorage.recordsUncompressedSize,1774321823743000000,1774321883724000000,0
VFS.contentStorage.recordsDeduplicated,1774321823743000000,1774321883724000000,0
VFS.contentStorage.recordsReadSize,1774321823743000000,1774321883724000000,0
VFS.contentStorage.recordsStored,1774321823743000000,1774321883724000000,0
cacheStateStorage.set.counter,1774321883724000000,1774321943723000000,0
cacheStateStorage.get.duration,1774321883724000000,1774321943723000000,0
cacheStateStorage.get.counter,1774321883724000000,1774321943723000000,0
cacheStateStorage.set.duration,1774321883724000000,1774321943723000000,0
workspaceModel.mutableEntityStorage.mutable.ext.mapping.ms,1774321883724000000,1774321943723000000,0
workspaceModel.mutableEntityStorage.referrers.ms,1774321883724000000,1774321943723000000,0
jps.app.storage.content.writer.save.component.ms,1774321883724000000,1774321943723000000,0
jps.module.dependency.index.workspace.model.listener.on.changed.ms,1774321883724000000,1774321943723000000,0
jps.module.iml.entities.serializer.load.entities.ms,1774321883724000000,1774321943723000000,0
workspaceModel.mutableEntityStorage.remove.entity.ms,1774321883724000000,1774321943723000000,0
workspaceModel.mutableEntityStorage.changeLog.addReplaceEventForNewChild.ms,1774321883724000000,1774321943723000000,0
workspaceModel.mutableEntityStorage.collect.changes.ms,1774321883724000000,1774321943723000000,0
jps.apply.loaded.storage.ms,1774321883724000000,1774321943723000000,0
workspaceModel.moduleManagerBridge.load.all.modules.ms,1774321883724000000,1774321943723000000,0
workspaceModel.load.cache.metadata.from.file.ms,1774321883724000000,1774321943723000000,0
jps.module.iml.entities.serializer.save.entities.ms,1774321883724000000,1774321943723000000,0
jps.facet.change.listener.before.change.events.ms,1774321883724000000,1774321943723000000,0
workspaceModel.mutableEntityStorage.add.entity.ms,1774321883724000000,1774321943723000000,0
jps.facet.change.listener.process.change.events.ms,1774321883724000000,1774321943723000000,0
workspaceModel.mutableEntityStorage.to.snapshot.ms,1774321883724000000,1774321943723000000,0
workspaceModel.moduleBridgeLoader.loading.modules.ms,1774321883724000000,1774321943723000000,0
workspaceModel.moduleManagerBridge.load.module.ms,1774321883724000000,1774321943723000000,0
jps.reload.project.entities.ms,1774321883724000000,1774321943723000000,0
jps.storage.jps.conf.reader.load.component.ms,1774321883724000000,1774321943723000000,0
workspaceModel.mutableEntityStorage.modify.entity.ms,1774321883724000000,1774321943723000000,0
workspaceModel.mutableEntityStorage.changeLog.addReplaceEventForRemovedParent.ms,1774321883724000000,1774321943723000000,0
jps.project.serializers.load.ms,1774321883724000000,1774321943723000000,0
jps.load.project.to.empty.storage.ms,1774321883724000000,1774321943723000000,0
workspaceModel.moduleManagerBridge.create.module.instance.ms,1774321883724000000,1774321943723000000,0
workspaceModel.save.cache.to.file.ms,1774321883724000000,1774321943723000000,0
workspaceModel.mutableEntityStorage.changeLog.addReplaceEventForNewParent.ms,1774321883724000000,1774321943723000000,0
jps.global.get.libraries.ms,1774321883724000000,1774321943723000000,0
workspaceModel.global.apply.state.to.project.builder.ms,1774321883724000000,1774321943723000000,0
workspaceModel.moduleBridge.update.option.ms,1774321883724000000,1774321943723000000,0
workspaceModel.mutableEntityStorage.instances.count,1774321883724000000,1774321943723000000,0
workspaceModel.mutableEntityStorage.entities.by.source.ms,1774321883724000000,1774321943723000000,0
workspaceModel.delayed.project.synchronizer.sync.ms,1774321883724000000,1774321943723000000,0
workspaceModel.orphan.listener.update.ms,1774321883724000000,1774321943723000000,0
workspaceModel.mutableEntityStorage.apply.changes.from.ms,1774321883724000000,1774321943723000000,0
workspaceModel.moduleManagerBridge.new.nonPersistent.module.ms,1774321883724000000,1774321943723000000,0
workspaceModel.do.save.caches.ms,1774321883724000000,1774321943723000000,0
jps.project.serializers.save.ms,1774321883724000000,1774321943723000000,0
jps.artifact.entities.serializer.load.entities.ms,1774321883724000000,1774321943723000000,0
workspaceModel.global.updates.count,1774321883724000000,1774321943723000000,0
jps.global.get.library.by.name.ms,1774321883724000000,1774321943723000000,0
jps.global.get.library.ms,1774321883724000000,1774321943723000000,0
workspaceModel.mutableEntityStorage.put.entity.ms,1774321883724000000,1774321943723000000,0
workspaceModel.moduleBridge.before.changed.ms,1774321883724000000,1774321943723000000,0
jps.global.handle.changed.events.ms,1774321883724000000,1774321943723000000,0
jps.load.initial.state.ms,1774321883724000000,1774321943723000000,0
workspaceModel.mutableEntityStorage.entities.ms,1774321883724000000,1774321943723000000,0
jps.app.storage.content.reader.load.component.ms,1774321883724000000,1774321943723000000,0
jps.facet.change.listener.init.bridge.ms,1774321883724000000,1774321943723000000,0
workspaceModel.moduleManagerBridge.build.module.graph.ms,1774321883724000000,1774321943723000000,0
jps.global.initialize.library.bridges.ms,1774321883724000000,1774321943723000000,0
workspaceModel.mutableEntityStorage.replace.by.source.ms,1774321883724000000,1774321943723000000,0
workspaceModel.sync.entities.ms,1774321883724000000,1774321943723000000,0
workspaceModel.global.apply.state.to.project.ms,1774321883724000000,1774321943723000000,0
jps.global.handle.before.change.events.ms,1774321883724000000,1774321943723000000,0
workspaceModel.mutableEntityStorage.changeLog.addReplaceEventForRemovedChild.ms,1774321883724000000,1774321943723000000,0
jps.library.entities.serializer.save.entities.ms,1774321883724000000,1774321943723000000,0
workspaceModel.moduleManagerBridge.set.unloadedModules.ms,1774321883724000000,1774321943723000000,0
workspaceModel.mutableEntityStorage.mutable.vfurl.index.ms,1774321883724000000,1774321943723000000,0
jps.save.global.entities.ms,1774321883724000000,1774321943723000000,0
workspaceModel.moduleManagerBridge.newModule.ms,1774321883724000000,1774321943723000000,0
workspaceModel.load.cache.from.file.ms,1774321883724000000,1774321943723000000,0
workspaceModel.moduleBridge.facet.initialization.ms,1774321883724000000,1774321943723000000,0
workspaceModel.moduleManagerBridge.get.modules.ms,1774321883724000000,1774321943723000000,0
workspaceModel.global.updates.ms,1774321883724000000,1774321943723000000,0
workspaceModel.mutableEntityStorage.resolve.ms,1774321883724000000,1774321943723000000,0
jps.library.entities.serializer.load.entities.ms,1774321883724000000,1774321943723000000,0
jps.global.initialize.library.bridges.after.loading.ms,1774321883724000000,1774321943723000000,0
jps.artifact.entities.serializer.save.entities.ms,1774321883724000000,1774321943723000000,0
workspaceModel.mutableEntityStorage.has.same.entities.ms,1774321883724000000,1774321943723000000,0
jps.save.changed.project.entities.ms,1774321883724000000,1774321943723000000,0
AWTEventQueue.dispatchTimeMaxNs,1774321883724000000,1774321943723000000,0
FlushQueue.waitingTimeAvgNs,1774321883724000000,1774321943723000000,0.0
FlushQueue.tasksExecuted,1774321883724000000,1774321943723000000,0
WriteAction.executionsCount,1774321883724000000,1774321943723000000,3
FlushQueue.executionTimeAvgNs,1774321883724000000,1774321943723000000,0.0
NonBlockingReadAction.finalizedExecutionsCount,1774321883724000000,1774321943723000000,8
NonBlockingReadAction.failedExecutionTimeUs,1774321883724000000,1774321943723000000,0
FlushQueue.queueSizeMax,1774321883724000000,1774321943723000000,0
FlushQueue.queueSize90P,1774321883724000000,1774321943723000000,0
FlushQueue.waitingTimeMaxNs,1774321883724000000,1774321943723000000,0
NonBlockingReadAction.failedExecutionsCount,1774321883724000000,1774321943723000000,0
AWTEventQueue.dispatchTimeAvgNs,1774321883724000000,1774321943723000000,0.0
NonBlockingReadAction.finalizedExecutionTimeUs,1774321883724000000,1774321943723000000,5474
FlushQueue.executionTimeMaxNs,1774321883724000000,1774321943723000000,0
AWTEventQueue.dispatchTimeTotalNS,1774321883724000000,1774321943723000000,182006087
FlushQueue.waitingTime90PNs,1774321883724000000,1774321943723000000,0
FlushQueue.executionTime90PNs,1774321883724000000,1774321943723000000,0
AWTEventQueue.dispatchTime90PNs,1774321883724000000,1774321943723000000,0
AWTEventQueue.eventsDispatched,1774321883724000000,1774321943723000000,0
ReadAction.executionsCount,1774321883724000000,1774321943723000000,845
FlushQueue.queueSizeAvg,1774321883724000000,1774321943723000000,0.0
FilePageCache.totalPageDisposalsUs,1774321883724000000,1774321943723000000,0
FilePageCache.pageFastCacheHits,1774321883724000000,1774321943723000000,20
DirectByteBufferAllocator.reclaimed,1774321883724000000,1774321943723000000,0
StorageLockContext.competingThreads.90P,1774321883724000000,1774321943723000000,0
FileChannelInterruptsRetryer.totalRetriedAttempts,1774321883724000000,1774321943723000000,0
MappedFileStorage.totalPagesMapped,1774321883724000000,1774321943723000000,21
FilePageCacheLockFree.totalPageAllocationsWaited,1774321883724000000,1774321943723000000,0
FilePageCacheLockFree.totalPagesWriteMs,1774321883724000000,1774321943723000000,0
StreamlinedBlobStorage.totalLiveRecordsPayloadBytes,1774321883724000000,1774321943723000000,0
FilePageCacheLockFree.totalPagesReadMs,1774321883724000000,1774321943723000000,0
FilePageCache.disposedBuffers,1774321883724000000,1774321943723000000,0
MappedFileStorage.totalBytesMapped,1774321883724000000,1774321943723000000,252968960
FilePageCacheLockFree.totalHeapBytesAllocated,1774321883724000000,1774321943723000000,0
FilePageCacheLockFree.totalClosedStoragesReclaimed,1774321883724000000,1774321943723000000,0
FilePageCache.pageHits,1774321883724000000,1774321943723000000,0
FilePageCacheLockFree.totalPagesAllocated,1774321883724000000,1774321943723000000,0
DirectByteBufferAllocator.hits,1774321883724000000,1774321943723000000,0
FilePageCacheLockFree.housekeeperTurnsDone,1774321883724000000,1774321943723000000,0
FilePageCache.uncachedFileAccess,1774321883724000000,1774321943723000000,3
StreamlinedBlobStorage.totalLiveRecordsCapacityBytes,1774321883724000000,1774321943723000000,0
FilePageCacheLockFree.housekeeperTurnsSkipped,1774321883724000000,1774321943723000000,0
FilePageCacheLockFree.totalNativeBytesAllocated,1774321883724000000,1774321943723000000,0
FilePageCacheLockFree.totalHeapBytesReclaimed,1774321883724000000,1774321943723000000,0
FilePageCacheLockFree.totalPagesRequestsMs,1774321883724000000,1774321943723000000,0
FilePageCacheLockFree.totalPagesRequested,1774321883724000000,1774321943723000000,0
FilePageCacheLockFree.housekeeperTimeSpentMs,1774321883724000000,1774321943723000000,0
FilePageCacheLockFree.totalBytesRead,1774321883724000000,1774321943723000000,0
MappedFileStorage.storages,1774321883724000000,1774321943723000000,16
FilePageCacheLockFree.totalPagesHandedOver,1774321883724000000,1774321943723000000,0
DirectByteBufferAllocator.totalSizeOfBuffersAllocatedInBytes,1774321883724000000,1774321943723000000,327188480
StreamlinedBlobStorage.recordsDeleted,1774321883724000000,1774321943723000000,0
StorageLockContext.competingThreads.avg,1774321883724000000,1774321943723000000,0.0
FilePageCacheLockFree.totalNativeBytesReclaimed,1774321883724000000,1774321943723000000,0
FilePageCache.pageLoads,1774321883724000000,1774321943723000000,0
FilePageCacheLockFree.totalPagesWritten,1774321883724000000,1774321943723000000,0
FilePageCacheLockFree.nativeBytesInUse,1774321883724000000,1774321943723000000,0
MappedFileStorage.totalTimeSpentOnMappingUs,1774321883724000000,1774321943723000000,19581
DirectByteBufferAllocator.totalSizeOfBuffersCachedInBytes,1774321883724000000,1774321943723000000,0
FilePageCache.capacityInBytes,1774321883724000000,1774321943723000000,503316478
FilePageCacheLockFree.totalBytesRequested,1774321883724000000,1774321943723000000,0
FilePageCacheLockFree.totalBytesWritten,1774321883724000000,1774321943723000000,0
FilePageCache.totalPageLoadsUs,1774321883724000000,1774321943723000000,0
FilePageCacheLockFree.totalPagesReclaimed,1774321883724000000,1774321943723000000,0
FilePageCacheLockFree.heapBytesInUse,1774321883724000000,1774321943723000000,0
FilePageCache.pageLoadsAboveSizeThreshold,1774321883724000000,1774321943723000000,0
FilePageCache.maxRegisteredFiles,1774321883724000000,1774321943723000000,550
StorageLockContext.competingThreads.max,1774321883724000000,1774321943723000000,0
StreamlinedBlobStorage.recordsAllocated,1774321883724000000,1774321943723000000,0
DirectByteBufferAllocator.misses,1774321883724000000,1774321943723000000,0
StreamlinedBlobStorage.recordsRelocated,1774321883724000000,1774321943723000000,0
FilePageCache.maxCacheSizeInBytes,1774321883724000000,1774321943723000000,327188480
DirectByteBufferAllocator.disposed,1774321883724000000,1774321943723000000,0
workspaceModel.cachedValueWithParameters.from.cache.count,1774321883724000000,1774321943723000000,0
workspaceModel.workspaceFileIndexData.instances.count,1774321883724000000,1774321943723000000,0
workspaceModel.workspaceFileIndexData.init.ms,1774321883724000000,1774321943723000000,0
workspaceModel.cachedValueWithParameters.clear.count,1774321883724000000,1774321943723000000,0
workspaceModel.entityStorageSnapshotImpl.instances.count,1774321883724000000,1774321943723000000,0
workspaceModel.on.changed.ms,1774321883724000000,1774321943723000000,0
workspaceModel.cachedValue.from.cache.count,1774321883724000000,1774321943723000000,0
workspaceModel.pre.handlers.ms,1774321883724000000,1774321943723000000,0
workspaceModel.workspaceFileIndexData.onEntitiesChanged.ms,1774321883724000000,1774321943723000000,0
workspaceModel.workspaceFileIndexData.processFileSets.ms,1774321883724000000,1774321943723000000,0
workspaceModel.cachedValueWithParameters.total.get.count,1774321883724000000,1774321943723000000,0
workspaceModel.workspaceFileIndexData.getDirectoriesByPackageName.ms,1774321883724000000,1774321943723000000,0
workspaceModel.initializing.ms,1774321883724000000,1774321943723000000,0
workspaceModel.updates.ms,1774321883724000000,1774321943723000000,0
workspaceModel.loading.from.cache.ms,1774321883724000000,1774321943723000000,0
workspaceModel.cachedValue.total.get.count,1774321883724000000,1774321943723000000,0
workspaceModel.cachedValue.calculated.count,1774321883724000000,1774321943723000000,0
workspaceModel.collect.changes.ms,1774321883724000000,1774321943723000000,0
workspaceModel.on.before.changed.ms,1774321883724000000,1774321943723000000,0
workspaceModel.full.replace.project.model.ms,1774321883724000000,1774321943723000000,0
workspaceModel.check.recursive.update.ms,1774321883724000000,1774321943723000000,0
workspaceModel.workspaceFileIndexData.updateDirtyEntities.ms,1774321883724000000,1774321943723000000,0
workspaceModel.updates.count,1774321883724000000,1774321943723000000,0
workspaceModel.workspaceFileIndexContributor.registerFileSets.ms,1774321883724000000,1774321943723000000,0
workspaceModel.cachedValueWithParameters.calculated.count,1774321883724000000,1774321943723000000,0
workspaceModel.update.unloaded.entities.ms,1774321883724000000,1774321943723000000,0
workspaceModel.cachedValue.clear.count,1774321883724000000,1774321943723000000,0
workspaceModel.to.snapshot.ms,1774321883724000000,1774321943723000000,0
workspaceModel.replace.project.model.ms,1774321883724000000,1774321943723000000,0
workspaceModel.init.bridges.ms,1774321883724000000,1774321943723000000,0
workspaceModel.updates.precise.ms,1774321883724000000,1774321943723000000,0
workspaceModel.workspaceFileIndexData.visitFileSets.ms,1774321883724000000,1774321943723000000,0
workspaceModel.workspaceFileIndexData.getFileInfo.ms,1774321883724000000,1774321943723000000,0
workspaceModel.loading.total.ms,1774321883724000000,1774321943723000000,0
workspaceModel.workspaceFileIndexData.getPackageName.ms,1774321883724000000,1774321943723000000,0
workspaceModel.workspaceFileIndexData.markDirty.ms,1774321883724000000,1774321943723000000,0
compiler.ArtifactManagerBridge.getArtifactsByType.ms,1774321883724000000,1774321943723000000,0
compiler.ArtifactVirtualFileListener.propertyChanged.ms,1774321883724000000,1774321943723000000,0
compiler.ArtifactManagerBridge.getArtifacts.ms,1774321883724000000,1774321943723000000,0
compiler.ArtifactManagerBridge.findArtifact.ms,1774321883724000000,1774321943723000000,0
compiler.ArtifactManagerBridge.commit.ms,1774321883724000000,1774321943723000000,0
compiler.ArtifactVirtualFileListener.filePathChanged.ms,1774321883724000000,1774321943723000000,0
compiler.ArtifactManagerBridge.dropMappings.ms,1774321883724000000,1774321943723000000,0
compiler.ArtifactManagerBridge.initBridges.ms,1774321883724000000,1774321943723000000,0
compiler.ArtifactManagerBridge.addArtifact.ms,1774321883724000000,1774321943723000000,0
writeAction.wait.ms,1774321883724000000,1774321943723000000,0
DiskQueryRelay.tasksRequested,1774321883724000000,1774321943723000000,30
DiskQueryRelay.taskExecutionTotalTimeUs,1774321883724000000,1774321943723000000,3161
writeAction.count,1774321883724000000,1774321943723000000,3
writeAction.median.wait.ms,1774321883724000000,1774321943723000000,100
DiskQueryRelay.tasksExecuted,1774321883724000000,1774321943723000000,30
DiskQueryRelay.taskWaitingTotalTimeUs,1774321883724000000,1774321943723000000,3177
writeAction.max.wait.ms,1774321883724000000,1774321943723000000,140
JVM.newThreadsCount,1774321883724000000,1774321943723000000,27
JVM.maxThreadCount,1774321883724000000,1774321943723000000,145
JVM.totalTimeAtSafepointsMs,1774321883724000000,1774321943723000000,60
JVM.usedNativeBytes,1774321883724000000,1774321943723000000,507996144
JVM.usedHeapBytes,1774321883724000000,1774321943723000000,409307176
JVM.totalTimeToSafepointsMs,1774321883724000000,1774321943723000000,2
JVM.maxHeapBytes,1774321883724000000,1774321943723000000,2147483648
JVM.GC.collectionTimesMs,1774321883724000000,1774321943723000000,59
JVM.totalCpuTimeMs,1774321883724000000,1774321943723000000,2457
JVM.totalBytesAllocated,1774321883724000000,1774321943723000000,56932344
JVM.totalDirectByteBuffersBytes,1774321883724000000,1774321943723000000,329973994
JVM.threadCount,1774321883724000000,1774321943723000000,57
OS.loadAverage,1774321883724000000,1774321943723000000,6.5087890625
JVM.totalSafepointCount,1774321883724000000,1774321943723000000,13
JVM.GC.collections,1774321883724000000,1774321943723000000,1
Indexing.cache.totalCacheMisses,1774321883724000000,1774321943723000000,0
Indexing.writer_0.totalTimeSpentWritingMs,1774321883724000000,1774321943723000000,0
Indexing.cache.totalCacheEvicted,1774321883724000000,1774321943723000000,0
Indexing.totalTimeIndexersSleptMs,1774321883724000000,1774321943723000000,0
IndexesFlusher.totalFlushingTimeUs,1774321883724000000,1774321943723000000,233254
Indexing.writer_3.totalTimeSpentWritingMs,1774321883724000000,1774321943723000000,0
Indexes.stubs.lookups,1774321883724000000,1774321943723000000,0
IndexesFlusher.totalContentionQuotaSpent,1774321883724000000,1774321943723000000,0
IndexesFlusher.totalFlushesRetried,1774321883724000000,1774321943723000000,0
Indexes.stubs.lookupDuration90PMs,1774321883724000000,1774321943723000000,0.0
Indexes.entries.lookupDurationAvgMs,1774321883724000000,1774321943723000000,0.0
Indexes.allKeys.lookups,1774321883724000000,1774321943723000000,0
Indexes.allKeys.lookupDuration90PMs,1774321883724000000,1774321943723000000,0.0
Indexes.allKeys.lookupDurationMaxMs,1774321883724000000,1774321943723000000,0.0
Indexes.allKeys.lookupDurationAvgMs,1774321883724000000,1774321943723000000,0.0
Indexing.writer_2.totalTimeSpentWritingMs,1774321883724000000,1774321943723000000,0
Indexes.stubs.lookupDurationMaxMs,1774321883724000000,1774321943723000000,0.0
Indexes.entries.lookupDurationMaxMs,1774321883724000000,1774321943723000000,0.0
Indexing.cache.totalCacheAccesses,1774321883724000000,1774321943723000000,0
Indexing.writer_1.totalTimeSpentWritingMs,1774321883724000000,1774321943723000000,0
Indexes.stubs.lookupDurationAvgMs,1774321883724000000,1774321943723000000,0.0
Indexing.writesQueuedMax,1774321883724000000,1774321943723000000,0
Indexes.entries.lookupDuration90PMs,1774321883724000000,1774321943723000000,0.0
IndexesFlusher.totalFlushes,1774321883724000000,1774321943723000000,118
Indexing.writesQueuedMin,1774321883724000000,1774321943723000000,9223372036854775807
Indexes.entries.lookups,1774321883724000000,1774321943723000000,0
VFS.contentStorage.recordsReadDecompressed,1774321883724000000,1774321943723000000,0
VFS.contentStorage.recordsRead,1774321883724000000,1774321943723000000,0
VFS.contentStorage.recordsStoredCompressed,1774321883724000000,1774321943723000000,0
VFS.contentStorage.recordsDecompressionTimeUs,1774321883724000000,1774321943723000000,0
VFS.fileByIdCache.hits,1774321883724000000,1774321943723000000,0
VFS.invertedFileNameIndex.requests,1774321883724000000,1774321943723000000,0
VFS.fileChildByName,1774321883724000000,1774321943723000000,87
FileNameCache.queries,1774321883724000000,1774321943723000000,1408
VFS.fileByIdCache.misses,1774321883724000000,1774321943723000000,0
FileNameCache.totalMisses,1774321883724000000,1774321943723000000,0
VFS.contentStorage.recordsStoredSize,1774321883724000000,1774321943723000000,0
VFS.contentStorage.recordsUncompressedSize,1774321883724000000,1774321943723000000,0
VFS.contentStorage.recordsDeduplicated,1774321883724000000,1774321943723000000,0
VFS.contentStorage.recordsReadSize,1774321883724000000,1774321943723000000,0
VFS.contentStorage.recordsStored,1774321883724000000,1774321943723000000,0
cacheStateStorage.set.counter,1774321943723000000,1774322003716000000,0
cacheStateStorage.get.duration,1774321943723000000,1774322003716000000,21
cacheStateStorage.get.counter,1774321943723000000,1774322003716000000,3
cacheStateStorage.set.duration,1774321943723000000,1774322003716000000,0
workspaceModel.mutableEntityStorage.mutable.ext.mapping.ms,1774321943723000000,1774322003716000000,0
workspaceModel.mutableEntityStorage.referrers.ms,1774321943723000000,1774322003716000000,0
jps.app.storage.content.writer.save.component.ms,1774321943723000000,1774322003716000000,0
jps.module.dependency.index.workspace.model.listener.on.changed.ms,1774321943723000000,1774322003716000000,0
jps.module.iml.entities.serializer.load.entities.ms,1774321943723000000,1774322003716000000,0
workspaceModel.mutableEntityStorage.remove.entity.ms,1774321943723000000,1774322003716000000,0
workspaceModel.mutableEntityStorage.changeLog.addReplaceEventForNewChild.ms,1774321943723000000,1774322003716000000,0
workspaceModel.mutableEntityStorage.collect.changes.ms,1774321943723000000,1774322003716000000,0
jps.apply.loaded.storage.ms,1774321943723000000,1774322003716000000,0
workspaceModel.moduleManagerBridge.load.all.modules.ms,1774321943723000000,1774322003716000000,0
workspaceModel.load.cache.metadata.from.file.ms,1774321943723000000,1774322003716000000,0
jps.module.iml.entities.serializer.save.entities.ms,1774321943723000000,1774322003716000000,0
jps.facet.change.listener.before.change.events.ms,1774321943723000000,1774322003716000000,0
workspaceModel.mutableEntityStorage.add.entity.ms,1774321943723000000,1774322003716000000,0
jps.facet.change.listener.process.change.events.ms,1774321943723000000,1774322003716000000,0
workspaceModel.mutableEntityStorage.to.snapshot.ms,1774321943723000000,1774322003716000000,0
workspaceModel.moduleBridgeLoader.loading.modules.ms,1774321943723000000,1774322003716000000,0
workspaceModel.moduleManagerBridge.load.module.ms,1774321943723000000,1774322003716000000,0
jps.reload.project.entities.ms,1774321943723000000,1774322003716000000,0
jps.storage.jps.conf.reader.load.component.ms,1774321943723000000,1774322003716000000,0
workspaceModel.mutableEntityStorage.modify.entity.ms,1774321943723000000,1774322003716000000,0
workspaceModel.mutableEntityStorage.changeLog.addReplaceEventForRemovedParent.ms,1774321943723000000,1774322003716000000,0
jps.project.serializers.load.ms,1774321943723000000,1774322003716000000,0
jps.load.project.to.empty.storage.ms,1774321943723000000,1774322003716000000,0
workspaceModel.moduleManagerBridge.create.module.instance.ms,1774321943723000000,1774322003716000000,0
workspaceModel.save.cache.to.file.ms,1774321943723000000,1774322003716000000,0
workspaceModel.mutableEntityStorage.changeLog.addReplaceEventForNewParent.ms,1774321943723000000,1774322003716000000,0
jps.global.get.libraries.ms,1774321943723000000,1774322003716000000,0
workspaceModel.global.apply.state.to.project.builder.ms,1774321943723000000,1774322003716000000,0
workspaceModel.moduleBridge.update.option.ms,1774321943723000000,1774322003716000000,0
workspaceModel.mutableEntityStorage.instances.count,1774321943723000000,1774322003716000000,0
workspaceModel.mutableEntityStorage.entities.by.source.ms,1774321943723000000,1774322003716000000,0
workspaceModel.delayed.project.synchronizer.sync.ms,1774321943723000000,1774322003716000000,0
workspaceModel.orphan.listener.update.ms,1774321943723000000,1774322003716000000,0
workspaceModel.mutableEntityStorage.apply.changes.from.ms,1774321943723000000,1774322003716000000,0
workspaceModel.moduleManagerBridge.new.nonPersistent.module.ms,1774321943723000000,1774322003716000000,0
workspaceModel.do.save.caches.ms,1774321943723000000,1774322003716000000,0
jps.project.serializers.save.ms,1774321943723000000,1774322003716000000,0
jps.artifact.entities.serializer.load.entities.ms,1774321943723000000,1774322003716000000,0
workspaceModel.global.updates.count,1774321943723000000,1774322003716000000,0
jps.global.get.library.by.name.ms,1774321943723000000,1774322003716000000,0
jps.global.get.library.ms,1774321943723000000,1774322003716000000,0
workspaceModel.mutableEntityStorage.put.entity.ms,1774321943723000000,1774322003716000000,0
workspaceModel.moduleBridge.before.changed.ms,1774321943723000000,1774322003716000000,0
jps.global.handle.changed.events.ms,1774321943723000000,1774322003716000000,0
jps.load.initial.state.ms,1774321943723000000,1774322003716000000,0
workspaceModel.mutableEntityStorage.entities.ms,1774321943723000000,1774322003716000000,0
jps.app.storage.content.reader.load.component.ms,1774321943723000000,1774322003716000000,0
jps.facet.change.listener.init.bridge.ms,1774321943723000000,1774322003716000000,0
workspaceModel.moduleManagerBridge.build.module.graph.ms,1774321943723000000,1774322003716000000,0
jps.global.initialize.library.bridges.ms,1774321943723000000,1774322003716000000,0
workspaceModel.mutableEntityStorage.replace.by.source.ms,1774321943723000000,1774322003716000000,0
workspaceModel.sync.entities.ms,1774321943723000000,1774322003716000000,0
workspaceModel.global.apply.state.to.project.ms,1774321943723000000,1774322003716000000,0
jps.global.handle.before.change.events.ms,1774321943723000000,1774322003716000000,0
workspaceModel.mutableEntityStorage.changeLog.addReplaceEventForRemovedChild.ms,1774321943723000000,1774322003716000000,0
jps.library.entities.serializer.save.entities.ms,1774321943723000000,1774322003716000000,0
workspaceModel.moduleManagerBridge.set.unloadedModules.ms,1774321943723000000,1774322003716000000,0
workspaceModel.mutableEntityStorage.mutable.vfurl.index.ms,1774321943723000000,1774322003716000000,0
jps.save.global.entities.ms,1774321943723000000,1774322003716000000,0
workspaceModel.moduleManagerBridge.newModule.ms,1774321943723000000,1774322003716000000,0
workspaceModel.load.cache.from.file.ms,1774321943723000000,1774322003716000000,0
workspaceModel.moduleBridge.facet.initialization.ms,1774321943723000000,1774322003716000000,0
workspaceModel.moduleManagerBridge.get.modules.ms,1774321943723000000,1774322003716000000,0
workspaceModel.global.updates.ms,1774321943723000000,1774322003716000000,0
workspaceModel.mutableEntityStorage.resolve.ms,1774321943723000000,1774322003716000000,0
jps.library.entities.serializer.load.entities.ms,1774321943723000000,1774322003716000000,0
jps.global.initialize.library.bridges.after.loading.ms,1774321943723000000,1774322003716000000,0
jps.artifact.entities.serializer.save.entities.ms,1774321943723000000,1774322003716000000,0
workspaceModel.mutableEntityStorage.has.same.entities.ms,1774321943723000000,1774322003716000000,0
jps.save.changed.project.entities.ms,1774321943723000000,1774322003716000000,0
AWTEventQueue.dispatchTimeMaxNs,1774321943723000000,1774322003716000000,0
FlushQueue.waitingTimeAvgNs,1774321943723000000,1774322003716000000,0.0
FlushQueue.tasksExecuted,1774321943723000000,1774322003716000000,0
WriteAction.executionsCount,1774321943723000000,1774322003716000000,8
FlushQueue.executionTimeAvgNs,1774321943723000000,1774322003716000000,0.0
NonBlockingReadAction.finalizedExecutionsCount,1774321943723000000,1774322003716000000,10
NonBlockingReadAction.failedExecutionTimeUs,1774321943723000000,1774322003716000000,0
FlushQueue.queueSizeMax,1774321943723000000,1774322003716000000,0
FlushQueue.queueSize90P,1774321943723000000,1774322003716000000,0
FlushQueue.waitingTimeMaxNs,1774321943723000000,1774322003716000000,0
NonBlockingReadAction.failedExecutionsCount,1774321943723000000,1774322003716000000,0
AWTEventQueue.dispatchTimeAvgNs,1774321943723000000,1774322003716000000,0.0
NonBlockingReadAction.finalizedExecutionTimeUs,1774321943723000000,1774322003716000000,44770
FlushQueue.executionTimeMaxNs,1774321943723000000,1774322003716000000,0
AWTEventQueue.dispatchTimeTotalNS,1774321943723000000,1774322003716000000,900720585
FlushQueue.waitingTime90PNs,1774321943723000000,1774322003716000000,0
FlushQueue.executionTime90PNs,1774321943723000000,1774322003716000000,0
AWTEventQueue.dispatchTime90PNs,1774321943723000000,1774322003716000000,0
AWTEventQueue.eventsDispatched,1774321943723000000,1774322003716000000,0
ReadAction.executionsCount,1774321943723000000,1774322003716000000,11991
FlushQueue.queueSizeAvg,1774321943723000000,1774322003716000000,0.0
FilePageCache.totalPageDisposalsUs,1774321943723000000,1774322003716000000,0
FilePageCache.pageFastCacheHits,1774321943723000000,1774322003716000000,57
DirectByteBufferAllocator.reclaimed,1774321943723000000,1774322003716000000,0
StorageLockContext.competingThreads.90P,1774321943723000000,1774322003716000000,0
FileChannelInterruptsRetryer.totalRetriedAttempts,1774321943723000000,1774322003716000000,0
MappedFileStorage.totalPagesMapped,1774321943723000000,1774322003716000000,21
FilePageCacheLockFree.totalPageAllocationsWaited,1774321943723000000,1774322003716000000,0
FilePageCacheLockFree.totalPagesWriteMs,1774321943723000000,1774322003716000000,0
StreamlinedBlobStorage.totalLiveRecordsPayloadBytes,1774321943723000000,1774322003716000000,5
FilePageCacheLockFree.totalPagesReadMs,1774321943723000000,1774322003716000000,0
FilePageCache.disposedBuffers,1774321943723000000,1774322003716000000,0
MappedFileStorage.totalBytesMapped,1774321943723000000,1774322003716000000,252968960
FilePageCacheLockFree.totalHeapBytesAllocated,1774321943723000000,1774322003716000000,0
FilePageCacheLockFree.totalClosedStoragesReclaimed,1774321943723000000,1774322003716000000,0
FilePageCache.pageHits,1774321943723000000,1774322003716000000,0
FilePageCacheLockFree.totalPagesAllocated,1774321943723000000,1774322003716000000,0
DirectByteBufferAllocator.hits,1774321943723000000,1774322003716000000,0
FilePageCacheLockFree.housekeeperTurnsDone,1774321943723000000,1774322003716000000,0
FilePageCache.uncachedFileAccess,1774321943723000000,1774322003716000000,6
StreamlinedBlobStorage.totalLiveRecordsCapacityBytes,1774321943723000000,1774322003716000000,70
FilePageCacheLockFree.housekeeperTurnsSkipped,1774321943723000000,1774322003716000000,0
FilePageCacheLockFree.totalNativeBytesAllocated,1774321943723000000,1774322003716000000,0
FilePageCacheLockFree.totalHeapBytesReclaimed,1774321943723000000,1774322003716000000,0
FilePageCacheLockFree.totalPagesRequestsMs,1774321943723000000,1774322003716000000,0
FilePageCacheLockFree.totalPagesRequested,1774321943723000000,1774322003716000000,0
FilePageCacheLockFree.housekeeperTimeSpentMs,1774321943723000000,1774322003716000000,0
FilePageCacheLockFree.totalBytesRead,1774321943723000000,1774322003716000000,0
MappedFileStorage.storages,1774321943723000000,1774322003716000000,16
FilePageCacheLockFree.totalPagesHandedOver,1774321943723000000,1774322003716000000,0
DirectByteBufferAllocator.totalSizeOfBuffersAllocatedInBytes,1774321943723000000,1774322003716000000,327188480
StreamlinedBlobStorage.recordsDeleted,1774321943723000000,1774322003716000000,0
StorageLockContext.competingThreads.avg,1774321943723000000,1774322003716000000,0.0
FilePageCacheLockFree.totalNativeBytesReclaimed,1774321943723000000,1774322003716000000,0
FilePageCache.pageLoads,1774321943723000000,1774322003716000000,0
FilePageCacheLockFree.totalPagesWritten,1774321943723000000,1774322003716000000,0
FilePageCacheLockFree.nativeBytesInUse,1774321943723000000,1774322003716000000,0
MappedFileStorage.totalTimeSpentOnMappingUs,1774321943723000000,1774322003716000000,19581
DirectByteBufferAllocator.totalSizeOfBuffersCachedInBytes,1774321943723000000,1774322003716000000,0
FilePageCache.capacityInBytes,1774321943723000000,1774322003716000000,503316478
FilePageCacheLockFree.totalBytesRequested,1774321943723000000,1774322003716000000,0
FilePageCacheLockFree.totalBytesWritten,1774321943723000000,1774322003716000000,0
FilePageCache.totalPageLoadsUs,1774321943723000000,1774322003716000000,0
FilePageCacheLockFree.totalPagesReclaimed,1774321943723000000,1774322003716000000,0
FilePageCacheLockFree.heapBytesInUse,1774321943723000000,1774322003716000000,0
FilePageCache.pageLoadsAboveSizeThreshold,1774321943723000000,1774322003716000000,0
FilePageCache.maxRegisteredFiles,1774321943723000000,1774322003716000000,550
StorageLockContext.competingThreads.max,1774321943723000000,1774322003716000000,0
StreamlinedBlobStorage.recordsAllocated,1774321943723000000,1774322003716000000,1
DirectByteBufferAllocator.misses,1774321943723000000,1774322003716000000,0
StreamlinedBlobStorage.recordsRelocated,1774321943723000000,1774322003716000000,0
FilePageCache.maxCacheSizeInBytes,1774321943723000000,1774322003716000000,327188480
DirectByteBufferAllocator.disposed,1774321943723000000,1774322003716000000,0
workspaceModel.cachedValueWithParameters.from.cache.count,1774321943723000000,1774322003716000000,0
workspaceModel.workspaceFileIndexData.instances.count,1774321943723000000,1774322003716000000,0
workspaceModel.workspaceFileIndexData.init.ms,1774321943723000000,1774322003716000000,0
workspaceModel.cachedValueWithParameters.clear.count,1774321943723000000,1774322003716000000,0
workspaceModel.entityStorageSnapshotImpl.instances.count,1774321943723000000,1774322003716000000,0
workspaceModel.on.changed.ms,1774321943723000000,1774322003716000000,0
workspaceModel.cachedValue.from.cache.count,1774321943723000000,1774322003716000000,75
workspaceModel.pre.handlers.ms,1774321943723000000,1774322003716000000,0
workspaceModel.workspaceFileIndexData.onEntitiesChanged.ms,1774321943723000000,1774322003716000000,0
workspaceModel.workspaceFileIndexData.processFileSets.ms,1774321943723000000,1774322003716000000,0
workspaceModel.cachedValueWithParameters.total.get.count,1774321943723000000,1774322003716000000,0
workspaceModel.workspaceFileIndexData.getDirectoriesByPackageName.ms,1774321943723000000,1774322003716000000,34
workspaceModel.initializing.ms,1774321943723000000,1774322003716000000,0
workspaceModel.updates.ms,1774321943723000000,1774322003716000000,0
workspaceModel.loading.from.cache.ms,1774321943723000000,1774322003716000000,0
workspaceModel.cachedValue.total.get.count,1774321943723000000,1774322003716000000,75
workspaceModel.cachedValue.calculated.count,1774321943723000000,1774322003716000000,0
workspaceModel.collect.changes.ms,1774321943723000000,1774322003716000000,0
workspaceModel.on.before.changed.ms,1774321943723000000,1774322003716000000,0
workspaceModel.full.replace.project.model.ms,1774321943723000000,1774322003716000000,0
workspaceModel.check.recursive.update.ms,1774321943723000000,1774322003716000000,0
workspaceModel.workspaceFileIndexData.updateDirtyEntities.ms,1774321943723000000,1774322003716000000,0
workspaceModel.updates.count,1774321943723000000,1774322003716000000,0
workspaceModel.workspaceFileIndexContributor.registerFileSets.ms,1774321943723000000,1774322003716000000,0
workspaceModel.cachedValueWithParameters.calculated.count,1774321943723000000,1774322003716000000,0
workspaceModel.update.unloaded.entities.ms,1774321943723000000,1774322003716000000,0
workspaceModel.cachedValue.clear.count,1774321943723000000,1774322003716000000,0
workspaceModel.to.snapshot.ms,1774321943723000000,1774322003716000000,0
workspaceModel.replace.project.model.ms,1774321943723000000,1774322003716000000,0
workspaceModel.init.bridges.ms,1774321943723000000,1774322003716000000,0
workspaceModel.updates.precise.ms,1774321943723000000,1774322003716000000,0
workspaceModel.workspaceFileIndexData.visitFileSets.ms,1774321943723000000,1774322003716000000,0
workspaceModel.workspaceFileIndexData.getFileInfo.ms,1774321943723000000,1774322003716000000,3
workspaceModel.loading.total.ms,1774321943723000000,1774322003716000000,0
workspaceModel.workspaceFileIndexData.getPackageName.ms,1774321943723000000,1774322003716000000,2
workspaceModel.workspaceFileIndexData.markDirty.ms,1774321943723000000,1774322003716000000,0
compiler.ArtifactManagerBridge.getArtifactsByType.ms,1774321943723000000,1774322003716000000,0
compiler.ArtifactVirtualFileListener.propertyChanged.ms,1774321943723000000,1774322003716000000,0
compiler.ArtifactManagerBridge.getArtifacts.ms,1774321943723000000,1774322003716000000,0
compiler.ArtifactManagerBridge.findArtifact.ms,1774321943723000000,1774322003716000000,0
compiler.ArtifactManagerBridge.commit.ms,1774321943723000000,1774322003716000000,0
compiler.ArtifactVirtualFileListener.filePathChanged.ms,1774321943723000000,1774322003716000000,0
compiler.ArtifactManagerBridge.dropMappings.ms,1774321943723000000,1774322003716000000,0
compiler.ArtifactManagerBridge.initBridges.ms,1774321943723000000,1774322003716000000,0
compiler.ArtifactManagerBridge.addArtifact.ms,1774321943723000000,1774322003716000000,0
writeAction.wait.ms,1774321943723000000,1774322003716000000,1
DiskQueryRelay.tasksRequested,1774321943723000000,1774322003716000000,999
DiskQueryRelay.taskExecutionTotalTimeUs,1774321943723000000,1774322003716000000,186600
writeAction.count,1774321943723000000,1774322003716000000,8
writeAction.median.wait.ms,1774321943723000000,1774322003716000000,100
DiskQueryRelay.tasksExecuted,1774321943723000000,1774322003716000000,999
DiskQueryRelay.taskWaitingTotalTimeUs,1774321943723000000,1774322003716000000,197577
writeAction.max.wait.ms,1774321943723000000,1774322003716000000,140
JVM.newThreadsCount,1774321943723000000,1774322003716000000,8
JVM.maxThreadCount,1774321943723000000,1774322003716000000,145
JVM.totalTimeAtSafepointsMs,1774321943723000000,1774322003716000000,1
JVM.usedNativeBytes,1774321943723000000,1774322003716000000,510978000
JVM.usedHeapBytes,1774321943723000000,1774322003716000000,476416040
JVM.totalTimeToSafepointsMs,1774321943723000000,1774322003716000000,4
JVM.maxHeapBytes,1774321943723000000,1774322003716000000,2147483648
JVM.GC.collectionTimesMs,1774321943723000000,1774322003716000000,0
JVM.totalCpuTimeMs,1774321943723000000,1774322003716000000,2966
JVM.totalBytesAllocated,1774321943723000000,1774322003716000000,67047960
JVM.totalDirectByteBuffersBytes,1774321943723000000,1774322003716000000,329924842
JVM.threadCount,1774321943723000000,1774322003716000000,60
OS.loadAverage,1774321943723000000,1774322003716000000,4.89453125
JVM.totalSafepointCount,1774321943723000000,1774322003716000000,19
JVM.GC.collections,1774321943723000000,1774322003716000000,0
Indexing.cache.totalCacheMisses,1774321943723000000,1774322003716000000,24
Indexing.writer_0.totalTimeSpentWritingMs,1774321943723000000,1774322003716000000,0
Indexing.cache.totalCacheEvicted,1774321943723000000,1774322003716000000,24
Indexing.totalTimeIndexersSleptMs,1774321943723000000,1774322003716000000,0
IndexesFlusher.totalFlushingTimeUs,1774321943723000000,1774322003716000000,226250
Indexing.writer_3.totalTimeSpentWritingMs,1774321943723000000,1774322003716000000,0
Indexes.stubs.lookups,1774321943723000000,1774322003716000000,44
IndexesFlusher.totalContentionQuotaSpent,1774321943723000000,1774322003716000000,0
IndexesFlusher.totalFlushesRetried,1774321943723000000,1774322003716000000,0
Indexes.stubs.lookupDuration90PMs,1774321943723000000,1774322003716000000,0.0
Indexes.entries.lookupDurationAvgMs,1774321943723000000,1774322003716000000,0.0
Indexes.allKeys.lookups,1774321943723000000,1774322003716000000,2
Indexes.allKeys.lookupDuration90PMs,1774321943723000000,1774322003716000000,0.0
Indexes.allKeys.lookupDurationMaxMs,1774321943723000000,1774322003716000000,0.0
Indexes.allKeys.lookupDurationAvgMs,1774321943723000000,1774322003716000000,0.0
Indexing.writer_2.totalTimeSpentWritingMs,1774321943723000000,1774322003716000000,0
Indexes.stubs.lookupDurationMaxMs,1774321943723000000,1774322003716000000,0.0
Indexes.entries.lookupDurationMaxMs,1774321943723000000,1774322003716000000,0.0
Indexing.cache.totalCacheAccesses,1774321943723000000,1774322003716000000,48
Indexing.writer_1.totalTimeSpentWritingMs,1774321943723000000,1774322003716000000,0
Indexes.stubs.lookupDurationAvgMs,1774321943723000000,1774322003716000000,0.0
Indexing.writesQueuedMax,1774321943723000000,1774322003716000000,0
Indexes.entries.lookupDuration90PMs,1774321943723000000,1774322003716000000,0.0
IndexesFlusher.totalFlushes,1774321943723000000,1774322003716000000,118
Indexing.writesQueuedMin,1774321943723000000,1774322003716000000,9223372036854775807
Indexes.entries.lookups,1774321943723000000,1774322003716000000,2
VFS.contentStorage.recordsReadDecompressed,1774321943723000000,1774322003716000000,0
VFS.contentStorage.recordsRead,1774321943723000000,1774322003716000000,8
VFS.contentStorage.recordsStoredCompressed,1774321943723000000,1774322003716000000,0
VFS.contentStorage.recordsDecompressionTimeUs,1774321943723000000,1774322003716000000,0
VFS.fileByIdCache.hits,1774321943723000000,1774322003716000000,1
VFS.invertedFileNameIndex.requests,1774321943723000000,1774322003716000000,0
VFS.fileChildByName,1774321943723000000,1774322003716000000,1319
FileNameCache.queries,1774321943723000000,1774322003716000000,33920
VFS.fileByIdCache.misses,1774321943723000000,1774322003716000000,2
FileNameCache.totalMisses,1774321943723000000,1774322003716000000,256
VFS.contentStorage.recordsStoredSize,1774321943723000000,1774322003716000000,0
VFS.contentStorage.recordsUncompressedSize,1774321943723000000,1774322003716000000,0
VFS.contentStorage.recordsDeduplicated,1774321943723000000,1774322003716000000,0
VFS.contentStorage.recordsReadSize,1774321943723000000,1774322003716000000,9806
VFS.contentStorage.recordsStored,1774321943723000000,1774322003716000000,0
cacheStateStorage.set.counter,1774322003716000000,1774322063714000000,3
cacheStateStorage.get.duration,1774322003716000000,1774322063714000000,35
cacheStateStorage.get.counter,1774322003716000000,1774322063714000000,3
cacheStateStorage.set.duration,1774322003716000000,1774322063714000000,3
workspaceModel.mutableEntityStorage.mutable.ext.mapping.ms,1774322003716000000,1774322063714000000,0
workspaceModel.mutableEntityStorage.referrers.ms,1774322003716000000,1774322063714000000,0
jps.app.storage.content.writer.save.component.ms,1774322003716000000,1774322063714000000,5
jps.module.dependency.index.workspace.model.listener.on.changed.ms,1774322003716000000,1774322063714000000,0
jps.module.iml.entities.serializer.load.entities.ms,1774322003716000000,1774322063714000000,0
workspaceModel.mutableEntityStorage.remove.entity.ms,1774322003716000000,1774322063714000000,0
workspaceModel.mutableEntityStorage.changeLog.addReplaceEventForNewChild.ms,1774322003716000000,1774322063714000000,0
workspaceModel.mutableEntityStorage.collect.changes.ms,1774322003716000000,1774322063714000000,0
jps.apply.loaded.storage.ms,1774322003716000000,1774322063714000000,0
workspaceModel.moduleManagerBridge.load.all.modules.ms,1774322003716000000,1774322063714000000,0
workspaceModel.load.cache.metadata.from.file.ms,1774322003716000000,1774322063714000000,0
jps.module.iml.entities.serializer.save.entities.ms,1774322003716000000,1774322063714000000,0
jps.facet.change.listener.before.change.events.ms,1774322003716000000,1774322063714000000,0
workspaceModel.mutableEntityStorage.add.entity.ms,1774322003716000000,1774322063714000000,0
jps.facet.change.listener.process.change.events.ms,1774322003716000000,1774322063714000000,0
workspaceModel.mutableEntityStorage.to.snapshot.ms,1774322003716000000,1774322063714000000,0
workspaceModel.moduleBridgeLoader.loading.modules.ms,1774322003716000000,1774322063714000000,0
workspaceModel.moduleManagerBridge.load.module.ms,1774322003716000000,1774322063714000000,0
jps.reload.project.entities.ms,1774322003716000000,1774322063714000000,0
jps.storage.jps.conf.reader.load.component.ms,1774322003716000000,1774322063714000000,0
workspaceModel.mutableEntityStorage.modify.entity.ms,1774322003716000000,1774322063714000000,0
workspaceModel.mutableEntityStorage.changeLog.addReplaceEventForRemovedParent.ms,1774322003716000000,1774322063714000000,0
jps.project.serializers.load.ms,1774322003716000000,1774322063714000000,0
jps.load.project.to.empty.storage.ms,1774322003716000000,1774322063714000000,0
workspaceModel.moduleManagerBridge.create.module.instance.ms,1774322003716000000,1774322063714000000,0
workspaceModel.save.cache.to.file.ms,1774322003716000000,1774322063714000000,0
workspaceModel.mutableEntityStorage.changeLog.addReplaceEventForNewParent.ms,1774322003716000000,1774322063714000000,0
jps.global.get.libraries.ms,1774322003716000000,1774322063714000000,0
workspaceModel.global.apply.state.to.project.builder.ms,1774322003716000000,1774322063714000000,0
workspaceModel.moduleBridge.update.option.ms,1774322003716000000,1774322063714000000,0
workspaceModel.mutableEntityStorage.instances.count,1774322003716000000,1774322063714000000,0
workspaceModel.mutableEntityStorage.entities.by.source.ms,1774322003716000000,1774322063714000000,0
workspaceModel.delayed.project.synchronizer.sync.ms,1774322003716000000,1774322063714000000,0
workspaceModel.orphan.listener.update.ms,1774322003716000000,1774322063714000000,0
workspaceModel.mutableEntityStorage.apply.changes.from.ms,1774322003716000000,1774322063714000000,0
workspaceModel.moduleManagerBridge.new.nonPersistent.module.ms,1774322003716000000,1774322063714000000,0
workspaceModel.do.save.caches.ms,1774322003716000000,1774322063714000000,0
jps.project.serializers.save.ms,1774322003716000000,1774322063714000000,4
jps.artifact.entities.serializer.load.entities.ms,1774322003716000000,1774322063714000000,0
workspaceModel.global.updates.count,1774322003716000000,1774322063714000000,0
jps.global.get.library.by.name.ms,1774322003716000000,1774322063714000000,0
jps.global.get.library.ms,1774322003716000000,1774322063714000000,0
workspaceModel.mutableEntityStorage.put.entity.ms,1774322003716000000,1774322063714000000,0
workspaceModel.moduleBridge.before.changed.ms,1774322003716000000,1774322063714000000,0
jps.global.handle.changed.events.ms,1774322003716000000,1774322063714000000,0
jps.load.initial.state.ms,1774322003716000000,1774322063714000000,0
workspaceModel.mutableEntityStorage.entities.ms,1774322003716000000,1774322063714000000,0
jps.app.storage.content.reader.load.component.ms,1774322003716000000,1774322063714000000,0
jps.facet.change.listener.init.bridge.ms,1774322003716000000,1774322063714000000,0
workspaceModel.moduleManagerBridge.build.module.graph.ms,1774322003716000000,1774322063714000000,0
jps.global.initialize.library.bridges.ms,1774322003716000000,1774322063714000000,0
workspaceModel.mutableEntityStorage.replace.by.source.ms,1774322003716000000,1774322063714000000,0
workspaceModel.sync.entities.ms,1774322003716000000,1774322063714000000,0
workspaceModel.global.apply.state.to.project.ms,1774322003716000000,1774322063714000000,0
jps.global.handle.before.change.events.ms,1774322003716000000,1774322063714000000,0
workspaceModel.mutableEntityStorage.changeLog.addReplaceEventForRemovedChild.ms,1774322003716000000,1774322063714000000,0
jps.library.entities.serializer.save.entities.ms,1774322003716000000,1774322063714000000,0
workspaceModel.moduleManagerBridge.set.unloadedModules.ms,1774322003716000000,1774322063714000000,0
workspaceModel.mutableEntityStorage.mutable.vfurl.index.ms,1774322003716000000,1774322063714000000,0
jps.save.global.entities.ms,1774322003716000000,1774322063714000000,10
workspaceModel.moduleManagerBridge.newModule.ms,1774322003716000000,1774322063714000000,0
workspaceModel.load.cache.from.file.ms,1774322003716000000,1774322063714000000,0
workspaceModel.moduleBridge.facet.initialization.ms,1774322003716000000,1774322063714000000,0
workspaceModel.moduleManagerBridge.get.modules.ms,1774322003716000000,1774322063714000000,0
workspaceModel.global.updates.ms,1774322003716000000,1774322063714000000,0
workspaceModel.mutableEntityStorage.resolve.ms,1774322003716000000,1774322063714000000,0
jps.library.entities.serializer.load.entities.ms,1774322003716000000,1774322063714000000,0
jps.global.initialize.library.bridges.after.loading.ms,1774322003716000000,1774322063714000000,0
jps.artifact.entities.serializer.save.entities.ms,1774322003716000000,1774322063714000000,0
workspaceModel.mutableEntityStorage.has.same.entities.ms,1774322003716000000,1774322063714000000,0
jps.save.changed.project.entities.ms,1774322003716000000,1774322063714000000,6
AWTEventQueue.dispatchTimeMaxNs,1774322003716000000,1774322063714000000,0
FlushQueue.waitingTimeAvgNs,1774322003716000000,1774322063714000000,0.0
FlushQueue.tasksExecuted,1774322003716000000,1774322063714000000,0
WriteAction.executionsCount,1774322003716000000,1774322063714000000,13
FlushQueue.executionTimeAvgNs,1774322003716000000,1774322063714000000,0.0
NonBlockingReadAction.finalizedExecutionsCount,1774322003716000000,1774322063714000000,59
NonBlockingReadAction.failedExecutionTimeUs,1774322003716000000,1774322063714000000,0
FlushQueue.queueSizeMax,1774322003716000000,1774322063714000000,0
FlushQueue.queueSize90P,1774322003716000000,1774322063714000000,0
FlushQueue.waitingTimeMaxNs,1774322003716000000,1774322063714000000,0
NonBlockingReadAction.failedExecutionsCount,1774322003716000000,1774322063714000000,0
AWTEventQueue.dispatchTimeAvgNs,1774322003716000000,1774322063714000000,0.0
NonBlockingReadAction.finalizedExecutionTimeUs,1774322003716000000,1774322063714000000,58294
FlushQueue.executionTimeMaxNs,1774322003716000000,1774322063714000000,0
AWTEventQueue.dispatchTimeTotalNS,1774322003716000000,1774322063714000000,2218861743
FlushQueue.waitingTime90PNs,1774322003716000000,1774322063714000000,0
FlushQueue.executionTime90PNs,1774322003716000000,1774322063714000000,0
AWTEventQueue.dispatchTime90PNs,1774322003716000000,1774322063714000000,0
AWTEventQueue.eventsDispatched,1774322003716000000,1774322063714000000,0
ReadAction.executionsCount,1774322003716000000,1774322063714000000,1710997
FlushQueue.queueSizeAvg,1774322003716000000,1774322063714000000,0.0
FilePageCache.totalPageDisposalsUs,1774322003716000000,1774322063714000000,10
FilePageCache.pageFastCacheHits,1774322003716000000,1774322063714000000,4423
DirectByteBufferAllocator.reclaimed,1774322003716000000,1774322063714000000,0
StorageLockContext.competingThreads.90P,1774322003716000000,1774322063714000000,0
FileChannelInterruptsRetryer.totalRetriedAttempts,1774322003716000000,1774322063714000000,0
MappedFileStorage.totalPagesMapped,1774322003716000000,1774322063714000000,22
FilePageCacheLockFree.totalPageAllocationsWaited,1774322003716000000,1774322063714000000,0
FilePageCacheLockFree.totalPagesWriteMs,1774322003716000000,1774322063714000000,0
StreamlinedBlobStorage.totalLiveRecordsPayloadBytes,1774322003716000000,1774322063714000000,2
FilePageCacheLockFree.totalPagesReadMs,1774322003716000000,1774322063714000000,0
FilePageCache.disposedBuffers,1774322003716000000,1774322063714000000,0
MappedFileStorage.totalBytesMapped,1774322003716000000,1774322063714000000,257163264
FilePageCacheLockFree.totalHeapBytesAllocated,1774322003716000000,1774322063714000000,0
FilePageCacheLockFree.totalClosedStoragesReclaimed,1774322003716000000,1774322063714000000,0
FilePageCache.pageHits,1774322003716000000,1774322063714000000,3
FilePageCacheLockFree.totalPagesAllocated,1774322003716000000,1774322063714000000,0
DirectByteBufferAllocator.hits,1774322003716000000,1774322063714000000,0
FilePageCacheLockFree.housekeeperTurnsDone,1774322003716000000,1774322063714000000,0
FilePageCache.uncachedFileAccess,1774322003716000000,1774322063714000000,17
StreamlinedBlobStorage.totalLiveRecordsCapacityBytes,1774322003716000000,1774322063714000000,0
FilePageCacheLockFree.housekeeperTurnsSkipped,1774322003716000000,1774322063714000000,0
FilePageCacheLockFree.totalNativeBytesAllocated,1774322003716000000,1774322063714000000,0
FilePageCacheLockFree.totalHeapBytesReclaimed,1774322003716000000,1774322063714000000,0
FilePageCacheLockFree.totalPagesRequestsMs,1774322003716000000,1774322063714000000,0
FilePageCacheLockFree.totalPagesRequested,1774322003716000000,1774322063714000000,0
FilePageCacheLockFree.housekeeperTimeSpentMs,1774322003716000000,1774322063714000000,0
FilePageCacheLockFree.totalBytesRead,1774322003716000000,1774322063714000000,0
MappedFileStorage.storages,1774322003716000000,1774322063714000000,16
FilePageCacheLockFree.totalPagesHandedOver,1774322003716000000,1774322063714000000,0
DirectByteBufferAllocator.totalSizeOfBuffersAllocatedInBytes,1774322003716000000,1774322063714000000,329285632
StreamlinedBlobStorage.recordsDeleted,1774322003716000000,1774322063714000000,0
StorageLockContext.competingThreads.avg,1774322003716000000,1774322063714000000,0.0
FilePageCacheLockFree.totalNativeBytesReclaimed,1774322003716000000,1774322063714000000,0
FilePageCache.pageLoads,1774322003716000000,1774322063714000000,2
FilePageCacheLockFree.totalPagesWritten,1774322003716000000,1774322063714000000,0
FilePageCacheLockFree.nativeBytesInUse,1774322003716000000,1774322063714000000,0
MappedFileStorage.totalTimeSpentOnMappingUs,1774322003716000000,1774322063714000000,20014
DirectByteBufferAllocator.totalSizeOfBuffersCachedInBytes,1774322003716000000,1774322063714000000,0
FilePageCache.capacityInBytes,1774322003716000000,1774322063714000000,503316478
FilePageCacheLockFree.totalBytesRequested,1774322003716000000,1774322063714000000,0
FilePageCacheLockFree.totalBytesWritten,1774322003716000000,1774322063714000000,0
FilePageCache.totalPageLoadsUs,1774322003716000000,1774322063714000000,2869
FilePageCacheLockFree.totalPagesReclaimed,1774322003716000000,1774322063714000000,0
FilePageCacheLockFree.heapBytesInUse,1774322003716000000,1774322063714000000,0
FilePageCache.pageLoadsAboveSizeThreshold,1774322003716000000,1774322063714000000,0
FilePageCache.maxRegisteredFiles,1774322003716000000,1774322063714000000,550
StorageLockContext.competingThreads.max,1774322003716000000,1774322063714000000,0
StreamlinedBlobStorage.recordsAllocated,1774322003716000000,1774322063714000000,0
DirectByteBufferAllocator.misses,1774322003716000000,1774322063714000000,2
StreamlinedBlobStorage.recordsRelocated,1774322003716000000,1774322063714000000,0
FilePageCache.maxCacheSizeInBytes,1774322003716000000,1774322063714000000,329285632
DirectByteBufferAllocator.disposed,1774322003716000000,1774322063714000000,0
workspaceModel.cachedValueWithParameters.from.cache.count,1774322003716000000,1774322063714000000,0
workspaceModel.workspaceFileIndexData.instances.count,1774322003716000000,1774322063714000000,0
workspaceModel.workspaceFileIndexData.init.ms,1774322003716000000,1774322063714000000,0
workspaceModel.cachedValueWithParameters.clear.count,1774322003716000000,1774322063714000000,0
workspaceModel.entityStorageSnapshotImpl.instances.count,1774322003716000000,1774322063714000000,0
workspaceModel.on.changed.ms,1774322003716000000,1774322063714000000,0
workspaceModel.cachedValue.from.cache.count,1774322003716000000,1774322063714000000,445
workspaceModel.pre.handlers.ms,1774322003716000000,1774322063714000000,0
workspaceModel.workspaceFileIndexData.onEntitiesChanged.ms,1774322003716000000,1774322063714000000,0
workspaceModel.workspaceFileIndexData.processFileSets.ms,1774322003716000000,1774322063714000000,0
workspaceModel.cachedValueWithParameters.total.get.count,1774322003716000000,1774322063714000000,0
workspaceModel.workspaceFileIndexData.getDirectoriesByPackageName.ms,1774322003716000000,1774322063714000000,18
workspaceModel.initializing.ms,1774322003716000000,1774322063714000000,0
workspaceModel.updates.ms,1774322003716000000,1774322063714000000,0
workspaceModel.loading.from.cache.ms,1774322003716000000,1774322063714000000,0
workspaceModel.cachedValue.total.get.count,1774322003716000000,1774322063714000000,448
workspaceModel.cachedValue.calculated.count,1774322003716000000,1774322063714000000,3
workspaceModel.collect.changes.ms,1774322003716000000,1774322063714000000,0
workspaceModel.on.before.changed.ms,1774322003716000000,1774322063714000000,0
workspaceModel.full.replace.project.model.ms,1774322003716000000,1774322063714000000,0
workspaceModel.check.recursive.update.ms,1774322003716000000,1774322063714000000,0
workspaceModel.workspaceFileIndexData.updateDirtyEntities.ms,1774322003716000000,1774322063714000000,0
workspaceModel.updates.count,1774322003716000000,1774322063714000000,0
workspaceModel.workspaceFileIndexContributor.registerFileSets.ms,1774322003716000000,1774322063714000000,0
workspaceModel.cachedValueWithParameters.calculated.count,1774322003716000000,1774322063714000000,0
workspaceModel.update.unloaded.entities.ms,1774322003716000000,1774322063714000000,0
workspaceModel.cachedValue.clear.count,1774322003716000000,1774322063714000000,0
workspaceModel.to.snapshot.ms,1774322003716000000,1774322063714000000,0
workspaceModel.replace.project.model.ms,1774322003716000000,1774322063714000000,0
workspaceModel.init.bridges.ms,1774322003716000000,1774322063714000000,0
workspaceModel.updates.precise.ms,1774322003716000000,1774322063714000000,0
workspaceModel.workspaceFileIndexData.visitFileSets.ms,1774322003716000000,1774322063714000000,2
workspaceModel.workspaceFileIndexData.getFileInfo.ms,1774322003716000000,1774322063714000000,407
workspaceModel.loading.total.ms,1774322003716000000,1774322063714000000,0
workspaceModel.workspaceFileIndexData.getPackageName.ms,1774322003716000000,1774322063714000000,2
workspaceModel.workspaceFileIndexData.markDirty.ms,1774322003716000000,1774322063714000000,0
compiler.ArtifactManagerBridge.getArtifactsByType.ms,1774322003716000000,1774322063714000000,0
compiler.ArtifactVirtualFileListener.propertyChanged.ms,1774322003716000000,1774322063714000000,0
compiler.ArtifactManagerBridge.getArtifacts.ms,1774322003716000000,1774322063714000000,0
compiler.ArtifactManagerBridge.findArtifact.ms,1774322003716000000,1774322063714000000,0
compiler.ArtifactManagerBridge.commit.ms,1774322003716000000,1774322063714000000,0
compiler.ArtifactVirtualFileListener.filePathChanged.ms,1774322003716000000,1774322063714000000,0
compiler.ArtifactManagerBridge.dropMappings.ms,1774322003716000000,1774322063714000000,0
compiler.ArtifactManagerBridge.initBridges.ms,1774322003716000000,1774322063714000000,0
compiler.ArtifactManagerBridge.addArtifact.ms,1774322003716000000,1774322063714000000,0
lexer.JAVA.time.ns,1774322003716000000,1774322063714000000,501459
writeAction.wait.ms,1774322003716000000,1774322063714000000,0
DiskQueryRelay.tasksRequested,1774322003716000000,1774322063714000000,563
DiskQueryRelay.taskExecutionTotalTimeUs,1774322003716000000,1774322063714000000,109028
parser.JAVA.time.ns,1774322003716000000,1774322063714000000,835166
writeAction.count,1774322003716000000,1774322063714000000,13
parser.JAVA.size.bytes,1774322003716000000,1774322063714000000,11098
writeAction.median.wait.ms,1774322003716000000,1774322063714000000,100
lexer.JAVA.size.bytes,1774322003716000000,1774322063714000000,11098
DiskQueryRelay.tasksExecuted,1774322003716000000,1774322063714000000,563
DiskQueryRelay.taskWaitingTotalTimeUs,1774322003716000000,1774322063714000000,125945
writeAction.max.wait.ms,1774322003716000000,1774322063714000000,140
JVM.newThreadsCount,1774322003716000000,1774322063714000000,11
JVM.maxThreadCount,1774322003716000000,1774322063714000000,145
JVM.totalTimeAtSafepointsMs,1774322003716000000,1774322063714000000,136
JVM.usedNativeBytes,1774322003716000000,1774322063714000000,512216232
JVM.usedHeapBytes,1774322003716000000,1774322063714000000,455065624
JVM.totalTimeToSafepointsMs,1774322003716000000,1774322063714000000,5
JVM.maxHeapBytes,1774322003716000000,1774322063714000000,2147483648
JVM.GC.collectionTimesMs,1774322003716000000,1774322063714000000,132
JVM.totalCpuTimeMs,1774322003716000000,1774322063714000000,10000
JVM.totalBytesAllocated,1774322003716000000,1774322063714000000,685129960
JVM.totalDirectByteBuffersBytes,1774322003716000000,1774322063714000000,332006803
JVM.threadCount,1774322003716000000,1774322063714000000,68
OS.loadAverage,1774322003716000000,1774322063714000000,3.71435546875
JVM.totalSafepointCount,1774322003716000000,1774322063714000000,41
JVM.GC.collections,1774322003716000000,1774322063714000000,5
Indexing.cache.totalCacheMisses,1774322003716000000,1774322063714000000,3311
Indexing.writer_0.totalTimeSpentWritingMs,1774322003716000000,1774322063714000000,0
Indexing.cache.totalCacheEvicted,1774322003716000000,1774322063714000000,3311
Indexing.totalTimeIndexersSleptMs,1774322003716000000,1774322063714000000,0
IndexesFlusher.totalFlushingTimeUs,1774322003716000000,1774322063714000000,246446
Indexing.writer_3.totalTimeSpentWritingMs,1774322003716000000,1774322063714000000,0
Indexes.stubs.lookups,1774322003716000000,1774322063714000000,2713
IndexesFlusher.totalContentionQuotaSpent,1774322003716000000,1774322063714000000,0
IndexesFlusher.totalFlushesRetried,1774322003716000000,1774322063714000000,0
Indexes.stubs.lookupDuration90PMs,1774322003716000000,1774322063714000000,0.0
Indexes.entries.lookupDurationAvgMs,1774322003716000000,1774322063714000000,0.0
Indexes.allKeys.lookups,1774322003716000000,1774322063714000000,2
Indexes.allKeys.lookupDuration90PMs,1774322003716000000,1774322063714000000,0.0
Indexes.allKeys.lookupDurationMaxMs,1774322003716000000,1774322063714000000,0.0
Indexes.allKeys.lookupDurationAvgMs,1774322003716000000,1774322063714000000,0.0
Indexing.writer_2.totalTimeSpentWritingMs,1774322003716000000,1774322063714000000,0
Indexes.stubs.lookupDurationMaxMs,1774322003716000000,1774322063714000000,0.0
Indexes.entries.lookupDurationMaxMs,1774322003716000000,1774322063714000000,0.0
Indexing.cache.totalCacheAccesses,1774322003716000000,1774322063714000000,3610
Indexing.writer_1.totalTimeSpentWritingMs,1774322003716000000,1774322063714000000,0
Indexes.stubs.lookupDurationAvgMs,1774322003716000000,1774322063714000000,0.0
Indexing.writesQueuedMax,1774322003716000000,1774322063714000000,0
Indexes.entries.lookupDuration90PMs,1774322003716000000,1774322063714000000,0.0
IndexesFlusher.totalFlushes,1774322003716000000,1774322063714000000,116
Indexing.writesQueuedMin,1774322003716000000,1774322063714000000,9223372036854775807
Indexes.entries.lookups,1774322003716000000,1774322063714000000,648
VFS.contentStorage.recordsReadDecompressed,1774322003716000000,1774322063714000000,69
VFS.contentStorage.recordsRead,1774322003716000000,1774322063714000000,224
VFS.contentStorage.recordsStoredCompressed,1774322003716000000,1774322063714000000,0
VFS.contentStorage.recordsDecompressionTimeUs,1774322003716000000,1774322063714000000,6176
VFS.fileByIdCache.hits,1774322003716000000,1774322063714000000,1
VFS.invertedFileNameIndex.requests,1774322003716000000,1774322063714000000,4
VFS.fileChildByName,1774322003716000000,1774322063714000000,30393
FileNameCache.queries,1774322003716000000,1774322063714000000,147584
VFS.fileByIdCache.misses,1774322003716000000,1774322063714000000,2336
FileNameCache.totalMisses,1774322003716000000,1774322063714000000,896
VFS.contentStorage.recordsStoredSize,1774322003716000000,1774322063714000000,0
VFS.contentStorage.recordsUncompressedSize,1774322003716000000,1774322063714000000,0
VFS.contentStorage.recordsDeduplicated,1774322003716000000,1774322063714000000,0
VFS.contentStorage.recordsReadSize,1774322003716000000,1774322063714000000,4249015
VFS.contentStorage.recordsStored,1774322003716000000,1774322063714000000,0
cacheStateStorage.set.counter,1774322063714000000,1774322123700000000,0
cacheStateStorage.get.duration,1774322063714000000,1774322123700000000,0
cacheStateStorage.get.counter,1774322063714000000,1774322123700000000,0
cacheStateStorage.set.duration,1774322063714000000,1774322123700000000,0
workspaceModel.mutableEntityStorage.mutable.ext.mapping.ms,1774322063714000000,1774322123700000000,0
workspaceModel.mutableEntityStorage.referrers.ms,1774322063714000000,1774322123700000000,0
jps.app.storage.content.writer.save.component.ms,1774322063714000000,1774322123700000000,9
jps.module.dependency.index.workspace.model.listener.on.changed.ms,1774322063714000000,1774322123700000000,0
jps.module.iml.entities.serializer.load.entities.ms,1774322063714000000,1774322123700000000,0
workspaceModel.mutableEntityStorage.remove.entity.ms,1774322063714000000,1774322123700000000,0
workspaceModel.mutableEntityStorage.changeLog.addReplaceEventForNewChild.ms,1774322063714000000,1774322123700000000,0
workspaceModel.mutableEntityStorage.collect.changes.ms,1774322063714000000,1774322123700000000,0
jps.apply.loaded.storage.ms,1774322063714000000,1774322123700000000,0
workspaceModel.moduleManagerBridge.load.all.modules.ms,1774322063714000000,1774322123700000000,0
workspaceModel.load.cache.metadata.from.file.ms,1774322063714000000,1774322123700000000,0
jps.module.iml.entities.serializer.save.entities.ms,1774322063714000000,1774322123700000000,0
jps.facet.change.listener.before.change.events.ms,1774322063714000000,1774322123700000000,0
workspaceModel.mutableEntityStorage.add.entity.ms,1774322063714000000,1774322123700000000,0
jps.facet.change.listener.process.change.events.ms,1774322063714000000,1774322123700000000,0
workspaceModel.mutableEntityStorage.to.snapshot.ms,1774322063714000000,1774322123700000000,0
workspaceModel.moduleBridgeLoader.loading.modules.ms,1774322063714000000,1774322123700000000,0
workspaceModel.moduleManagerBridge.load.module.ms,1774322063714000000,1774322123700000000,0
jps.reload.project.entities.ms,1774322063714000000,1774322123700000000,0
jps.storage.jps.conf.reader.load.component.ms,1774322063714000000,1774322123700000000,0
workspaceModel.mutableEntityStorage.modify.entity.ms,1774322063714000000,1774322123700000000,0
workspaceModel.mutableEntityStorage.changeLog.addReplaceEventForRemovedParent.ms,1774322063714000000,1774322123700000000,0
jps.project.serializers.load.ms,1774322063714000000,1774322123700000000,0
jps.load.project.to.empty.storage.ms,1774322063714000000,1774322123700000000,0
workspaceModel.moduleManagerBridge.create.module.instance.ms,1774322063714000000,1774322123700000000,0
workspaceModel.save.cache.to.file.ms,1774322063714000000,1774322123700000000,0
workspaceModel.mutableEntityStorage.changeLog.addReplaceEventForNewParent.ms,1774322063714000000,1774322123700000000,0
jps.global.get.libraries.ms,1774322063714000000,1774322123700000000,0
workspaceModel.global.apply.state.to.project.builder.ms,1774322063714000000,1774322123700000000,0
workspaceModel.moduleBridge.update.option.ms,1774322063714000000,1774322123700000000,0
workspaceModel.mutableEntityStorage.instances.count,1774322063714000000,1774322123700000000,0
workspaceModel.mutableEntityStorage.entities.by.source.ms,1774322063714000000,1774322123700000000,0
workspaceModel.delayed.project.synchronizer.sync.ms,1774322063714000000,1774322123700000000,0
workspaceModel.orphan.listener.update.ms,1774322063714000000,1774322123700000000,0
workspaceModel.mutableEntityStorage.apply.changes.from.ms,1774322063714000000,1774322123700000000,0
workspaceModel.moduleManagerBridge.new.nonPersistent.module.ms,1774322063714000000,1774322123700000000,0
workspaceModel.do.save.caches.ms,1774322063714000000,1774322123700000000,0
jps.project.serializers.save.ms,1774322063714000000,1774322123700000000,10
jps.artifact.entities.serializer.load.entities.ms,1774322063714000000,1774322123700000000,0
workspaceModel.global.updates.count,1774322063714000000,1774322123700000000,0
jps.global.get.library.by.name.ms,1774322063714000000,1774322123700000000,0
jps.global.get.library.ms,1774322063714000000,1774322123700000000,0
workspaceModel.mutableEntityStorage.put.entity.ms,1774322063714000000,1774322123700000000,0
workspaceModel.moduleBridge.before.changed.ms,1774322063714000000,1774322123700000000,0
jps.global.handle.changed.events.ms,1774322063714000000,1774322123700000000,0
jps.load.initial.state.ms,1774322063714000000,1774322123700000000,0
workspaceModel.mutableEntityStorage.entities.ms,1774322063714000000,1774322123700000000,0
jps.app.storage.content.reader.load.component.ms,1774322063714000000,1774322123700000000,0
jps.facet.change.listener.init.bridge.ms,1774322063714000000,1774322123700000000,0
workspaceModel.moduleManagerBridge.build.module.graph.ms,1774322063714000000,1774322123700000000,0
jps.global.initialize.library.bridges.ms,1774322063714000000,1774322123700000000,0
workspaceModel.mutableEntityStorage.replace.by.source.ms,1774322063714000000,1774322123700000000,0
workspaceModel.sync.entities.ms,1774322063714000000,1774322123700000000,0
workspaceModel.global.apply.state.to.project.ms,1774322063714000000,1774322123700000000,0
jps.global.handle.before.change.events.ms,1774322063714000000,1774322123700000000,0
workspaceModel.mutableEntityStorage.changeLog.addReplaceEventForRemovedChild.ms,1774322063714000000,1774322123700000000,0
jps.library.entities.serializer.save.entities.ms,1774322063714000000,1774322123700000000,0
workspaceModel.moduleManagerBridge.set.unloadedModules.ms,1774322063714000000,1774322123700000000,0
workspaceModel.mutableEntityStorage.mutable.vfurl.index.ms,1774322063714000000,1774322123700000000,0
jps.save.global.entities.ms,1774322063714000000,1774322123700000000,21
workspaceModel.moduleManagerBridge.newModule.ms,1774322063714000000,1774322123700000000,0
workspaceModel.load.cache.from.file.ms,1774322063714000000,1774322123700000000,0
workspaceModel.moduleBridge.facet.initialization.ms,1774322063714000000,1774322123700000000,0
workspaceModel.moduleManagerBridge.get.modules.ms,1774322063714000000,1774322123700000000,0
workspaceModel.global.updates.ms,1774322063714000000,1774322123700000000,0
workspaceModel.mutableEntityStorage.resolve.ms,1774322063714000000,1774322123700000000,0
jps.library.entities.serializer.load.entities.ms,1774322063714000000,1774322123700000000,0
jps.global.initialize.library.bridges.after.loading.ms,1774322063714000000,1774322123700000000,0
jps.artifact.entities.serializer.save.entities.ms,1774322063714000000,1774322123700000000,0
workspaceModel.mutableEntityStorage.has.same.entities.ms,1774322063714000000,1774322123700000000,0
jps.save.changed.project.entities.ms,1774322063714000000,1774322123700000000,11
AWTEventQueue.dispatchTimeMaxNs,1774322063714000000,1774322123700000000,454655
FlushQueue.waitingTimeAvgNs,1774322063714000000,1774322123700000000,0.0
FlushQueue.tasksExecuted,1774322063714000000,1774322123700000000,0
WriteAction.executionsCount,1774322063714000000,1774322123700000000,5
FlushQueue.executionTimeAvgNs,1774322063714000000,1774322123700000000,0.0
NonBlockingReadAction.finalizedExecutionsCount,1774322063714000000,1774322123700000000,64
NonBlockingReadAction.failedExecutionTimeUs,1774322063714000000,1774322123700000000,0
FlushQueue.queueSizeMax,1774322063714000000,1774322123700000000,0
FlushQueue.queueSize90P,1774322063714000000,1774322123700000000,0
FlushQueue.waitingTimeMaxNs,1774322063714000000,1774322123700000000,0
NonBlockingReadAction.failedExecutionsCount,1774322063714000000,1774322123700000000,0
AWTEventQueue.dispatchTimeAvgNs,1774322063714000000,1774322123700000000,235242.66666666666
NonBlockingReadAction.finalizedExecutionTimeUs,1774322063714000000,1774322123700000000,16490
FlushQueue.executionTimeMaxNs,1774322063714000000,1774322123700000000,0
AWTEventQueue.dispatchTimeTotalNS,1774322063714000000,1774322123700000000,1700901529
FlushQueue.waitingTime90PNs,1774322063714000000,1774322123700000000,0
FlushQueue.executionTime90PNs,1774322063714000000,1774322123700000000,0
AWTEventQueue.dispatchTime90PNs,1774322063714000000,1774322123700000000,454655
AWTEventQueue.eventsDispatched,1774322063714000000,1774322123700000000,6
ReadAction.executionsCount,1774322063714000000,1774322123700000000,12145
FlushQueue.queueSizeAvg,1774322063714000000,1774322123700000000,0.0
FilePageCache.totalPageDisposalsUs,1774322063714000000,1774322123700000000,0
FilePageCache.pageFastCacheHits,1774322063714000000,1774322123700000000,43
DirectByteBufferAllocator.reclaimed,1774322063714000000,1774322123700000000,0
StorageLockContext.competingThreads.90P,1774322063714000000,1774322123700000000,0
FileChannelInterruptsRetryer.totalRetriedAttempts,1774322063714000000,1774322123700000000,0
MappedFileStorage.totalPagesMapped,1774322063714000000,1774322123700000000,22
FilePageCacheLockFree.totalPageAllocationsWaited,1774322063714000000,1774322123700000000,0
FilePageCacheLockFree.totalPagesWriteMs,1774322063714000000,1774322123700000000,0
StreamlinedBlobStorage.totalLiveRecordsPayloadBytes,1774322063714000000,1774322123700000000,-3
FilePageCacheLockFree.totalPagesReadMs,1774322063714000000,1774322123700000000,0
FilePageCache.disposedBuffers,1774322063714000000,1774322123700000000,0
MappedFileStorage.totalBytesMapped,1774322063714000000,1774322123700000000,257163264
FilePageCacheLockFree.totalHeapBytesAllocated,1774322063714000000,1774322123700000000,0
FilePageCacheLockFree.totalClosedStoragesReclaimed,1774322063714000000,1774322123700000000,0
FilePageCache.pageHits,1774322063714000000,1774322123700000000,0
FilePageCacheLockFree.totalPagesAllocated,1774322063714000000,1774322123700000000,0
DirectByteBufferAllocator.hits,1774322063714000000,1774322123700000000,0
FilePageCacheLockFree.housekeeperTurnsDone,1774322063714000000,1774322123700000000,0
FilePageCache.uncachedFileAccess,1774322063714000000,1774322123700000000,6
StreamlinedBlobStorage.totalLiveRecordsCapacityBytes,1774322063714000000,1774322123700000000,0
FilePageCacheLockFree.housekeeperTurnsSkipped,1774322063714000000,1774322123700000000,0
FilePageCacheLockFree.totalNativeBytesAllocated,1774322063714000000,1774322123700000000,0
FilePageCacheLockFree.totalHeapBytesReclaimed,1774322063714000000,1774322123700000000,0
FilePageCacheLockFree.totalPagesRequestsMs,1774322063714000000,1774322123700000000,0
FilePageCacheLockFree.totalPagesRequested,1774322063714000000,1774322123700000000,0
FilePageCacheLockFree.housekeeperTimeSpentMs,1774322063714000000,1774322123700000000,0
FilePageCacheLockFree.totalBytesRead,1774322063714000000,1774322123700000000,0
MappedFileStorage.storages,1774322063714000000,1774322123700000000,16
FilePageCacheLockFree.totalPagesHandedOver,1774322063714000000,1774322123700000000,0
DirectByteBufferAllocator.totalSizeOfBuffersAllocatedInBytes,1774322063714000000,1774322123700000000,329285632
StreamlinedBlobStorage.recordsDeleted,1774322063714000000,1774322123700000000,0
StorageLockContext.competingThreads.avg,1774322063714000000,1774322123700000000,0.0
FilePageCacheLockFree.totalNativeBytesReclaimed,1774322063714000000,1774322123700000000,0
FilePageCache.pageLoads,1774322063714000000,1774322123700000000,0
FilePageCacheLockFree.totalPagesWritten,1774322063714000000,1774322123700000000,0
FilePageCacheLockFree.nativeBytesInUse,1774322063714000000,1774322123700000000,0
MappedFileStorage.totalTimeSpentOnMappingUs,1774322063714000000,1774322123700000000,20014
DirectByteBufferAllocator.totalSizeOfBuffersCachedInBytes,1774322063714000000,1774322123700000000,0
FilePageCache.capacityInBytes,1774322063714000000,1774322123700000000,503316478
FilePageCacheLockFree.totalBytesRequested,1774322063714000000,1774322123700000000,0
FilePageCacheLockFree.totalBytesWritten,1774322063714000000,1774322123700000000,0
FilePageCache.totalPageLoadsUs,1774322063714000000,1774322123700000000,0
FilePageCacheLockFree.totalPagesReclaimed,1774322063714000000,1774322123700000000,0
FilePageCacheLockFree.heapBytesInUse,1774322063714000000,1774322123700000000,0
FilePageCache.pageLoadsAboveSizeThreshold,1774322063714000000,1774322123700000000,0
FilePageCache.maxRegisteredFiles,1774322063714000000,1774322123700000000,550
StorageLockContext.competingThreads.max,1774322063714000000,1774322123700000000,0
StreamlinedBlobStorage.recordsAllocated,1774322063714000000,1774322123700000000,0
DirectByteBufferAllocator.misses,1774322063714000000,1774322123700000000,0
StreamlinedBlobStorage.recordsRelocated,1774322063714000000,1774322123700000000,0
FilePageCache.maxCacheSizeInBytes,1774322063714000000,1774322123700000000,329285632
DirectByteBufferAllocator.disposed,1774322063714000000,1774322123700000000,0
workspaceModel.cachedValueWithParameters.from.cache.count,1774322063714000000,1774322123700000000,0
workspaceModel.workspaceFileIndexData.instances.count,1774322063714000000,1774322123700000000,0
workspaceModel.workspaceFileIndexData.init.ms,1774322063714000000,1774322123700000000,0
workspaceModel.cachedValueWithParameters.clear.count,1774322063714000000,1774322123700000000,0
workspaceModel.entityStorageSnapshotImpl.instances.count,1774322063714000000,1774322123700000000,0
workspaceModel.on.changed.ms,1774322063714000000,1774322123700000000,0
workspaceModel.cachedValue.from.cache.count,1774322063714000000,1774322123700000000,68
workspaceModel.pre.handlers.ms,1774322063714000000,1774322123700000000,0
workspaceModel.workspaceFileIndexData.onEntitiesChanged.ms,1774322063714000000,1774322123700000000,0
workspaceModel.workspaceFileIndexData.processFileSets.ms,1774322063714000000,1774322123700000000,0
workspaceModel.cachedValueWithParameters.total.get.count,1774322063714000000,1774322123700000000,0
workspaceModel.workspaceFileIndexData.getDirectoriesByPackageName.ms,1774322063714000000,1774322123700000000,0
workspaceModel.initializing.ms,1774322063714000000,1774322123700000000,0
workspaceModel.updates.ms,1774322063714000000,1774322123700000000,0
workspaceModel.loading.from.cache.ms,1774322063714000000,1774322123700000000,0
workspaceModel.cachedValue.total.get.count,1774322063714000000,1774322123700000000,68
workspaceModel.cachedValue.calculated.count,1774322063714000000,1774322123700000000,0
workspaceModel.collect.changes.ms,1774322063714000000,1774322123700000000,0
workspaceModel.on.before.changed.ms,1774322063714000000,1774322123700000000,0
workspaceModel.full.replace.project.model.ms,1774322063714000000,1774322123700000000,0
workspaceModel.check.recursive.update.ms,1774322063714000000,1774322123700000000,0
workspaceModel.workspaceFileIndexData.updateDirtyEntities.ms,1774322063714000000,1774322123700000000,0
workspaceModel.updates.count,1774322063714000000,1774322123700000000,0
workspaceModel.workspaceFileIndexContributor.registerFileSets.ms,1774322063714000000,1774322123700000000,0
workspaceModel.cachedValueWithParameters.calculated.count,1774322063714000000,1774322123700000000,0
workspaceModel.update.unloaded.entities.ms,1774322063714000000,1774322123700000000,0
workspaceModel.cachedValue.clear.count,1774322063714000000,1774322123700000000,0
workspaceModel.to.snapshot.ms,1774322063714000000,1774322123700000000,0
workspaceModel.replace.project.model.ms,1774322063714000000,1774322123700000000,0
workspaceModel.init.bridges.ms,1774322063714000000,1774322123700000000,0
workspaceModel.updates.precise.ms,1774322063714000000,1774322123700000000,0
workspaceModel.workspaceFileIndexData.visitFileSets.ms,1774322063714000000,1774322123700000000,0
workspaceModel.workspaceFileIndexData.getFileInfo.ms,1774322063714000000,1774322123700000000,3
workspaceModel.loading.total.ms,1774322063714000000,1774322123700000000,0
workspaceModel.workspaceFileIndexData.getPackageName.ms,1774322063714000000,1774322123700000000,0
workspaceModel.workspaceFileIndexData.markDirty.ms,1774322063714000000,1774322123700000000,0
compiler.ArtifactManagerBridge.getArtifactsByType.ms,1774322063714000000,1774322123700000000,0
compiler.ArtifactVirtualFileListener.propertyChanged.ms,1774322063714000000,1774322123700000000,0
compiler.ArtifactManagerBridge.getArtifacts.ms,1774322063714000000,1774322123700000000,0
compiler.ArtifactManagerBridge.findArtifact.ms,1774322063714000000,1774322123700000000,0
compiler.ArtifactManagerBridge.commit.ms,1774322063714000000,1774322123700000000,0
compiler.ArtifactVirtualFileListener.filePathChanged.ms,1774322063714000000,1774322123700000000,0
compiler.ArtifactManagerBridge.dropMappings.ms,1774322063714000000,1774322123700000000,0
compiler.ArtifactManagerBridge.initBridges.ms,1774322063714000000,1774322123700000000,0
compiler.ArtifactManagerBridge.addArtifact.ms,1774322063714000000,1774322123700000000,0
writeAction.wait.ms,1774322063714000000,1774322123700000000,0
DiskQueryRelay.tasksRequested,1774322063714000000,1774322123700000000,104
DiskQueryRelay.taskExecutionTotalTimeUs,1774322063714000000,1774322123700000000,13433
writeAction.count,1774322063714000000,1774322123700000000,5
writeAction.median.wait.ms,1774322063714000000,1774322123700000000,100
DiskQueryRelay.tasksExecuted,1774322063714000000,1774322123700000000,104
DiskQueryRelay.taskWaitingTotalTimeUs,1774322063714000000,1774322123700000000,13560
writeAction.max.wait.ms,1774322063714000000,1774322123700000000,140
JVM.newThreadsCount,1774322063714000000,1774322123700000000,35
JVM.maxThreadCount,1774322063714000000,1774322123700000000,145
JVM.totalTimeAtSafepointsMs,1774322063714000000,1774322123700000000,3
JVM.usedNativeBytes,1774322063714000000,1774322123700000000,526800688
JVM.usedHeapBytes,1774322063714000000,1774322123700000000,684703768
JVM.totalTimeToSafepointsMs,1774322063714000000,1774322123700000000,3
JVM.maxHeapBytes,1774322063714000000,1774322123700000000,2147483648
JVM.GC.collectionTimesMs,1774322063714000000,1774322123700000000,0
JVM.totalCpuTimeMs,1774322063714000000,1774322123700000000,8170
JVM.totalBytesAllocated,1774322063714000000,1774322123700000000,212513040
JVM.totalDirectByteBuffersBytes,1774322063714000000,1774322123700000000,332262182
JVM.threadCount,1774322063714000000,1774322123700000000,95
OS.loadAverage,1774322063714000000,1774322123700000000,8.21875
JVM.totalSafepointCount,1774322063714000000,1774322123700000000,33
JVM.GC.collections,1774322063714000000,1774322123700000000,0
Indexing.cache.totalCacheMisses,1774322063714000000,1774322123700000000,4
Indexing.writer_0.totalTimeSpentWritingMs,1774322063714000000,1774322123700000000,0
Indexing.cache.totalCacheEvicted,1774322063714000000,1774322123700000000,4
Indexing.totalTimeIndexersSleptMs,1774322063714000000,1774322123700000000,0
IndexesFlusher.totalFlushingTimeUs,1774322063714000000,1774322123700000000,221901
Indexing.writer_3.totalTimeSpentWritingMs,1774322063714000000,1774322123700000000,0
Indexes.stubs.lookups,1774322063714000000,1774322123700000000,4
IndexesFlusher.totalContentionQuotaSpent,1774322063714000000,1774322123700000000,0
IndexesFlusher.totalFlushesRetried,1774322063714000000,1774322123700000000,0
Indexes.stubs.lookupDuration90PMs,1774322063714000000,1774322123700000000,0.0
Indexes.entries.lookupDurationAvgMs,1774322063714000000,1774322123700000000,0.0
Indexes.allKeys.lookups,1774322063714000000,1774322123700000000,0
Indexes.allKeys.lookupDuration90PMs,1774322063714000000,1774322123700000000,0.0
Indexes.allKeys.lookupDurationMaxMs,1774322063714000000,1774322123700000000,0.0
Indexes.allKeys.lookupDurationAvgMs,1774322063714000000,1774322123700000000,0.0
Indexing.writer_2.totalTimeSpentWritingMs,1774322063714000000,1774322123700000000,0
Indexes.stubs.lookupDurationMaxMs,1774322063714000000,1774322123700000000,0.0
Indexes.entries.lookupDurationMaxMs,1774322063714000000,1774322123700000000,0.0
Indexing.cache.totalCacheAccesses,1774322063714000000,1774322123700000000,4
Indexing.writer_1.totalTimeSpentWritingMs,1774322063714000000,1774322123700000000,0
Indexes.stubs.lookupDurationAvgMs,1774322063714000000,1774322123700000000,0.0
Indexing.writesQueuedMax,1774322063714000000,1774322123700000000,0
Indexes.entries.lookupDuration90PMs,1774322063714000000,1774322123700000000,0.0
IndexesFlusher.totalFlushes,1774322063714000000,1774322123700000000,118
Indexing.writesQueuedMin,1774322063714000000,1774322123700000000,9223372036854775807
Indexes.entries.lookups,1774322063714000000,1774322123700000000,0
VFS.contentStorage.recordsReadDecompressed,1774322063714000000,1774322123700000000,0
VFS.contentStorage.recordsRead,1774322063714000000,1774322123700000000,0
VFS.contentStorage.recordsStoredCompressed,1774322063714000000,1774322123700000000,0
VFS.contentStorage.recordsDecompressionTimeUs,1774322063714000000,1774322123700000000,0
VFS.fileByIdCache.hits,1774322063714000000,1774322123700000000,0
VFS.invertedFileNameIndex.requests,1774322063714000000,1774322123700000000,2
VFS.fileChildByName,1774322063714000000,1774322123700000000,3029
FileNameCache.queries,1774322063714000000,1774322123700000000,37376
VFS.fileByIdCache.misses,1774322063714000000,1774322123700000000,0
FileNameCache.totalMisses,1774322063714000000,1774322123700000000,64
VFS.contentStorage.recordsStoredSize,1774322063714000000,1774322123700000000,0
VFS.contentStorage.recordsUncompressedSize,1774322063714000000,1774322123700000000,0
VFS.contentStorage.recordsDeduplicated,1774322063714000000,1774322123700000000,0
VFS.contentStorage.recordsReadSize,1774322063714000000,1774322123700000000,0
VFS.contentStorage.recordsStored,1774322063714000000,1774322123700000000,0
